{
  "meta": {
    "data_version": "1.1.0",
    "created": "2024-05-26",
    "revision": 1
  },
  "info": {
    "balls_per_over": 6,
    "city": "Chennai",
    "dates": [
      "2024-05-26"
    ],
    "event": {
      "name": "Indian Premier League",
      "stage": "Final"
    },
    "gender": "male",
    "match_type": "T20",
    "officials": {
      "match_referees": [
        "M Nayyar"
      ],
      "reserve_umpires": [
        "VK Sharma"
      ],
      "tv_umpires": [
        "MA Gough"
      ],
      "umpires": [
        "J Madanagopal",
        "Nitin Menon"
      ]
    },
    "outcome": {
      "winner": "Kolkata Knight Riders",
      "by": {
        "wickets": 8
      }
    },
    "overs": 20,
    "player_of_match": [
      "MA Starc"
    ],
    "players": {
      "Sunrisers Hyderabad": [
        "Abhishek Sharma",
        "TM Head",
        "RA Tripathi",
        "AK Markram",
        "Nithish Kumar Reddy",
        "H Klaasen",
        "Shahbaz Ahmed",
        "Abdul Samad",
        "PJ Cummins",
        "JD Unadkat",
        "B Kumar",
        "T Natarajan"
      ],
      "Kolkata Knight Riders": [
        "Rahmanullah Gurbaz",
        "SP Narine",
        "VR Iyer",
        "SS Iyer",
        "RK Singh",
        "AD Russell",
        "Ramandeep Singh",
        "MA Starc",
        "VG Arora",
        "Harshit Rana",
        "CV Varun"
      ]
    },
    "registry": {
      "people": {
        "AD Russell": "bbd41817",
        "AK Markram": "6a26221c",
        "Abdul Samad": "8e514b4c",
        "Abhishek Sharma": "f29185a1",
        "B Kumar": "2e81a32d",
        "CV Varun": "5b7ab5a9",
        "H Klaasen": "235c2bb6",
        "Harshit Rana": "77b1aa15",
        "J Madanagopal": "8275b04a",
        "JD Unadkat": "1e66c162",
        "M Nayyar": "b7bccddb",
        "MA Gough": "76752ac8",
        "MA Starc": "3fb19989",
        "Nithish Kumar Reddy": "aad0c365",
        "Nitin Menon": "e1d41d9e",
        "PJ Cummins": "ded9240e",
        "RA Tripathi": "77255a9e",
        "RK Singh": "0a509d6b",
        "Rahmanullah Gurbaz": "0bacade8",
        "Ramandeep Singh": "be24ead0",
        "SP Narine": "9d430b40",
        "SS Iyer": "85ec8e33",
        "Shahbaz Ahmed": "f9e6e7ef",
        "T Natarajan": "ce794613",
        "TM Head": "12b610c2",
        "VG Arora": "7c3b3b78",
        "VK Sharma": "a7a49df4",
        "VR Iyer": "a24be938"
      }
    },
    "season": "2024",
    "team_type": "club",
    "teams": [
      "Sunrisers Hyderabad",
      "Kolkata Knight Riders"
    ],
    "toss": {
      "decision": "bat",
      "winner": "Sunrisers Hyderabad"
    },
    "venue": "MA Chidambaram Stadium, Chepauk, Chennai"
  },
  "innings": [
    {
      "team": "Sunrisers Hyderabad",
      "overs": [
        {
          "over": 0,
          "deliveries": [
            {
              "batter": "Abhishek Sharma",
              "bowler": "MA Starc",
              "non_striker": "TM Head",
              "runs": {
                "batter": 0,
                "extras": 0,
                "total": 0
              }
            },
            {
              "batter": "Abhishek Sharma",
              "bowler": "MA Starc",
              "non_striker": "TM Head",
              "runs": {
                "batter": 0,
                "extras": 0,
                "total": 0
              }
            },
            {
              "batter": "Abhishek Sharma",
              "bowler": "MA Starc",
              "non_striker": "TM Head",
              "runs": {
                "batter": 0,
                "extras": 0,
                "total": 0
              }
            },
            {
              "batter": "Abhishek Sharma",
              "bowler": "MA Starc",
              "non_striker": "TM Head",
              "runs": {
                "batter": 2,
                "extras": 0,
                "total": 2
              }
            },
            {
              "batter": "Abhishek Sharma",
              "bowler": "MA Starc",
              "non_striker": "TM Head",
              "runs": {
                "batter": 0,
                "extras": 0,
                "total": 0
              },
              "wickets": [
                {
                  "player_out": "Abhishek Sharma",
                  "kind": "bowled"
                }
              ]
            },
            {
              "batter": "RA Tripathi",
              "bowler": "MA Starc",
              "non_striker": "TM Head",
              "runs": {
                "batter": 1,
                "extras": 0,
                "total": 1
              }
            }
          ]
        },
        {
          "over": 1,
          "deliveries": [
            {
              "batter": "RA Tripathi",
              "bowler": "VG Arora",
              "non_striker": "TM Head",
              "runs": {
                "batter": 0,
                "extras": 0,
                "total": 0
              }
            },
            {
              "batter": "RA Tripathi",
              "bowler": "VG Arora",
              "non_striker": "TM Head",
              "runs": {
                "batter": 0,
                "extras": 0,
                "total": 0
              }
            },
            {
              "batter": "RA Tripathi",
              "bowler": "VG Arora",
              "non_striker": "TM Head",
              "runs": {
                "batter": 0,
                "extras": 0,
                "total": 0
              }
            },
            {
              "batter": "RA Tripathi",
              "bowler": "VG Arora",
              "extras": {
                "legbyes": 2
              },
              "non_striker": "TM Head",
              "runs": {
                "batter": 0,
                "extras": 2,
                "total": 2
              }
            },
            {
              "batter": "RA Tripathi",
              "bowler": "VG Arora",
              "non_striker": "TM Head",
              "runs": {
                "batter": 1,
                "extras": 0,
                "total": 1
              }
            },
            {
              "batter": "TM Head",
              "bowler": "VG Arora",
              "non_striker": "RA Tripathi",
              "runs": {
                "batter": 0,
                "extras": 0,
                "total": 0
              },
              "wickets": [
                {
                  "player_out": "TM Head",
                  "fielders": [
                    {
                      "name": "Rahmanullah Gurbaz"
                    }
                  ],
                  "kind": "caught"
                }
              ]
            }
          ]
        },
        {
          "over": 2,
          "deliveries": [
            {
              "batter": "RA Tripathi",
              "bowler": "MA Starc",
              "non_striker": "AK Markram",
              "runs": {
                "batter": 4,
                "extras": 0,
                "total": 4
              }
            },
            {
              "batter": "RA Tripathi",
              "bowler": "MA Starc",
              "non_striker": "AK Markram",
              "runs": {
                "batter": 1,
                "extras": 0,
                "total": 1
              }
            },
            {
              "batter": "AK Markram",
              "bowler": "MA Starc",
              "non_striker": "RA Tripathi",
              "runs": {
                "batter": 0,
                "extras": 0,
                "total": 0
              }
            },
            {
              "batter": "AK Markram",
              "bowler": "MA Starc",
              "non_striker": "RA Tripathi",
              "runs": {
                "batter": 4,
                "extras": 0,
                "total": 4
              }
            },
            {
              "batter": "AK Markram",
              "bowler": "MA Starc",
              "non_striker": "RA Tripathi",
              "runs": {
                "batter": 0,
                "extras": 0,
                "total": 0
              }
            },
            {
              "batter": "AK Markram",
              "bowler": "MA Starc",
              "non_striker": "RA Tripathi",
              "runs": {
                "batter": 0,
                "extras": 0,
                "total": 0
              }
            }
          ]
        },
        {
          "over": 3,
          "deliveries": [
            {
              "batter": "RA Tripathi",
              "bowler": "VG Arora",
              "extras": {
                "wides": 1
              },
              "non_striker": "AK Markram",
              "runs": {
                "batter": 0,
                "extras": 1,
                "total": 1
              }
            },
            {
              "batter": "RA Tripathi",
              "bowler": "VG Arora",
              "extras": {
                "wides": 1
              },
              "non_striker": "AK Markram",
              "runs": {
                "batter": 0,
                "extras": 1,
                "total": 1
              }
            },
            {
              "batter": "RA Tripathi",
              "bowler": "VG Arora",
              "non_striker": "AK Markram",
              "runs": {
                "batter": 1,
                "extras": 0,
                "total": 1
              }
            },
            {
              "batter": "AK Markram",
              "bowler": "VG Arora",
              "non_striker": "RA Tripathi",
              "runs": {
                "batter": 0,
                "extras": 0,
                "total": 0
              }
            },
            {
              "batter": "AK Markram",
              "bowler": "VG Arora",
              "non_striker": "RA Tripathi",
              "runs": {
                "batter": 1,
                "extras": 0,
                "total": 1
              }
            },
            {
              "batter": "RA Tripathi",
              "bowler": "VG Arora",
              "non_striker": "AK Markram",
              "runs": {
                "batter": 0,
                "extras": 0,
                "total": 0
              }
            },
            {
              "batter": "RA Tripathi",
              "bowler": "VG Arora",
              "extras": {
                "wides": 1
              },
              "non_striker": "AK Markram",
              "runs": {
                "batter": 0,
                "extras": 1,
                "total": 1
              }
            },
            {
              "batter": "RA Tripathi",
              "bowler": "VG Arora",
              "non_striker": "AK Markram",
              "runs": {
                "batter": 1,
                "extras": 0,
                "total": 1
              }
            },
            {
              "batter": "AK Markram",
              "bowler": "VG Arora",
              "non_striker": "RA Tripathi",
              "runs": {
                "batter": 0,
                "extras": 0,
                "total": 0
              }
            }
          ]
        },
        {
          "over": 4,
          "deliveries": [
            {
              "batter": "RA Tripathi",
              "bowler": "MA Starc",
              "non_striker": "AK Markram",
              "runs": {
                "batter": 0,
                "extras": 0,
                "total": 0
              }
            },
            {
              "batter": "RA Tripathi",
              "bowler": "MA Starc",
              "non_striker": "AK Markram",
              "runs": {
                "batter": 0,
                "extras": 0,
                "total": 0
              },
              "wickets": [
                {
                  "player_out": "RA Tripathi",
                  "fielders": [
                    {
                      "name": "Ramandeep Singh"
                    }
                  ],
                  "kind": "caught"
                }
              ]
            },
            {
              "batter": "Nithish Kumar Reddy",
              "bowler": "MA Starc",
              "non_striker": "AK Markram",
              "runs": {
                "batter": 1,
                "extras": 0,
                "total": 1
              }
            },
            {
              "batter": "AK Markram",
              "bowler": "MA Starc",
              "non_striker": "Nithish Kumar Reddy",
              "runs": {
                "batter": 1,
                "extras": 0,
                "total": 1
              }
            },
            {
              "batter": "Nithish Kumar Reddy",
              "bowler": "MA Starc",
              "non_striker": "AK Markram",
              "runs": {
                "batter": 0,
                "extras": 0,
                "total": 0
              }
            },
            {
              "batter": "Nithish Kumar Reddy",
              "bowler": "MA Starc",
              "non_striker": "AK Markram",
              "runs": {
                "batter": 0,
                "extras": 0,
                "total": 0
              }
            }
          ]
        },
        {
          "over": 5,
          "deliveries": [
            {
              "batter": "AK Markram",
              "bowler": "VG Arora",
              "extras": {
                "wides": 1
              },
              "non_striker": "Nithish Kumar Reddy",
              "runs": {
                "batter": 0,
                "extras": 1,
                "total": 1
              }
            },
            {
              "batter": "AK Markram",
              "bowler": "VG Arora",
              "non_striker": "Nithish Kumar Reddy",
              "runs": {
                "batter": 4,
                "extras": 0,
                "total": 4
              }
            },
            {
              "batter": "AK Markram",
              "bowler": "VG Arora",
              "non_striker": "Nithish Kumar Reddy",
              "runs": {
                "batter": 4,
                "extras": 0,
                "total": 4
              }
            },
            {
              "batter": "AK Markram",
              "bowler": "VG Arora",
              "non_striker": "Nithish Kumar Reddy",
              "runs": {
                "batter": 1,
                "extras": 0,
                "total": 1
              }
            },
            {
              "batter": "Nithish Kumar Reddy",
              "bowler": "VG Arora",
              "non_striker": "AK Markram",
              "runs": {
                "batter": 0,
                "extras": 0,
                "total": 0
              }
            },
            {
              "batter": "Nithish Kumar Reddy",
              "bowler": "VG Arora",
              "non_striker": "AK Markram",
              "runs": {
                "batter": 6,
                "extras": 0,
                "total": 6
              }
            },
            {
              "batter": "Nithish Kumar Reddy",
              "bowler": "VG Arora",
              "non_striker": "AK Markram",
              "runs": {
                "batter": 1,
                "extras": 0,
                "total": 1
              }
            }
          ]
        },
        {
          "over": 6,
          "deliveries": [
            {
              "batter": "Nithish Kumar Reddy",
              "bowler": "Harshit Rana",
              "non_striker": "AK Markram",
              "runs": {
                "batter": 4,
                "extras": 0,
                "total": 4
              }
            },
            {
              "batter": "Nithish Kumar Reddy",
              "bowler": "Harshit Rana",
              "non_striker": "AK Markram",
              "runs": {
                "batter": 1,
                "extras": 0,
                "total": 1
              }
            },
            {
              "batter": "AK Markram",
              "bowler": "Harshit Rana",
              "extras": {
                "wides": 1
              },
              "non_striker": "Nithish Kumar Reddy",
              "runs": {
                "batter": 0,
                "extras": 1,
                "total": 1
              }
            },
            {
              "batter": "AK Markram",
              "bowler": "Harshit Rana",
              "non_striker": "Nithish Kumar Reddy",
              "runs": {
                "batter": 0,
                "extras": 0,
                "total": 0
              }
            },
            {
              "batter": "AK Markram",
              "bowler": "Harshit Rana",
              "non_striker": "Nithish Kumar Reddy",
              "runs": {
                "batter": 1,
                "extras": 0,
                "total": 1
              }
            },
            {
              "batter": "Nithish Kumar Reddy",
              "bowler": "Harshit Rana",
              "non_striker": "AK Markram",
              "runs": {
                "batter": 0,
                "extras": 0,
                "total": 0
              }
            },
            {
              "batter": "Nithish Kumar Reddy",
              "bowler": "Harshit Rana",
              "non_striker": "AK Markram",
              "runs": {
                "batter": 0,
                "extras": 0,
                "total": 0
              },
              "wickets": [
                {
                  "player_out": "Nithish Kumar Reddy",
                  "fielders": [
                    {
                      "name": "Rahmanullah Gurbaz"
                    }
                  ],
                  "kind": "caught"
                }
              ]
            }
          ]
        },
        {
          "over": 7,
          "deliveries": [
            {
              "batter": "AK Markram",
              "bowler": "SP Narine",
              "non_striker": "H Klaasen",
              "runs": {
                "batter": 0,
                "extras": 0,
                "total": 0
              }
            },
            {
              "batter": "AK Markram",
              "bowler": "SP Narine",
              "non_striker": "H Klaasen",
              "runs": {
                "batter": 1,
                "extras": 0,
                "total": 1
              }
            },
            {
              "batter": "H Klaasen",
              "bowler": "SP Narine",
              "non_striker": "AK Markram",
              "runs": {
                "batter": 1,
                "extras": 0,
                "total": 1
              }
            },
            {
              "batter": "AK Markram",
              "bowler": "SP Narine",
              "non_striker": "H Klaasen",
              "runs": {
                "batter": 0,
                "extras": 0,
                "total": 0
              }
            },
            {
              "batter": "AK Markram",
              "bowler": "SP Narine",
              "non_striker": "H Klaasen",
              "runs": {
                "batter": 1,
                "extras": 0,
                "total": 1
              }
            },
            {
              "batter": "H Klaasen",
              "bowler": "SP Narine",
              "non_striker": "AK Markram",
              "runs": {
                "batter": 1,
                "extras": 0,
                "total": 1
              }
            }
          ]
        },
        {
          "over": 8,
          "deliveries": [
            {
              "batter": "H Klaasen",
              "bowler": "Harshit Rana",
              "non_striker": "AK Markram",
              "runs": {
                "batter": 4,
                "extras": 0,
                "total": 4
              }
            },
            {
              "batter": "H Klaasen",
              "bowler": "Harshit Rana",
              "non_striker": "AK Markram",
              "runs": {
                "batter": 1,
                "extras": 0,
                "total": 1
              }
            },
            {
              "batter": "AK Markram",
              "bowler": "Harshit Rana",
              "non_striker": "H Klaasen",
              "runs": {
                "batter": 1,
                "extras": 0,
                "total": 1
              }
            },
            {
              "batter": "H Klaasen",
              "bowler": "Harshit Rana",
              "non_striker": "AK Markram",
              "runs": {
                "batter": 0,
                "extras": 0,
                "total": 0
              }
            },
            {
              "batter": "H Klaasen",
              "bowler": "Harshit Rana",
              "non_striker": "AK Markram",
              "runs": {
                "batter": 0,
                "extras": 0,
                "total": 0
              }
            },
            {
              "batter": "H Klaasen",
              "bowler": "Harshit Rana",
              "non_striker": "AK Markram",
              "runs": {
                "batter": 1,
                "extras": 0,
                "total": 1
              }
            }
          ]
        },
        {
          "over": 9,
          "deliveries": [
            {
              "batter": "H Klaasen",
              "bowler": "SP Narine",
              "non_striker": "AK Markram",
              "runs": {
                "batter": 1,
                "extras": 0,
                "total": 1
              }
            },
            {
              "batter": "AK Markram",
              "bowler": "SP Narine",
              "non_striker": "H Klaasen",
              "runs": {
                "batter": 1,
                "extras": 0,
                "total": 1
              }
            },
            {
              "batter": "H Klaasen",
              "bowler": "SP Narine",
              "non_striker": "AK Markram",
              "runs": {
                "batter": 1,
                "extras": 0,
                "total": 1
              }
            },
            {
              "batter": "AK Markram",
              "bowler": "SP Narine",
              "non_striker": "H Klaasen",
              "runs": {
                "batter": 0,
                "extras": 0,
                "total": 0
              }
            },
            {
              "batter": "AK Markram",
              "bowler": "SP Narine",
              "non_striker": "H Klaasen",
              "runs": {
                "batter": 0,
                "extras": 0,
                "total": 0
              }
            },
            {
              "batter": "AK Markram",
              "bowler": "SP Narine",
              "non_striker": "H Klaasen",
              "runs": {
                "batter": 0,
                "extras": 0,
                "total": 0
              }
            }
          ]
        },
        {
          "over": 10,
          "deliveries": [
            {
              "batter": "H Klaasen",
              "bowler": "AD Russell",
              "non_striker": "AK Markram",
              "runs": {
                "batter": 1,
                "extras": 0,
                "total": 1
              }
            },
            {
              "batter": "AK Markram",
              "bowler": "AD Russell",
              "non_striker": "H Klaasen",
              "runs": {
                "batter": 0,
                "extras": 0,
                "total": 0
              },
              "wickets": [
                {
                  "player_out": "AK Markram",
                  "fielders": [
                    {
                      "name": "MA Starc"
                    }
                  ],
                  "kind": "caught"
                }
              ]
            },
            {
              "batter": "Shahbaz Ahmed",
              "bowler": "AD Russell",
              "non_striker": "H Klaasen",
              "runs": {
                "batter": 2,
                "extras": 0,
                "total": 2
              }
            },
            {
              "batter": "Shahbaz Ahmed",
              "bowler": "AD Russell",
              "non_striker": "H Klaasen",
              "runs": {
                "batter": 0,
                "extras": 0,
                "total": 0
              }
            },
            {
              "batter": "Shahbaz Ahmed",
              "bowler": "AD Russell",
              "non_striker": "H Klaasen",
              "runs": {
                "batter": 0,
                "extras": 0,
                "total": 0
              }
            },
            {
              "batter": "Shahbaz Ahmed",
              "bowler": "AD Russell",
              "non_striker": "H Klaasen",
              "runs": {
                "batter": 6,
                "extras": 0,
                "total": 6
              }
            }
          ]
        },
        {
          "over": 11,
          "deliveries": [
            {
              "batter": "H Klaasen",
              "bowler": "CV Varun",
              "non_striker": "Shahbaz Ahmed",
              "runs": {
                "batter": 0,
                "extras": 0,
                "total": 0
              }
            },
            {
              "batter": "H Klaasen",
              "bowler": "CV Varun",
              "non_striker": "Shahbaz Ahmed",
              "runs": {
                "batter": 1,
                "extras": 0,
                "total": 1
              }
            },
            {
              "batter": "Shahbaz Ahmed",
              "bowler": "CV Varun",
              "non_striker": "H Klaasen",
              "runs": {
                "batter": 0,
                "extras": 0,
                "total": 0
              }
            },
            {
              "batter": "Shahbaz Ahmed",
              "bowler": "CV Varun",
              "non_striker": "H Klaasen",
              "runs": {
                "batter": 0,
                "extras": 0,
                "total": 0
              }
            },
            {
              "batter": "Shahbaz Ahmed",
              "bowler": "CV Varun",
              "non_striker": "H Klaasen",
              "runs": {
                "batter": 0,
                "extras": 0,
                "total": 0
              },
              "wickets": [
                {
                  "player_out": "Shahbaz Ahmed",
                  "fielders": [
                    {
                      "name": "SP Narine"
                    }
                  ],
                  "kind": "caught"
                }
              ]
            },
            {
              "batter": "Abdul Samad",
              "bowler": "CV Varun",
              "non_striker": "H Klaasen",
              "replacements": {
                "match": [
                  {
                    "in": "Abdul Samad",
                    "out": "TM Head",
                    "team": "Sunrisers Hyderabad",
                    "reason": "impact_player"
                  }
                ]
              },
              "runs": {
                "batter": 1,
                "extras": 0,
                "total": 1
              }
            }
          ]
        },
        {
          "over": 12,
          "deliveries": [
            {
              "batter": "Abdul Samad",
              "bowler": "AD Russell",
              "non_striker": "H Klaasen",
              "runs": {
                "batter": 2,
                "extras": 0,
                "total": 2
              }
            },
            {
              "batter": "Abdul Samad",
              "bowler": "AD Russell",
              "non_striker": "H Klaasen",
              "runs": {
                "batter": 1,
                "extras": 0,
                "total": 1
              }
            },
            {
              "batter": "H Klaasen",
              "bowler": "AD Russell",
              "non_striker": "Abdul Samad",
              "runs": {
                "batter": 1,
                "extras": 0,
                "total": 1
              }
            },
            {
              "batter": "Abdul Samad",
              "bowler": "AD Russell",
              "extras": {
                "wides": 1
              },
              "non_striker": "H Klaasen",
              "runs": {
                "batter": 0,
                "extras": 1,
                "total": 1
              }
            },
            {
              "batter": "Abdul Samad",
              "bowler": "AD Russell",
              "non_striker": "H Klaasen",
              "runs": {
                "batter": 0,
                "extras": 0,
                "total": 0
              },
              "wickets": [
                {
                  "player_out": "Abdul Samad",
                  "fielders": [
                    {
                      "name": "Rahmanullah Gurbaz"
                    }
                  ],
                  "kind": "caught"
                }
              ]
            },
            {
              "batter": "PJ Cummins",
              "bowler": "AD Russell",
              "non_striker": "H Klaasen",
              "runs": {
                "batter": 4,
                "extras": 0,
                "total": 4
              }
            },
            {
              "batter": "PJ Cummins",
              "bowler": "AD Russell",
              "non_striker": "H Klaasen",
              "runs": {
                "batter": 1,
                "extras": 0,
                "total": 1
              }
            }
          ]
        },
        {
          "over": 13,
          "deliveries": [
            {
              "batter": "PJ Cummins",
              "bowler": "CV Varun",
              "non_striker": "H Klaasen",
              "runs": {
                "batter": 4,
                "extras": 0,
                "total": 4
              }
            },
            {
              "batter": "PJ Cummins",
              "bowler": "CV Varun",
              "extras": {
                "byes": 1
              },
              "non_striker": "H Klaasen",
              "runs": {
                "batter": 0,
                "extras": 1,
                "total": 1
              }
            },
            {
              "batter": "H Klaasen",
              "bowler": "CV Varun",
              "non_striker": "PJ Cummins",
              "runs": {
                "batter": 0,
                "extras": 0,
                "total": 0
              }
            },
            {
              "batter": "H Klaasen",
              "bowler": "CV Varun",
              "non_striker": "PJ Cummins",
              "runs": {
                "batter": 2,
                "extras": 0,
                "total": 2
              }
            },
            {
              "batter": "H Klaasen",
              "bowler": "CV Varun",
              "non_striker": "PJ Cummins",
              "runs": {
                "batter": 1,
                "extras": 0,
                "total": 1
              }
            },
            {
              "batter": "PJ Cummins",
              "bowler": "CV Varun",
              "non_striker": "H Klaasen",
              "runs": {
                "batter": 0,
                "extras": 0,
                "total": 0
              }
            }
          ]
        },
        {
          "over": 14,
          "deliveries": [
            {
              "batter": "H Klaasen",
              "bowler": "Harshit Rana",
              "non_striker": "PJ Cummins",
              "runs": {
                "batter": 0,
                "extras": 0,
                "total": 0
              },
              "wickets": [
                {
                  "player_out": "H Klaasen",
                  "kind": "bowled"
                }
              ]
            },
            {
              "batter": "JD Unadkat",
              "bowler": "Harshit Rana",
              "non_striker": "PJ Cummins",
              "runs": {
                "batter": 0,
                "extras": 0,
                "total": 0
              }
            },
            {
              "batter": "JD Unadkat",
              "bowler": "Harshit Rana",
              "non_striker": "PJ Cummins",
              "review": {
                "by": "Kolkata Knight Riders",
                "umpire": "J Madanagopal",
                "batter": "JD Unadkat",
                "decision": "struck down",
                "type": "wicket"
              },
              "runs": {
                "batter": 0,
                "extras": 0,
                "total": 0
              }
            },
            {
              "batter": "JD Unadkat",
              "bowler": "Harshit Rana",
              "non_striker": "PJ Cummins",
              "runs": {
                "batter": 0,
                "extras": 0,
                "total": 0
              }
            },
            {
              "batter": "JD Unadkat",
              "bowler": "Harshit Rana",
              "non_striker": "PJ Cummins",
              "runs": {
                "batter": 0,
                "extras": 0,
                "total": 0
              }
            },
            {
              "batter": "JD Unadkat",
              "bowler": "Harshit Rana",
              "non_striker": "PJ Cummins",
              "runs": {
                "batter": 0,
                "extras": 0,
                "total": 0
              }
            }
          ]
        },
        {
          "over": 15,
          "deliveries": [
            {
              "batter": "PJ Cummins",
              "bowler": "SP Narine",
              "extras": {
                "byes": 4
              },
              "non_striker": "JD Unadkat",
              "runs": {
                "batter": 0,
                "extras": 4,
                "total": 4
              }
            },
            {
              "batter": "PJ Cummins",
              "bowler": "SP Narine",
              "non_striker": "JD Unadkat",
              "runs": {
                "batter": 1,
                "extras": 0,
                "total": 1
              }
            },
            {
              "batter": "JD Unadkat",
              "bowler": "SP Narine",
              "non_striker": "PJ Cummins",
              "runs": {
                "batter": 0,
                "extras": 0,
                "total": 0
              }
            },
            {
              "batter": "JD Unadkat",
              "bowler": "SP Narine",
              "non_striker": "PJ Cummins",
              "runs": {
                "batter": 1,
                "extras": 0,
                "total": 1
              }
            },
            {
              "batter": "PJ Cummins",
              "bowler": "SP Narine",
              "non_striker": "JD Unadkat",
              "runs": {
                "batter": 1,
                "extras": 0,
                "total": 1
              }
            },
            {
              "batter": "JD Unadkat",
              "bowler": "SP Narine",
              "non_striker": "PJ Cummins",
              "runs": {
                "batter": 1,
                "extras": 0,
                "total": 1
              }
            }
          ]
        },
        {
          "over": 16,
          "deliveries": [
            {
              "batter": "JD Unadkat",
              "bowler": "Harshit Rana",
              "non_striker": "PJ Cummins",
              "runs": {
                "batter": 1,
                "extras": 0,
                "total": 1
              }
            },
            {
              "batter": "PJ Cummins",
              "bowler": "Harshit Rana",
              "non_striker": "JD Unadkat",
              "runs": {
                "batter": 0,
                "extras": 0,
                "total": 0
              }
            },
            {
              "batter": "PJ Cummins",
              "bowler": "Harshit Rana",
              "non_striker": "JD Unadkat",
              "runs": {
                "batter": 0,
                "extras": 0,
                "total": 0
              }
            },
            {
              "batter": "PJ Cummins",
              "bowler": "Harshit Rana",
              "non_striker": "JD Unadkat",
              "runs": {
                "batter": 2,
                "extras": 0,
                "total": 2
              }
            },
            {
              "batter": "PJ Cummins",
              "bowler": "Harshit Rana",
              "non_striker": "JD Unadkat",
              "runs": {
                "batter": 6,
                "extras": 0,
                "total": 6
              }
            },
            {
              "batter": "PJ Cummins",
              "bowler": "Harshit Rana",
              "non_striker": "JD Unadkat",
              "runs": {
                "batter": 1,
                "extras": 0,
                "total": 1
              }
            }
          ]
        },
        {
          "over": 17,
          "deliveries": [
            {
              "batter": "PJ Cummins",
              "bowler": "SP Narine",
              "non_striker": "JD Unadkat",
              "runs": {
                "batter": 1,
                "extras": 0,
                "total": 1
              }
            },
            {
              "batter": "JD Unadkat",
              "bowler": "SP Narine",
              "non_striker": "PJ Cummins",
              "runs": {
                "batter": 1,
                "extras": 0,
                "total": 1
              }
            },
            {
              "batter": "PJ Cummins",
              "bowler": "SP Narine",
              "non_striker": "JD Unadkat",
              "runs": {
                "batter": 2,
                "extras": 0,
                "total": 2
              }
            },
            {
              "batter": "PJ Cummins",
              "bowler": "SP Narine",
              "non_striker": "JD Unadkat",
              "runs": {
                "batter": 1,
                "extras": 0,
                "total": 1
              }
            },
            {
              "batter": "JD Unadkat",
              "bowler": "SP Narine",
              "non_striker": "PJ Cummins",
              "review": {
                "by": "Kolkata Knight Riders",
                "umpire": "Nitin Menon",
                "batter": "JD Unadkat",
                "decision": "upheld",
                "type": "wicket"
              },
              "runs": {
                "batter": 0,
                "extras": 0,
                "total": 0
              },
              "wickets": [
                {
                  "player_out": "JD Unadkat",
                  "kind": "lbw"
                }
              ]
            },
            {
              "batter": "B Kumar",
              "bowler": "SP Narine",
              "non_striker": "PJ Cummins",
              "runs": {
                "batter": 0,
                "extras": 0,
                "total": 0
              }
            }
          ]
        },
        {
          "over": 18,
          "deliveries": [
            {
              "batter": "PJ Cummins",
              "bowler": "AD Russell",
              "non_striker": "B Kumar",
              "runs": {
                "batter": 0,
                "extras": 0,
                "total": 0
              }
            },
            {
              "batter": "PJ Cummins",
              "bowler": "AD Russell",
              "non_striker": "B Kumar",
              "runs": {
                "batter": 0,
                "extras": 0,
                "total": 0
              }
            },
            {
              "batter": "PJ Cummins",
              "bowler": "AD Russell",
              "non_striker": "B Kumar",
              "runs": {
                "batter": 0,
                "extras": 0,
                "total": 0
              },
              "wickets": [
                {
                  "player_out": "PJ Cummins",
                  "fielders": [
                    {
                      "name": "MA Starc"
                    }
                  ],
                  "kind": "caught"
                }
              ]
            }
          ]
        }
      ],
      "powerplays": [
        {
          "from": 0.1,
          "to": 5.7,
          "type": "mandatory"
        }
      ]
    },
    {
      "team": "Kolkata Knight Riders",
      "overs": [
        {
          "over": 0,
          "deliveries": [
            {
              "batter": "Rahmanullah Gurbaz",
              "bowler": "B Kumar",
              "non_striker": "SP Narine",
              "runs": {
                "batter": 0,
                "extras": 0,
                "total": 0
              }
            },
            {
              "batter": "Rahmanullah Gurbaz",
              "bowler": "B Kumar",
              "non_striker": "SP Narine",
              "runs": {
                "batter": 4,
                "extras": 0,
                "total": 4
              }
            },
            {
              "batter": "Rahmanullah Gurbaz",
              "bowler": "B Kumar",
              "non_striker": "SP Narine",
              "runs": {
                "batter": 0,
                "extras": 0,
                "total": 0
              }
            },
            {
              "batter": "Rahmanullah Gurbaz",
              "bowler": "B Kumar",
              "extras": {
                "wides": 1
              },
              "non_striker": "SP Narine",
              "runs": {
                "batter": 0,
                "extras": 1,
                "total": 1
              }
            },
            {
              "batter": "Rahmanullah Gurbaz",
              "bowler": "B Kumar",
              "non_striker": "SP Narine",
              "runs": {
                "batter": 0,
                "extras": 0,
                "total": 0
              }
            },
            {
              "batter": "Rahmanullah Gurbaz",
              "bowler": "B Kumar",
              "non_striker": "SP Narine",
              "runs": {
                "batter": 0,
                "extras": 0,
                "total": 0
              }
            },
            {
              "batter": "Rahmanullah Gurbaz",
              "bowler": "B Kumar",
              "non_striker": "SP Narine",
              "runs": {
                "batter": 0,
                "extras": 0,
                "total": 0
              }
            }
          ]
        },
        {
          "over": 1,
          "deliveries": [
            {
              "batter": "SP Narine",
              "bowler": "PJ Cummins",
              "non_striker": "Rahmanullah Gurbaz",
              "runs": {
                "batter": 6,
                "extras": 0,
                "total": 6
              }
            },
            {
              "batter": "SP Narine",
              "bowler": "PJ Cummins",
              "non_striker": "Rahmanullah Gurbaz",
              "runs": {
                "batter": 0,
                "extras": 0,
                "total": 0
              },
              "wickets": [
                {
                  "player_out": "SP Narine",
                  "fielders": [
                    {
                      "name": "Shahbaz Ahmed"
                    }
                  ],
                  "kind": "caught"
                }
              ]
            },
            {
              "batter": "VR Iyer",
              "bowler": "PJ Cummins",
              "extras": {
                "wides": 2
              },
              "non_striker": "Rahmanullah Gurbaz",
              "runs": {
                "batter": 0,
                "extras": 2,
                "total": 2
              }
            },
            {
              "batter": "Rahmanullah Gurbaz",
              "bowler": "PJ Cummins",
              "non_striker": "VR Iyer",
              "runs": {
                "batter": 0,
                "extras": 0,
                "total": 0
              }
            },
            {
              "batter": "Rahmanullah Gurbaz",
              "bowler": "PJ Cummins",
              "non_striker": "VR Iyer",
              "runs": {
                "batter": 0,
                "extras": 0,
                "total": 0
              }
            },
            {
              "batter": "Rahmanullah Gurbaz",
              "bowler": "PJ Cummins",
              "non_striker": "VR Iyer",
              "runs": {
                "batter": 4,
                "extras": 0,
                "total": 4
              }
            },
            {
              "batter": "Rahmanullah Gurbaz",
              "bowler": "PJ Cummins",
              "non_striker": "VR Iyer",
              "runs": {
                "batter": 0,
                "extras": 0,
                "total": 0
              }
            }
          ]
        },
        {
          "over": 2,
          "deliveries": [
            {
              "batter": "VR Iyer",
              "bowler": "B Kumar",
              "non_striker": "Rahmanullah Gurbaz",
              "runs": {
                "batter": 4,
                "extras": 0,
                "total": 4
              }
            },
            {
              "batter": "VR Iyer",
              "bowler": "B Kumar",
              "non_striker": "Rahmanullah Gurbaz",
              "runs": {
                "batter": 6,
                "extras": 0,
                "total": 6
              }
            },
            {
              "batter": "VR Iyer",
              "bowler": "B Kumar",
              "non_striker": "Rahmanullah Gurbaz",
              "runs": {
                "batter": 6,
                "extras": 0,
                "total": 6
              }
            },
            {
              "batter": "VR Iyer",
              "bowler": "B Kumar",
              "non_striker": "Rahmanullah Gurbaz",
              "runs": {
                "batter": 1,
                "extras": 0,
                "total": 1
              }
            },
            {
              "batter": "Rahmanullah Gurbaz",
              "bowler": "B Kumar",
              "non_striker": "VR Iyer",
              "runs": {
                "batter": 1,
                "extras": 0,
                "total": 1
              }
            },
            {
              "batter": "VR Iyer",
              "bowler": "B Kumar",
              "non_striker": "Rahmanullah Gurbaz",
              "runs": {
                "batter": 2,
                "extras": 0,
                "total": 2
              }
            }
          ]
        },
        {
          "over": 3,
          "deliveries": [
            {
              "batter": "Rahmanullah Gurbaz",
              "bowler": "T Natarajan",
              "extras": {
                "wides": 1
              },
              "non_striker": "VR Iyer",
              "runs": {
                "batter": 0,
                "extras": 1,
                "total": 1
              }
            },
            {
              "batter": "Rahmanullah Gurbaz",
              "bowler": "T Natarajan",
              "non_striker": "VR Iyer",
              "runs": {
                "batter": 4,
                "extras": 0,
                "total": 4
              }
            },
            {
              "batter": "Rahmanullah Gurbaz",
              "bowler": "T Natarajan",
              "non_striker": "VR Iyer",
              "runs": {
                "batter": 0,
                "extras": 0,
                "total": 0
              }
            },
            {
              "batter": "Rahmanullah Gurbaz",
              "bowler": "T Natarajan",
              "extras": {
                "wides": 1
              },
              "non_striker": "VR Iyer",
              "runs": {
                "batter": 0,
                "extras": 1,
                "total": 1
              }
            },
            {
              "batter": "Rahmanullah Gurbaz",
              "bowler": "T Natarajan",
              "non_striker": "VR Iyer",
              "runs": {
                "batter": 0,
                "extras": 0,
                "total": 0
              }
            },
            {
              "batter": "Rahmanullah Gurbaz",
              "bowler": "T Natarajan",
              "non_striker": "VR Iyer",
              "runs": {
                "batter": 1,
                "extras": 0,
                "total": 1
              }
            },
            {
              "batter": "VR Iyer",
              "bowler": "T Natarajan",
              "non_striker": "Rahmanullah Gurbaz",
              "runs": {
                "batter": 1,
                "extras": 0,
                "total": 1
              }
            },
            {
              "batter": "Rahmanullah Gurbaz",
              "bowler": "T Natarajan",
              "non_striker": "VR Iyer",
              "runs": {
                "batter": 1,
                "extras": 0,
                "total": 1
              }
            }
          ]
        },
        {
          "over": 4,
          "deliveries": [
            {
              "batter": "Rahmanullah Gurbaz",
              "bowler": "PJ Cummins",
              "non_striker": "VR Iyer",
              "runs": {
                "batter": 4,
                "extras": 0,
                "total": 4
              }
            },
            {
              "batter": "Rahmanullah Gurbaz",
              "bowler": "PJ Cummins",
              "non_striker": "VR Iyer",
              "runs": {
                "batter": 1,
                "extras": 0,
                "total": 1
              }
            },
            {
              "batter": "VR Iyer",
              "bowler": "PJ Cummins",
              "non_striker": "Rahmanullah Gurbaz",
              "runs": {
                "batter": 1,
                "extras": 0,
                "total": 1
              }
            },
            {
              "batter": "Rahmanullah Gurbaz",
              "bowler": "PJ Cummins",
              "non_striker": "VR Iyer",
              "runs": {
                "batter": 0,
                "extras": 0,
                "total": 0
              }
            },
            {
              "batter": "Rahmanullah Gurbaz",
              "bowler": "PJ Cummins",
              "non_striker": "VR Iyer",
              "runs": {
                "batter": 0,
                "extras": 0,
                "total": 0
              }
            },
            {
              "batter": "Rahmanullah Gurbaz",
              "bowler": "PJ Cummins",
              "non_striker": "VR Iyer",
              "runs": {
                "batter": 0,
                "extras": 0,
                "total": 0
              }
            }
          ]
        },
        {
          "over": 5,
          "deliveries": [
            {
              "batter": "VR Iyer",
              "bowler": "T Natarajan",
              "non_striker": "Rahmanullah Gurbaz",
              "runs": {
                "batter": 4,
                "extras": 0,
                "total": 4
              }
            },
            {
              "batter": "VR Iyer",
              "bowler": "T Natarajan",
              "non_striker": "Rahmanullah Gurbaz",
              "runs": {
                "batter": 4,
                "extras": 0,
                "total": 4
              }
            },
            {
              "batter": "VR Iyer",
              "bowler": "T Natarajan",
              "non_striker": "Rahmanullah Gurbaz",
              "runs": {
                "batter": 6,
                "extras": 0,
                "total": 6
              }
            },
            {
              "batter": "VR Iyer",
              "bowler": "T Natarajan",
              "non_striker": "Rahmanullah Gurbaz",
              "runs": {
                "batter": 4,
                "extras": 0,
                "total": 4
              }
            },
            {
              "batter": "VR Iyer",
              "bowler": "T Natarajan",
              "non_striker": "Rahmanullah Gurbaz",
              "runs": {
                "batter": 1,
                "extras": 0,
                "total": 1
              }
            },
            {
              "batter": "Rahmanullah Gurbaz",
              "bowler": "T Natarajan",
              "non_striker": "VR Iyer",
              "runs": {
                "batter": 1,
                "extras": 0,
                "total": 1
              }
            }
          ]
        },
        {
          "over": 6,
          "deliveries": [
            {
              "batter": "Rahmanullah Gurbaz",
              "bowler": "Shahbaz Ahmed",
              "non_striker": "VR Iyer",
              "runs": {
                "batter": 0,
                "extras": 0,
                "total": 0
              }
            },
            {
              "batter": "Rahmanullah Gurbaz",
              "bowler": "Shahbaz Ahmed",
              "extras": {
                "byes": 4
              },
              "non_striker": "VR Iyer",
              "runs": {
                "batter": 0,
                "extras": 4,
                "total": 4
              }
            },
            {
              "batter": "Rahmanullah Gurbaz",
              "bowler": "Shahbaz Ahmed",
              "non_striker": "VR Iyer",
              "runs": {
                "batter": 6,
                "extras": 0,
                "total": 6
              }
            },
            {
              "batter": "Rahmanullah Gurbaz",
              "bowler": "Shahbaz Ahmed",
              "non_striker": "VR Iyer",
              "runs": {
                "batter": 1,
                "extras": 0,
                "total": 1
              }
            },
            {
              "batter": "VR Iyer",
              "bowler": "Shahbaz Ahmed",
              "extras": {
                "legbyes": 1
              },
              "non_striker": "Rahmanullah Gurbaz",
              "runs": {
                "batter": 0,
                "extras": 1,
                "total": 1
              }
            },
            {
              "batter": "Rahmanullah Gurbaz",
              "bowler": "Shahbaz Ahmed",
              "non_striker": "VR Iyer",
              "runs": {
                "batter": 0,
                "extras": 0,
                "total": 0
              }
            }
          ]
        },
        {
          "over": 7,
          "deliveries": [
            {
              "batter": "VR Iyer",
              "bowler": "JD Unadkat",
              "non_striker": "Rahmanullah Gurbaz",
              "runs": {
                "batter": 1,
                "extras": 0,
                "total": 1
              }
            },
            {
              "batter": "Rahmanullah Gurbaz",
              "bowler": "JD Unadkat",
              "non_striker": "VR Iyer",
              "runs": {
                "batter": 1,
                "extras": 0,
                "total": 1
              }
            },
            {
              "batter": "VR Iyer",
              "bowler": "JD Unadkat",
              "non_striker": "Rahmanullah Gurbaz",
              "runs": {
                "batter": 0,
                "extras": 0,
                "total": 0
              }
            },
            {
              "batter": "VR Iyer",
              "bowler": "JD Unadkat",
              "non_striker": "Rahmanullah Gurbaz",
              "runs": {
                "batter": 2,
                "extras": 0,
                "total": 2
              }
            },
            {
              "batter": "VR Iyer",
              "bowler": "JD Unadkat",
              "non_striker": "Rahmanullah Gurbaz",
              "runs": {
                "batter": 1,
                "extras": 0,
                "total": 1
              }
            },
            {
              "batter": "Rahmanullah Gurbaz",
              "bowler": "JD Unadkat",
              "non_striker": "VR Iyer",
              "runs": {
                "batter": 4,
                "extras": 0,
                "total": 4
              }
            }
          ]
        },
        {
          "over": 8,
          "deliveries": [
            {
              "batter": "VR Iyer",
              "bowler": "Shahbaz Ahmed",
              "non_striker": "Rahmanullah Gurbaz",
              "runs": {
                "batter": 2,
                "extras": 0,
                "total": 2
              }
            },
            {
              "batter": "VR Iyer",
              "bowler": "Shahbaz Ahmed",
              "extras": {
                "legbyes": 1
              },
              "non_striker": "Rahmanullah Gurbaz",
              "runs": {
                "batter": 0,
                "extras": 1,
                "total": 1
              }
            },
            {
              "batter": "Rahmanullah Gurbaz",
              "bowler": "Shahbaz Ahmed",
              "non_striker": "VR Iyer",
              "runs": {
                "batter": 0,
                "extras": 0,
                "total": 0
              }
            },
            {
              "batter": "Rahmanullah Gurbaz",
              "bowler": "Shahbaz Ahmed",
              "non_striker": "VR Iyer",
              "runs": {
                "batter": 6,
                "extras": 0,
                "total": 6
              }
            },
            {
              "batter": "Rahmanullah Gurbaz",
              "bowler": "Shahbaz Ahmed",
              "non_striker": "VR Iyer",
              "review": {
                "by": "Kolkata Knight Riders",
                "umpire": "J Madanagopal",
                "batter": "Rahmanullah Gurbaz",
                "decision": "struck down",
                "type": "wicket",
                "umpires_call": true
              },
              "runs": {
                "batter": 0,
                "extras": 0,
                "total": 0
              },
              "wickets": [
                {
                  "player_out": "Rahmanullah Gurbaz",
                  "kind": "lbw"
                }
              ]
            },
            {
              "batter": "SS Iyer",
              "bowler": "Shahbaz Ahmed",
              "non_striker": "VR Iyer",
              "runs": {
                "batter": 4,
                "extras": 0,
                "total": 4
              }
            }
          ]
        },
        {
          "over": 9,
          "deliveries": [
            {
              "batter": "VR Iyer",
              "bowler": "AK Markram",
              "non_striker": "SS Iyer",
              "runs": {
                "batter": 2,
                "extras": 0,
                "total": 2
              }
            },
            {
              "batter": "VR Iyer",
              "bowler": "AK Markram",
              "non_striker": "SS Iyer",
              "runs": {
                "batter": 0,
                "extras": 0,
                "total": 0
              }
            },
            {
              "batter": "VR Iyer",
              "bowler": "AK Markram",
              "non_striker": "SS Iyer",
              "runs": {
                "batter": 0,
                "extras": 0,
                "total": 0
              }
            },
            {
              "batter": "VR Iyer",
              "bowler": "AK Markram",
              "non_striker": "SS Iyer",
              "runs": {
                "batter": 1,
                "extras": 0,
                "total": 1
              }
            },
            {
              "batter": "SS Iyer",
              "bowler": "AK Markram",
              "non_striker": "VR Iyer",
              "runs": {
                "batter": 1,
                "extras": 0,
                "total": 1
              }
            },
            {
              "batter": "VR Iyer",
              "bowler": "AK Markram",
              "non_striker": "SS Iyer",
              "runs": {
                "batter": 1,
                "extras": 0,
                "total": 1
              }
            }
          ]
        },
        {
          "over": 10,
          "deliveries": [
            {
              "batter": "VR Iyer",
              "bowler": "Shahbaz Ahmed",
              "non_striker": "SS Iyer",
              "runs": {
                "batter": 1,
                "extras": 0,
                "total": 1
              }
            },
            {
              "batter": "SS Iyer",
              "bowler": "Shahbaz Ahmed",
              "non_striker": "VR Iyer",
              "runs": {
                "batter": 1,
                "extras": 0,
                "total": 1
              }
            },
            {
              "batter": "VR Iyer",
              "bowler": "Shahbaz Ahmed",
              "non_striker": "SS Iyer",
              "runs": {
                "batter": 1,
                "extras": 0,
                "total": 1
              }
            }
          ]
        }
      ],
      "powerplays": [
        {
          "from": 0.1,
          "to": 5.6,
          "type": "mandatory"
        }
      ],
      "target": {
        "overs": 20,
        "runs": 114
      }
    }
  ]
}