{
  "meta": {
    "data_version": "1.1.0",
    "created": "2024-05-15",
    "revision": 1
  },
  "info": {
    "balls_per_over": 6,
    "city": "Chennai",
    "dates": [
      "2024-05-12"
    ],
    "event": {
      "name": "Indian Premier League",
      "match_number": 61
    },
    "gender": "male",
    "match_type": "T20",
    "officials": {
      "match_referees": [
        "Shakti Singh"
      ],
      "reserve_umpires": [
        "R Rajesh Kannan"
      ],
      "tv_umpires": [
        "AK Chaudhary"
      ],
      "umpires": [
        "R Pandit",
        "YC Barde"
      ]
    },
    "outcome": {
      "winner": "Chennai Super Kings",
      "by": {
        "wickets": 5
      }
    },
    "overs": 20,
    "player_of_match": [
      "Simarjeet Singh"
    ],
    "players": {
      "Rajasthan Royals": [
        "N Burger",
        "YBK Jaiswal",
        "JC Buttler",
        "SV Samson",
        "R Parag",
        "Dhruv Jurel",
        "SB Dubey",
        "R Ashwin",
        "TA Boult",
        "Avesh Khan",
        "Sandeep Sharma",
        "YS Chahal"
      ],
      "Chennai Super Kings": [
        "R Ravindra",
        "RD Gaikwad",
        "DJ Mitchell",
        "MM Ali",
        "S Dube",
        "RA Jadeja",
        "Sameer Rizvi",
        "MS Dhoni",
        "SN Thakur",
        "TU Deshpande",
        "Simarjeet Singh",
        "M Theekshana"
      ]
    },
    "registry": {
      "people": {
        "AK Chaudhary": "fdcc6236",
        "Avesh Khan": "eef2536f",
        "DJ Mitchell": "eade4650",
        "Dhruv Jurel": "bcf325d2",
        "JC Buttler": "99b75528",
        "M Theekshana": "f24c6701",
        "MM Ali": "bb351c23",
        "MS Dhoni": "4a8a2e3b",
        "N Burger": "465aa633",
        "R Ashwin": "495d42a5",
        "R Pandit": "8a604384",
        "R Parag": "04a418e8",
        "R Rajesh Kannan": "c9062c3e",
        "R Ravindra": "ba5e1069",
        "RA Jadeja": "fe93fd9d",
        "RD Gaikwad": "45a43fe2",
        "S Dube": "a4e37e47",
        "SB Dubey": "6b2ff18f",
        "SN Thakur": "1abb78f8",
        "SV Samson": "a4cc73aa",
        "Sameer Rizvi": "f89d3b11",
        "Sandeep Sharma": "ce820073",
        "Shakti Singh": "eb90d319",
        "Simarjeet Singh": "30df8c66",
        "TA Boult": "a818c1be",
        "TU Deshpande": "46a9bea1",
        "YBK Jaiswal": "6c19c6e5",
        "YC Barde": "b90f3346",
        "YS Chahal": "57ee1fde"
      }
    },
    "season": "2024",
    "team_type": "club",
    "teams": [
      "Rajasthan Royals",
      "Chennai Super Kings"
    ],
    "toss": {
      "decision": "bat",
      "winner": "Rajasthan Royals"
    },
    "venue": "MA Chidambaram Stadium, Chepauk, Chennai"
  },
  "innings": [
    {
      "team": "Rajasthan Royals",
      "overs": [
        {
          "over": 0,
          "deliveries": [
            {
              "batter": "YBK Jaiswal",
              "bowler": "TU Deshpande",
              "non_striker": "JC Buttler",
              "runs": {
                "batter": 0,
                "extras": 0,
                "total": 0
              }
            },
            {
              "batter": "YBK Jaiswal",
              "bowler": "TU Deshpande",
              "non_striker": "JC Buttler",
              "runs": {
                "batter": 0,
                "extras": 0,
                "total": 0
              }
            },
            {
              "batter": "YBK Jaiswal",
              "bowler": "TU Deshpande",
              "non_striker": "JC Buttler",
              "runs": {
                "batter": 1,
                "extras": 0,
                "total": 1
              }
            },
            {
              "batter": "JC Buttler",
              "bowler": "TU Deshpande",
              "non_striker": "YBK Jaiswal",
              "runs": {
                "batter": 0,
                "extras": 0,
                "total": 0
              }
            },
            {
              "batter": "JC Buttler",
              "bowler": "TU Deshpande",
              "non_striker": "YBK Jaiswal",
              "runs": {
                "batter": 2,
                "extras": 0,
                "total": 2
              }
            },
            {
              "batter": "JC Buttler",
              "bowler": "TU Deshpande",
              "non_striker": "YBK Jaiswal",
              "runs": {
                "batter": 0,
                "extras": 0,
                "total": 0
              }
            }
          ]
        },
        {
          "over": 1,
          "deliveries": [
            {
              "batter": "YBK Jaiswal",
              "bowler": "M Theekshana",
              "non_striker": "JC Buttler",
              "runs": {
                "batter": 0,
                "extras": 0,
                "total": 0
              }
            },
            {
              "batter": "YBK Jaiswal",
              "bowler": "M Theekshana",
              "non_striker": "JC Buttler",
              "runs": {
                "batter": 1,
                "extras": 0,
                "total": 1
              }
            },
            {
              "batter": "JC Buttler",
              "bowler": "M Theekshana",
              "non_striker": "YBK Jaiswal",
              "runs": {
                "batter": 1,
                "extras": 0,
                "total": 1
              }
            },
            {
              "batter": "YBK Jaiswal",
              "bowler": "M Theekshana",
              "non_striker": "JC Buttler",
              "runs": {
                "batter": 0,
                "extras": 0,
                "total": 0
              }
            },
            {
              "batter": "YBK Jaiswal",
              "bowler": "M Theekshana",
              "non_striker": "JC Buttler",
              "runs": {
                "batter": 1,
                "extras": 0,
                "total": 1
              }
            },
            {
              "batter": "JC Buttler",
              "bowler": "M Theekshana",
              "non_striker": "YBK Jaiswal",
              "runs": {
                "batter": 1,
                "extras": 0,
                "total": 1
              }
            }
          ]
        },
        {
          "over": 2,
          "deliveries": [
            {
              "batter": "JC Buttler",
              "bowler": "TU Deshpande",
              "non_striker": "YBK Jaiswal",
              "runs": {
                "batter": 0,
                "extras": 0,
                "total": 0
              }
            },
            {
              "batter": "JC Buttler",
              "bowler": "TU Deshpande",
              "non_striker": "YBK Jaiswal",
              "runs": {
                "batter": 0,
                "extras": 0,
                "total": 0
              }
            },
            {
              "batter": "JC Buttler",
              "bowler": "TU Deshpande",
              "non_striker": "YBK Jaiswal",
              "runs": {
                "batter": 0,
                "extras": 0,
                "total": 0
              }
            },
            {
              "batter": "JC Buttler",
              "bowler": "TU Deshpande",
              "non_striker": "YBK Jaiswal",
              "runs": {
                "batter": 4,
                "extras": 0,
                "total": 4
              }
            },
            {
              "batter": "JC Buttler",
              "bowler": "TU Deshpande",
              "non_striker": "YBK Jaiswal",
              "runs": {
                "batter": 2,
                "extras": 0,
                "total": 2
              }
            },
            {
              "batter": "JC Buttler",
              "bowler": "TU Deshpande",
              "non_striker": "YBK Jaiswal",
              "runs": {
                "batter": 1,
                "extras": 0,
                "total": 1
              }
            }
          ]
        },
        {
          "over": 3,
          "deliveries": [
            {
              "batter": "JC Buttler",
              "bowler": "M Theekshana",
              "non_striker": "YBK Jaiswal",
              "runs": {
                "batter": 1,
                "extras": 0,
                "total": 1
              }
            },
            {
              "batter": "YBK Jaiswal",
              "bowler": "M Theekshana",
              "non_striker": "JC Buttler",
              "runs": {
                "batter": 0,
                "extras": 0,
                "total": 0
              }
            },
            {
              "batter": "YBK Jaiswal",
              "bowler": "M Theekshana",
              "non_striker": "JC Buttler",
              "runs": {
                "batter": 6,
                "extras": 0,
                "total": 6
              }
            },
            {
              "batter": "YBK Jaiswal",
              "bowler": "M Theekshana",
              "non_striker": "JC Buttler",
              "runs": {
                "batter": 0,
                "extras": 0,
                "total": 0
              }
            },
            {
              "batter": "YBK Jaiswal",
              "bowler": "M Theekshana",
              "non_striker": "JC Buttler",
              "runs": {
                "batter": 2,
                "extras": 0,
                "total": 2
              }
            },
            {
              "batter": "YBK Jaiswal",
              "bowler": "M Theekshana",
              "non_striker": "JC Buttler",
              "runs": {
                "batter": 4,
                "extras": 0,
                "total": 4
              }
            }
          ]
        },
        {
          "over": 4,
          "deliveries": [
            {
              "batter": "JC Buttler",
              "bowler": "SN Thakur",
              "non_striker": "YBK Jaiswal",
              "runs": {
                "batter": 1,
                "extras": 0,
                "total": 1
              }
            },
            {
              "batter": "YBK Jaiswal",
              "bowler": "SN Thakur",
              "non_striker": "JC Buttler",
              "runs": {
                "batter": 0,
                "extras": 0,
                "total": 0
              }
            },
            {
              "batter": "YBK Jaiswal",
              "bowler": "SN Thakur",
              "non_striker": "JC Buttler",
              "runs": {
                "batter": 0,
                "extras": 0,
                "total": 0
              }
            },
            {
              "batter": "YBK Jaiswal",
              "bowler": "SN Thakur",
              "non_striker": "JC Buttler",
              "runs": {
                "batter": 4,
                "extras": 0,
                "total": 4
              }
            },
            {
              "batter": "YBK Jaiswal",
              "bowler": "SN Thakur",
              "non_striker": "JC Buttler",
              "runs": {
                "batter": 4,
                "extras": 0,
                "total": 4
              }
            },
            {
              "batter": "YBK Jaiswal",
              "bowler": "SN Thakur",
              "non_striker": "JC Buttler",
              "runs": {
                "batter": 0,
                "extras": 0,
                "total": 0
              }
            }
          ]
        },
        {
          "over": 5,
          "deliveries": [
            {
              "batter": "JC Buttler",
              "bowler": "M Theekshana",
              "non_striker": "YBK Jaiswal",
              "runs": {
                "batter": 1,
                "extras": 0,
                "total": 1
              }
            },
            {
              "batter": "YBK Jaiswal",
              "bowler": "M Theekshana",
              "non_striker": "JC Buttler",
              "runs": {
                "batter": 0,
                "extras": 0,
                "total": 0
              }
            },
            {
              "batter": "YBK Jaiswal",
              "bowler": "M Theekshana",
              "non_striker": "JC Buttler",
              "runs": {
                "batter": 1,
                "extras": 0,
                "total": 1
              }
            },
            {
              "batter": "JC Buttler",
              "bowler": "M Theekshana",
              "non_striker": "YBK Jaiswal",
              "runs": {
                "batter": 0,
                "extras": 0,
                "total": 0
              }
            },
            {
              "batter": "JC Buttler",
              "bowler": "M Theekshana",
              "non_striker": "YBK Jaiswal",
              "runs": {
                "batter": 0,
                "extras": 0,
                "total": 0
              }
            },
            {
              "batter": "JC Buttler",
              "bowler": "M Theekshana",
              "non_striker": "YBK Jaiswal",
              "runs": {
                "batter": 4,
                "extras": 0,
                "total": 4
              }
            }
          ]
        },
        {
          "over": 6,
          "deliveries": [
            {
              "batter": "YBK Jaiswal",
              "bowler": "Simarjeet Singh",
              "non_striker": "JC Buttler",
              "runs": {
                "batter": 0,
                "extras": 0,
                "total": 0
              }
            },
            {
              "batter": "YBK Jaiswal",
              "bowler": "Simarjeet Singh",
              "extras": {
                "wides": 1
              },
              "non_striker": "JC Buttler",
              "runs": {
                "batter": 0,
                "extras": 1,
                "total": 1
              }
            },
            {
              "batter": "YBK Jaiswal",
              "bowler": "Simarjeet Singh",
              "non_striker": "JC Buttler",
              "runs": {
                "batter": 0,
                "extras": 0,
                "total": 0
              },
              "wickets": [
                {
                  "player_out": "YBK Jaiswal",
                  "fielders": [
                    {
                      "name": "RD Gaikwad"
                    }
                  ],
                  "kind": "caught"
                }
              ]
            },
            {
              "batter": "SV Samson",
              "bowler": "Simarjeet Singh",
              "extras": {
                "wides": 1
              },
              "non_striker": "JC Buttler",
              "runs": {
                "batter": 0,
                "extras": 1,
                "total": 1
              }
            },
            {
              "batter": "SV Samson",
              "bowler": "Simarjeet Singh",
              "non_striker": "JC Buttler",
              "runs": {
                "batter": 0,
                "extras": 0,
                "total": 0
              }
            },
            {
              "batter": "SV Samson",
              "bowler": "Simarjeet Singh",
              "non_striker": "JC Buttler",
              "runs": {
                "batter": 1,
                "extras": 0,
                "total": 1
              }
            },
            {
              "batter": "JC Buttler",
              "bowler": "Simarjeet Singh",
              "non_striker": "SV Samson",
              "runs": {
                "batter": 0,
                "extras": 0,
                "total": 0
              }
            },
            {
              "batter": "JC Buttler",
              "bowler": "Simarjeet Singh",
              "non_striker": "SV Samson",
              "runs": {
                "batter": 1,
                "extras": 0,
                "total": 1
              }
            }
          ]
        },
        {
          "over": 7,
          "deliveries": [
            {
              "batter": "JC Buttler",
              "bowler": "RA Jadeja",
              "non_striker": "SV Samson",
              "runs": {
                "batter": 1,
                "extras": 0,
                "total": 1
              }
            },
            {
              "batter": "SV Samson",
              "bowler": "RA Jadeja",
              "non_striker": "JC Buttler",
              "runs": {
                "batter": 1,
                "extras": 0,
                "total": 1
              }
            },
            {
              "batter": "JC Buttler",
              "bowler": "RA Jadeja",
              "non_striker": "SV Samson",
              "runs": {
                "batter": 0,
                "extras": 0,
                "total": 0
              }
            },
            {
              "batter": "JC Buttler",
              "bowler": "RA Jadeja",
              "non_striker": "SV Samson",
              "runs": {
                "batter": 0,
                "extras": 0,
                "total": 0
              }
            },
            {
              "batter": "JC Buttler",
              "bowler": "RA Jadeja",
              "non_striker": "SV Samson",
              "runs": {
                "batter": 0,
                "extras": 0,
                "total": 0
              }
            },
            {
              "batter": "JC Buttler",
              "bowler": "RA Jadeja",
              "non_striker": "SV Samson",
              "runs": {
                "batter": 1,
                "extras": 0,
                "total": 1
              }
            }
          ]
        },
        {
          "over": 8,
          "deliveries": [
            {
              "batter": "JC Buttler",
              "bowler": "Simarjeet Singh",
              "non_striker": "SV Samson",
              "runs": {
                "batter": 0,
                "extras": 0,
                "total": 0
              },
              "wickets": [
                {
                  "player_out": "JC Buttler",
                  "fielders": [
                    {
                      "name": "TU Deshpande"
                    }
                  ],
                  "kind": "caught"
                }
              ]
            },
            {
              "batter": "R Parag",
              "bowler": "Simarjeet Singh",
              "non_striker": "SV Samson",
              "runs": {
                "batter": 0,
                "extras": 0,
                "total": 0
              }
            },
            {
              "batter": "R Parag",
              "bowler": "Simarjeet Singh",
              "non_striker": "SV Samson",
              "runs": {
                "batter": 0,
                "extras": 0,
                "total": 0
              }
            },
            {
              "batter": "R Parag",
              "bowler": "Simarjeet Singh",
              "non_striker": "SV Samson",
              "runs": {
                "batter": 6,
                "extras": 0,
                "total": 6
              }
            },
            {
              "batter": "R Parag",
              "bowler": "Simarjeet Singh",
              "non_striker": "SV Samson",
              "runs": {
                "batter": 0,
                "extras": 0,
                "total": 0
              }
            },
            {
              "batter": "R Parag",
              "bowler": "Simarjeet Singh",
              "non_striker": "SV Samson",
              "runs": {
                "batter": 1,
                "extras": 0,
                "total": 1
              }
            }
          ]
        },
        {
          "over": 9,
          "deliveries": [
            {
              "batter": "R Parag",
              "bowler": "RA Jadeja",
              "non_striker": "SV Samson",
              "runs": {
                "batter": 1,
                "extras": 0,
                "total": 1
              }
            },
            {
              "batter": "SV Samson",
              "bowler": "RA Jadeja",
              "non_striker": "R Parag",
              "runs": {
                "batter": 1,
                "extras": 0,
                "total": 1
              }
            },
            {
              "batter": "R Parag",
              "bowler": "RA Jadeja",
              "non_striker": "SV Samson",
              "runs": {
                "batter": 1,
                "extras": 0,
                "total": 1
              }
            },
            {
              "batter": "SV Samson",
              "bowler": "RA Jadeja",
              "non_striker": "R Parag",
              "runs": {
                "batter": 0,
                "extras": 0,
                "total": 0
              }
            },
            {
              "batter": "SV Samson",
              "bowler": "RA Jadeja",
              "non_striker": "R Parag",
              "runs": {
                "batter": 1,
                "extras": 0,
                "total": 1
              }
            },
            {
              "batter": "R Parag",
              "bowler": "RA Jadeja",
              "non_striker": "SV Samson",
              "runs": {
                "batter": 1,
                "extras": 0,
                "total": 1
              }
            }
          ]
        },
        {
          "over": 10,
          "deliveries": [
            {
              "batter": "R Parag",
              "bowler": "SN Thakur",
              "non_striker": "SV Samson",
              "runs": {
                "batter": 2,
                "extras": 0,
                "total": 2
              }
            },
            {
              "batter": "R Parag",
              "bowler": "SN Thakur",
              "non_striker": "SV Samson",
              "runs": {
                "batter": 1,
                "extras": 0,
                "total": 1
              }
            },
            {
              "batter": "SV Samson",
              "bowler": "SN Thakur",
              "non_striker": "R Parag",
              "runs": {
                "batter": 1,
                "extras": 0,
                "total": 1
              }
            },
            {
              "batter": "R Parag",
              "bowler": "SN Thakur",
              "non_striker": "SV Samson",
              "runs": {
                "batter": 1,
                "extras": 0,
                "total": 1
              }
            },
            {
              "batter": "SV Samson",
              "bowler": "SN Thakur",
              "non_striker": "R Parag",
              "runs": {
                "batter": 1,
                "extras": 0,
                "total": 1
              }
            },
            {
              "batter": "R Parag",
              "bowler": "SN Thakur",
              "non_striker": "SV Samson",
              "runs": {
                "batter": 1,
                "extras": 0,
                "total": 1
              }
            }
          ]
        },
        {
          "over": 11,
          "deliveries": [
            {
              "batter": "R Parag",
              "bowler": "RA Jadeja",
              "non_striker": "SV Samson",
              "runs": {
                "batter": 1,
                "extras": 0,
                "total": 1
              }
            },
            {
              "batter": "SV Samson",
              "bowler": "RA Jadeja",
              "non_striker": "R Parag",
              "runs": {
                "batter": 2,
                "extras": 0,
                "total": 2
              }
            },
            {
              "batter": "SV Samson",
              "bowler": "RA Jadeja",
              "non_striker": "R Parag",
              "runs": {
                "batter": 1,
                "extras": 0,
                "total": 1
              }
            },
            {
              "batter": "R Parag",
              "bowler": "RA Jadeja",
              "non_striker": "SV Samson",
              "runs": {
                "batter": 1,
                "extras": 0,
                "total": 1
              }
            },
            {
              "batter": "SV Samson",
              "bowler": "RA Jadeja",
              "non_striker": "R Parag",
              "runs": {
                "batter": 0,
                "extras": 0,
                "total": 0
              }
            },
            {
              "batter": "SV Samson",
              "bowler": "RA Jadeja",
              "non_striker": "R Parag",
              "runs": {
                "batter": 1,
                "extras": 0,
                "total": 1
              }
            }
          ]
        },
        {
          "over": 12,
          "deliveries": [
            {
              "batter": "SV Samson",
              "bowler": "M Theekshana",
              "non_striker": "R Parag",
              "runs": {
                "batter": 1,
                "extras": 0,
                "total": 1
              }
            },
            {
              "batter": "R Parag",
              "bowler": "M Theekshana",
              "non_striker": "SV Samson",
              "runs": {
                "batter": 2,
                "extras": 0,
                "total": 2
              }
            },
            {
              "batter": "R Parag",
              "bowler": "M Theekshana",
              "non_striker": "SV Samson",
              "runs": {
                "batter": 1,
                "extras": 0,
                "total": 1
              }
            },
            {
              "batter": "SV Samson",
              "bowler": "M Theekshana",
              "non_striker": "R Parag",
              "runs": {
                "batter": 1,
                "extras": 0,
                "total": 1
              }
            },
            {
              "batter": "R Parag",
              "bowler": "M Theekshana",
              "non_striker": "SV Samson",
              "runs": {
                "batter": 0,
                "extras": 0,
                "total": 0
              }
            },
            {
              "batter": "R Parag",
              "bowler": "M Theekshana",
              "non_striker": "SV Samson",
              "runs": {
                "batter": 0,
                "extras": 0,
                "total": 0
              }
            }
          ]
        },
        {
          "over": 13,
          "deliveries": [
            {
              "batter": "SV Samson",
              "bowler": "RA Jadeja",
              "non_striker": "R Parag",
              "runs": {
                "batter": 1,
                "extras": 0,
                "total": 1
              }
            },
            {
              "batter": "R Parag",
              "bowler": "RA Jadeja",
              "non_striker": "SV Samson",
              "runs": {
                "batter": 6,
                "extras": 0,
                "total": 6
              }
            },
            {
              "batter": "R Parag",
              "bowler": "RA Jadeja",
              "non_striker": "SV Samson",
              "runs": {
                "batter": 1,
                "extras": 0,
                "total": 1
              }
            },
            {
              "batter": "SV Samson",
              "bowler": "RA Jadeja",
              "non_striker": "R Parag",
              "runs": {
                "batter": 0,
                "extras": 0,
                "total": 0
              }
            },
            {
              "batter": "SV Samson",
              "bowler": "RA Jadeja",
              "non_striker": "R Parag",
              "runs": {
                "batter": 0,
                "extras": 0,
                "total": 0
              }
            },
            {
              "batter": "SV Samson",
              "bowler": "RA Jadeja",
              "non_striker": "R Parag",
              "runs": {
                "batter": 2,
                "extras": 0,
                "total": 2
              }
            }
          ]
        },
        {
          "over": 14,
          "deliveries": [
            {
              "batter": "R Parag",
              "bowler": "Simarjeet Singh",
              "extras": {
                "wides": 1
              },
              "non_striker": "SV Samson",
              "runs": {
                "batter": 0,
                "extras": 1,
                "total": 1
              }
            },
            {
              "batter": "R Parag",
              "bowler": "Simarjeet Singh",
              "non_striker": "SV Samson",
              "runs": {
                "batter": 1,
                "extras": 0,
                "total": 1
              }
            },
            {
              "batter": "SV Samson",
              "bowler": "Simarjeet Singh",
              "non_striker": "R Parag",
              "runs": {
                "batter": 0,
                "extras": 0,
                "total": 0
              },
              "wickets": [
                {
                  "player_out": "SV Samson",
                  "fielders": [
                    {
                      "name": "RD Gaikwad"
                    }
                  ],
                  "kind": "caught"
                }
              ]
            },
            {
              "batter": "Dhruv Jurel",
              "bowler": "Simarjeet Singh",
              "non_striker": "R Parag",
              "runs": {
                "batter": 1,
                "extras": 0,
                "total": 1
              }
            },
            {
              "batter": "R Parag",
              "bowler": "Simarjeet Singh",
              "non_striker": "Dhruv Jurel",
              "runs": {
                "batter": 1,
                "extras": 0,
                "total": 1
              }
            },
            {
              "batter": "Dhruv Jurel",
              "bowler": "Simarjeet Singh",
              "non_striker": "R Parag",
              "runs": {
                "batter": 0,
                "extras": 0,
                "total": 0
              }
            },
            {
              "batter": "Dhruv Jurel",
              "bowler": "Simarjeet Singh",
              "non_striker": "R Parag",
              "runs": {
                "batter": 1,
                "extras": 0,
                "total": 1
              }
            }
          ]
        },
        {
          "over": 15,
          "deliveries": [
            {
              "batter": "Dhruv Jurel",
              "bowler": "SN Thakur",
              "non_striker": "R Parag",
              "runs": {
                "batter": 0,
                "extras": 0,
                "total": 0
              }
            },
            {
              "batter": "Dhruv Jurel",
              "bowler": "SN Thakur",
              "non_striker": "R Parag",
              "runs": {
                "batter": 2,
                "extras": 0,
                "total": 2
              }
            },
            {
              "batter": "Dhruv Jurel",
              "bowler": "SN Thakur",
              "non_striker": "R Parag",
              "runs": {
                "batter": 6,
                "extras": 0,
                "total": 6
              }
            },
            {
              "batter": "Dhruv Jurel",
              "bowler": "SN Thakur",
              "non_striker": "R Parag",
              "runs": {
                "batter": 0,
                "extras": 0,
                "total": 0
              }
            },
            {
              "batter": "Dhruv Jurel",
              "bowler": "SN Thakur",
              "non_striker": "R Parag",
              "runs": {
                "batter": 1,
                "extras": 0,
                "total": 1
              }
            },
            {
              "batter": "R Parag",
              "bowler": "SN Thakur",
              "non_striker": "Dhruv Jurel",
              "runs": {
                "batter": 0,
                "extras": 0,
                "total": 0
              }
            }
          ]
        },
        {
          "over": 16,
          "deliveries": [
            {
              "batter": "Dhruv Jurel",
              "bowler": "Simarjeet Singh",
              "non_striker": "R Parag",
              "runs": {
                "batter": 4,
                "extras": 0,
                "total": 4
              }
            },
            {
              "batter": "Dhruv Jurel",
              "bowler": "Simarjeet Singh",
              "non_striker": "R Parag",
              "runs": {
                "batter": 1,
                "extras": 0,
                "total": 1
              }
            },
            {
              "batter": "R Parag",
              "bowler": "Simarjeet Singh",
              "non_striker": "Dhruv Jurel",
              "runs": {
                "batter": 4,
                "extras": 0,
                "total": 4
              }
            },
            {
              "batter": "R Parag",
              "bowler": "Simarjeet Singh",
              "non_striker": "Dhruv Jurel",
              "runs": {
                "batter": 0,
                "extras": 0,
                "total": 0
              }
            },
            {
              "batter": "R Parag",
              "bowler": "Simarjeet Singh",
              "non_striker": "Dhruv Jurel",
              "runs": {
                "batter": 0,
                "extras": 0,
                "total": 0
              }
            },
            {
              "batter": "R Parag",
              "bowler": "Simarjeet Singh",
              "extras": {
                "wides": 1
              },
              "non_striker": "Dhruv Jurel",
              "runs": {
                "batter": 0,
                "extras": 1,
                "total": 1
              }
            },
            {
              "batter": "R Parag",
              "bowler": "Simarjeet Singh",
              "non_striker": "Dhruv Jurel",
              "runs": {
                "batter": 0,
                "extras": 0,
                "total": 0
              }
            }
          ]
        },
        {
          "over": 17,
          "deliveries": [
            {
              "batter": "Dhruv Jurel",
              "bowler": "TU Deshpande",
              "non_striker": "R Parag",
              "runs": {
                "batter": 1,
                "extras": 0,
                "total": 1
              }
            },
            {
              "batter": "R Parag",
              "bowler": "TU Deshpande",
              "non_striker": "Dhruv Jurel",
              "runs": {
                "batter": 1,
                "extras": 0,
                "total": 1
              }
            },
            {
              "batter": "Dhruv Jurel",
              "bowler": "TU Deshpande",
              "non_striker": "R Parag",
              "runs": {
                "batter": 6,
                "extras": 0,
                "total": 6
              }
            },
            {
              "batter": "Dhruv Jurel",
              "bowler": "TU Deshpande",
              "non_striker": "R Parag",
              "runs": {
                "batter": 1,
                "extras": 0,
                "total": 1
              }
            },
            {
              "batter": "R Parag",
              "bowler": "TU Deshpande",
              "extras": {
                "legbyes": 1
              },
              "non_striker": "Dhruv Jurel",
              "runs": {
                "batter": 0,
                "extras": 1,
                "total": 1
              }
            },
            {
              "batter": "Dhruv Jurel",
              "bowler": "TU Deshpande",
              "non_striker": "R Parag",
              "runs": {
                "batter": 1,
                "extras": 0,
                "total": 1
              }
            }
          ]
        },
        {
          "over": 18,
          "deliveries": [
            {
              "batter": "Dhruv Jurel",
              "bowler": "SN Thakur",
              "non_striker": "R Parag",
              "runs": {
                "batter": 1,
                "extras": 0,
                "total": 1
              }
            },
            {
              "batter": "R Parag",
              "bowler": "SN Thakur",
              "non_striker": "Dhruv Jurel",
              "runs": {
                "batter": 2,
                "extras": 0,
                "total": 2
              }
            },
            {
              "batter": "R Parag",
              "bowler": "SN Thakur",
              "non_striker": "Dhruv Jurel",
              "runs": {
                "batter": 1,
                "extras": 0,
                "total": 1
              }
            },
            {
              "batter": "Dhruv Jurel",
              "bowler": "SN Thakur",
              "non_striker": "R Parag",
              "runs": {
                "batter": 1,
                "extras": 0,
                "total": 1
              }
            },
            {
              "batter": "R Parag",
              "bowler": "SN Thakur",
              "non_striker": "Dhruv Jurel",
              "runs": {
                "batter": 1,
                "extras": 0,
                "total": 1
              }
            },
            {
              "batter": "Dhruv Jurel",
              "bowler": "SN Thakur",
              "non_striker": "R Parag",
              "runs": {
                "batter": 1,
                "extras": 0,
                "total": 1
              }
            }
          ]
        },
        {
          "over": 19,
          "deliveries": [
            {
              "batter": "Dhruv Jurel",
              "bowler": "TU Deshpande",
              "non_striker": "R Parag",
              "runs": {
                "batter": 0,
                "extras": 0,
                "total": 0
              },
              "wickets": [
                {
                  "player_out": "Dhruv Jurel",
                  "fielders": [
                    {
                      "name": "SN Thakur"
                    }
                  ],
                  "kind": "caught"
                }
              ]
            },
            {
              "batter": "SB Dubey",
              "bowler": "TU Deshpande",
              "non_striker": "R Parag",
              "runs": {
                "batter": 0,
                "extras": 0,
                "total": 0
              },
              "wickets": [
                {
                  "player_out": "SB Dubey",
                  "fielders": [
                    {
                      "name": "S Dube"
                    }
                  ],
                  "kind": "caught"
                }
              ]
            },
            {
              "batter": "R Ashwin",
              "bowler": "TU Deshpande",
              "non_striker": "R Parag",
              "runs": {
                "batter": 1,
                "extras": 0,
                "total": 1
              }
            },
            {
              "batter": "R Parag",
              "bowler": "TU Deshpande",
              "non_striker": "R Ashwin",
              "runs": {
                "batter": 2,
                "extras": 0,
                "total": 2
              }
            },
            {
              "batter": "R Parag",
              "bowler": "TU Deshpande",
              "non_striker": "R Ashwin",
              "runs": {
                "batter": 6,
                "extras": 0,
                "total": 6
              }
            },
            {
              "batter": "R Parag",
              "bowler": "TU Deshpande",
              "non_striker": "R Ashwin",
              "runs": {
                "batter": 1,
                "extras": 0,
                "total": 1
              }
            }
          ]
        }
      ],
      "powerplays": [
        {
          "from": 0.1,
          "to": 5.6,
          "type": "mandatory"
        }
      ]
    },
    {
      "team": "Chennai Super Kings",
      "overs": [
        {
          "over": 0,
          "deliveries": [
            {
              "batter": "R Ravindra",
              "bowler": "TA Boult",
              "non_striker": "RD Gaikwad",
              "replacements": {
                "match": [
                  {
                    "in": "N Burger",
                    "out": "Dhruv Jurel",
                    "team": "Rajasthan Royals",
                    "reason": "impact_player"
                  }
                ]
              },
              "runs": {
                "batter": 0,
                "extras": 0,
                "total": 0
              }
            },
            {
              "batter": "R Ravindra",
              "bowler": "TA Boult",
              "non_striker": "RD Gaikwad",
              "runs": {
                "batter": 0,
                "extras": 0,
                "total": 0
              }
            },
            {
              "batter": "R Ravindra",
              "bowler": "TA Boult",
              "non_striker": "RD Gaikwad",
              "runs": {
                "batter": 1,
                "extras": 0,
                "total": 1
              }
            },
            {
              "batter": "RD Gaikwad",
              "bowler": "TA Boult",
              "non_striker": "R Ravindra",
              "runs": {
                "batter": 1,
                "extras": 0,
                "total": 1
              }
            },
            {
              "batter": "R Ravindra",
              "bowler": "TA Boult",
              "non_striker": "RD Gaikwad",
              "runs": {
                "batter": 0,
                "extras": 0,
                "total": 0
              }
            },
            {
              "batter": "R Ravindra",
              "bowler": "TA Boult",
              "non_striker": "RD Gaikwad",
              "runs": {
                "batter": 2,
                "extras": 0,
                "total": 2
              }
            }
          ]
        },
        {
          "over": 1,
          "deliveries": [
            {
              "batter": "RD Gaikwad",
              "bowler": "Sandeep Sharma",
              "non_striker": "R Ravindra",
              "runs": {
                "batter": 1,
                "extras": 0,
                "total": 1
              }
            },
            {
              "batter": "R Ravindra",
              "bowler": "Sandeep Sharma",
              "non_striker": "RD Gaikwad",
              "runs": {
                "batter": 2,
                "extras": 0,
                "total": 2
              }
            },
            {
              "batter": "R Ravindra",
              "bowler": "Sandeep Sharma",
              "non_striker": "RD Gaikwad",
              "runs": {
                "batter": 6,
                "extras": 0,
                "total": 6
              }
            },
            {
              "batter": "R Ravindra",
              "bowler": "Sandeep Sharma",
              "non_striker": "RD Gaikwad",
              "runs": {
                "batter": 2,
                "extras": 0,
                "total": 2
              }
            },
            {
              "batter": "R Ravindra",
              "bowler": "Sandeep Sharma",
              "non_striker": "RD Gaikwad",
              "runs": {
                "batter": 0,
                "extras": 0,
                "total": 0
              }
            },
            {
              "batter": "R Ravindra",
              "bowler": "Sandeep Sharma",
              "extras": {
                "byes": 1
              },
              "non_striker": "RD Gaikwad",
              "runs": {
                "batter": 0,
                "extras": 1,
                "total": 1
              }
            }
          ]
        },
        {
          "over": 2,
          "deliveries": [
            {
              "batter": "R Ravindra",
              "bowler": "TA Boult",
              "non_striker": "RD Gaikwad",
              "runs": {
                "batter": 0,
                "extras": 0,
                "total": 0
              }
            },
            {
              "batter": "R Ravindra",
              "bowler": "TA Boult",
              "non_striker": "RD Gaikwad",
              "runs": {
                "batter": 0,
                "extras": 0,
                "total": 0
              }
            },
            {
              "batter": "R Ravindra",
              "bowler": "TA Boult",
              "non_striker": "RD Gaikwad",
              "runs": {
                "batter": 4,
                "extras": 0,
                "total": 4
              }
            },
            {
              "batter": "R Ravindra",
              "bowler": "TA Boult",
              "non_striker": "RD Gaikwad",
              "runs": {
                "batter": 6,
                "extras": 0,
                "total": 6
              }
            },
            {
              "batter": "R Ravindra",
              "bowler": "TA Boult",
              "non_striker": "RD Gaikwad",
              "runs": {
                "batter": 1,
                "extras": 0,
                "total": 1
              }
            },
            {
              "batter": "RD Gaikwad",
              "bowler": "TA Boult",
              "extras": {
                "wides": 1
              },
              "non_striker": "R Ravindra",
              "runs": {
                "batter": 0,
                "extras": 1,
                "total": 1
              }
            },
            {
              "batter": "RD Gaikwad",
              "bowler": "TA Boult",
              "non_striker": "R Ravindra",
              "runs": {
                "batter": 0,
                "extras": 0,
                "total": 0
              }
            }
          ]
        },
        {
          "over": 3,
          "deliveries": [
            {
              "batter": "R Ravindra",
              "bowler": "R Ashwin",
              "non_striker": "RD Gaikwad",
              "runs": {
                "batter": 2,
                "extras": 0,
                "total": 2
              }
            },
            {
              "batter": "R Ravindra",
              "bowler": "R Ashwin",
              "non_striker": "RD Gaikwad",
              "runs": {
                "batter": 1,
                "extras": 0,
                "total": 1
              }
            },
            {
              "batter": "RD Gaikwad",
              "bowler": "R Ashwin",
              "non_striker": "R Ravindra",
              "runs": {
                "batter": 1,
                "extras": 0,
                "total": 1
              }
            },
            {
              "batter": "R Ravindra",
              "bowler": "R Ashwin",
              "non_striker": "RD Gaikwad",
              "runs": {
                "batter": 0,
                "extras": 0,
                "total": 0
              },
              "wickets": [
                {
                  "player_out": "R Ravindra",
                  "kind": "caught and bowled"
                }
              ]
            },
            {
              "batter": "DJ Mitchell",
              "bowler": "R Ashwin",
              "non_striker": "RD Gaikwad",
              "runs": {
                "batter": 1,
                "extras": 0,
                "total": 1
              }
            },
            {
              "batter": "RD Gaikwad",
              "bowler": "R Ashwin",
              "non_striker": "DJ Mitchell",
              "runs": {
                "batter": 1,
                "extras": 0,
                "total": 1
              }
            }
          ]
        },
        {
          "over": 4,
          "deliveries": [
            {
              "batter": "RD Gaikwad",
              "bowler": "Sandeep Sharma",
              "non_striker": "DJ Mitchell",
              "runs": {
                "batter": 0,
                "extras": 0,
                "total": 0
              }
            },
            {
              "batter": "RD Gaikwad",
              "bowler": "Sandeep Sharma",
              "non_striker": "DJ Mitchell",
              "runs": {
                "batter": 1,
                "extras": 0,
                "total": 1
              }
            },
            {
              "batter": "DJ Mitchell",
              "bowler": "Sandeep Sharma",
              "non_striker": "RD Gaikwad",
              "runs": {
                "batter": 4,
                "extras": 0,
                "total": 4
              }
            },
            {
              "batter": "DJ Mitchell",
              "bowler": "Sandeep Sharma",
              "non_striker": "RD Gaikwad",
              "runs": {
                "batter": 0,
                "extras": 0,
                "total": 0
              }
            },
            {
              "batter": "DJ Mitchell",
              "bowler": "Sandeep Sharma",
              "non_striker": "RD Gaikwad",
              "runs": {
                "batter": 4,
                "extras": 0,
                "total": 4
              }
            },
            {
              "batter": "DJ Mitchell",
              "bowler": "Sandeep Sharma",
              "extras": {
                "wides": 1
              },
              "non_striker": "RD Gaikwad",
              "runs": {
                "batter": 0,
                "extras": 1,
                "total": 1
              }
            },
            {
              "batter": "DJ Mitchell",
              "bowler": "Sandeep Sharma",
              "non_striker": "RD Gaikwad",
              "runs": {
                "batter": 1,
                "extras": 0,
                "total": 1
              }
            }
          ]
        },
        {
          "over": 5,
          "deliveries": [
            {
              "batter": "DJ Mitchell",
              "bowler": "R Ashwin",
              "non_striker": "RD Gaikwad",
              "runs": {
                "batter": 4,
                "extras": 0,
                "total": 4
              }
            },
            {
              "batter": "DJ Mitchell",
              "bowler": "R Ashwin",
              "non_striker": "RD Gaikwad",
              "runs": {
                "batter": 1,
                "extras": 0,
                "total": 1
              }
            },
            {
              "batter": "RD Gaikwad",
              "bowler": "R Ashwin",
              "non_striker": "DJ Mitchell",
              "runs": {
                "batter": 1,
                "extras": 0,
                "total": 1
              }
            },
            {
              "batter": "DJ Mitchell",
              "bowler": "R Ashwin",
              "non_striker": "RD Gaikwad",
              "runs": {
                "batter": 0,
                "extras": 0,
                "total": 0
              }
            },
            {
              "batter": "DJ Mitchell",
              "bowler": "R Ashwin",
              "non_striker": "RD Gaikwad",
              "runs": {
                "batter": 4,
                "extras": 0,
                "total": 4
              }
            },
            {
              "batter": "DJ Mitchell",
              "bowler": "R Ashwin",
              "non_striker": "RD Gaikwad",
              "runs": {
                "batter": 1,
                "extras": 0,
                "total": 1
              }
            }
          ]
        },
        {
          "over": 6,
          "deliveries": [
            {
              "batter": "DJ Mitchell",
              "bowler": "N Burger",
              "non_striker": "RD Gaikwad",
              "runs": {
                "batter": 1,
                "extras": 0,
                "total": 1
              }
            },
            {
              "batter": "RD Gaikwad",
              "bowler": "N Burger",
              "non_striker": "DJ Mitchell",
              "runs": {
                "batter": 0,
                "extras": 0,
                "total": 0
              }
            },
            {
              "batter": "RD Gaikwad",
              "bowler": "N Burger",
              "non_striker": "DJ Mitchell",
              "runs": {
                "batter": 6,
                "extras": 0,
                "total": 6
              }
            },
            {
              "batter": "RD Gaikwad",
              "bowler": "N Burger",
              "non_striker": "DJ Mitchell",
              "runs": {
                "batter": 1,
                "extras": 0,
                "total": 1
              }
            },
            {
              "batter": "DJ Mitchell",
              "bowler": "N Burger",
              "non_striker": "RD Gaikwad",
              "runs": {
                "batter": 1,
                "extras": 0,
                "total": 1
              }
            },
            {
              "batter": "RD Gaikwad",
              "bowler": "N Burger",
              "non_striker": "DJ Mitchell",
              "runs": {
                "batter": 1,
                "extras": 0,
                "total": 1
              }
            }
          ]
        },
        {
          "over": 7,
          "deliveries": [
            {
              "batter": "RD Gaikwad",
              "bowler": "YS Chahal",
              "non_striker": "DJ Mitchell",
              "runs": {
                "batter": 0,
                "extras": 0,
                "total": 0
              }
            },
            {
              "batter": "RD Gaikwad",
              "bowler": "YS Chahal",
              "non_striker": "DJ Mitchell",
              "runs": {
                "batter": 0,
                "extras": 0,
                "total": 0
              }
            },
            {
              "batter": "RD Gaikwad",
              "bowler": "YS Chahal",
              "non_striker": "DJ Mitchell",
              "runs": {
                "batter": 0,
                "extras": 0,
                "total": 0
              }
            },
            {
              "batter": "RD Gaikwad",
              "bowler": "YS Chahal",
              "non_striker": "DJ Mitchell",
              "runs": {
                "batter": 1,
                "extras": 0,
                "total": 1
              }
            },
            {
              "batter": "DJ Mitchell",
              "bowler": "YS Chahal",
              "non_striker": "RD Gaikwad",
              "review": {
                "by": "Chennai Super Kings",
                "umpire": "R Pandit",
                "batter": "DJ Mitchell",
                "decision": "struck down",
                "type": "wicket"
              },
              "runs": {
                "batter": 0,
                "extras": 0,
                "total": 0
              },
              "wickets": [
                {
                  "player_out": "DJ Mitchell",
                  "kind": "lbw"
                }
              ]
            },
            {
              "batter": "MM Ali",
              "bowler": "YS Chahal",
              "non_striker": "RD Gaikwad",
              "runs": {
                "batter": 0,
                "extras": 0,
                "total": 0
              }
            }
          ]
        },
        {
          "over": 8,
          "deliveries": [
            {
              "batter": "RD Gaikwad",
              "bowler": "Avesh Khan",
              "non_striker": "MM Ali",
              "runs": {
                "batter": 2,
                "extras": 0,
                "total": 2
              }
            },
            {
              "batter": "RD Gaikwad",
              "bowler": "Avesh Khan",
              "non_striker": "MM Ali",
              "runs": {
                "batter": 1,
                "extras": 0,
                "total": 1
              }
            },
            {
              "batter": "MM Ali",
              "bowler": "Avesh Khan",
              "extras": {
                "wides": 1
              },
              "non_striker": "RD Gaikwad",
              "runs": {
                "batter": 0,
                "extras": 1,
                "total": 1
              }
            },
            {
              "batter": "MM Ali",
              "bowler": "Avesh Khan",
              "non_striker": "RD Gaikwad",
              "runs": {
                "batter": 1,
                "extras": 0,
                "total": 1
              }
            },
            {
              "batter": "RD Gaikwad",
              "bowler": "Avesh Khan",
              "non_striker": "MM Ali",
              "runs": {
                "batter": 0,
                "extras": 0,
                "total": 0
              }
            },
            {
              "batter": "RD Gaikwad",
              "bowler": "Avesh Khan",
              "non_striker": "MM Ali",
              "runs": {
                "batter": 1,
                "extras": 0,
                "total": 1
              }
            },
            {
              "batter": "MM Ali",
              "bowler": "Avesh Khan",
              "non_striker": "RD Gaikwad",
              "runs": {
                "batter": 1,
                "extras": 0,
                "total": 1
              }
            }
          ]
        },
        {
          "over": 9,
          "deliveries": [
            {
              "batter": "MM Ali",
              "bowler": "R Ashwin",
              "non_striker": "RD Gaikwad",
              "runs": {
                "batter": 0,
                "extras": 0,
                "total": 0
              }
            },
            {
              "batter": "MM Ali",
              "bowler": "R Ashwin",
              "non_striker": "RD Gaikwad",
              "runs": {
                "batter": 1,
                "extras": 0,
                "total": 1
              }
            },
            {
              "batter": "RD Gaikwad",
              "bowler": "R Ashwin",
              "non_striker": "MM Ali",
              "runs": {
                "batter": 1,
                "extras": 0,
                "total": 1
              }
            },
            {
              "batter": "MM Ali",
              "bowler": "R Ashwin",
              "non_striker": "RD Gaikwad",
              "runs": {
                "batter": 0,
                "extras": 0,
                "total": 0
              }
            },
            {
              "batter": "MM Ali",
              "bowler": "R Ashwin",
              "non_striker": "RD Gaikwad",
              "runs": {
                "batter": 1,
                "extras": 0,
                "total": 1
              }
            },
            {
              "batter": "RD Gaikwad",
              "bowler": "R Ashwin",
              "non_striker": "MM Ali",
              "runs": {
                "batter": 0,
                "extras": 0,
                "total": 0
              }
            }
          ]
        },
        {
          "over": 10,
          "deliveries": [
            {
              "batter": "MM Ali",
              "bowler": "YS Chahal",
              "non_striker": "RD Gaikwad",
              "runs": {
                "batter": 1,
                "extras": 0,
                "total": 1
              }
            },
            {
              "batter": "RD Gaikwad",
              "bowler": "YS Chahal",
              "non_striker": "MM Ali",
              "runs": {
                "batter": 1,
                "extras": 0,
                "total": 1
              }
            },
            {
              "batter": "MM Ali",
              "bowler": "YS Chahal",
              "non_striker": "RD Gaikwad",
              "runs": {
                "batter": 2,
                "extras": 0,
                "total": 2
              }
            },
            {
              "batter": "MM Ali",
              "bowler": "YS Chahal",
              "non_striker": "RD Gaikwad",
              "runs": {
                "batter": 1,
                "extras": 0,
                "total": 1
              }
            },
            {
              "batter": "RD Gaikwad",
              "bowler": "YS Chahal",
              "non_striker": "MM Ali",
              "runs": {
                "batter": 1,
                "extras": 0,
                "total": 1
              }
            },
            {
              "batter": "MM Ali",
              "bowler": "YS Chahal",
              "non_striker": "RD Gaikwad",
              "runs": {
                "batter": 1,
                "extras": 0,
                "total": 1
              }
            }
          ]
        },
        {
          "over": 11,
          "deliveries": [
            {
              "batter": "MM Ali",
              "bowler": "N Burger",
              "non_striker": "RD Gaikwad",
              "runs": {
                "batter": 1,
                "extras": 0,
                "total": 1
              }
            },
            {
              "batter": "RD Gaikwad",
              "bowler": "N Burger",
              "non_striker": "MM Ali",
              "runs": {
                "batter": 0,
                "extras": 0,
                "total": 0
              }
            },
            {
              "batter": "RD Gaikwad",
              "bowler": "N Burger",
              "non_striker": "MM Ali",
              "runs": {
                "batter": 0,
                "extras": 0,
                "total": 0
              }
            },
            {
              "batter": "RD Gaikwad",
              "bowler": "N Burger",
              "non_striker": "MM Ali",
              "runs": {
                "batter": 1,
                "extras": 0,
                "total": 1
              }
            },
            {
              "batter": "MM Ali",
              "bowler": "N Burger",
              "non_striker": "RD Gaikwad",
              "runs": {
                "batter": 0,
                "extras": 0,
                "total": 0
              },
              "wickets": [
                {
                  "player_out": "MM Ali",
                  "fielders": [
                    {
                      "name": "Avesh Khan"
                    }
                  ],
                  "kind": "caught"
                }
              ]
            },
            {
              "batter": "S Dube",
              "bowler": "N Burger",
              "non_striker": "RD Gaikwad",
              "runs": {
                "batter": 1,
                "extras": 0,
                "total": 1
              }
            }
          ]
        },
        {
          "over": 12,
          "deliveries": [
            {
              "batter": "S Dube",
              "bowler": "YS Chahal",
              "non_striker": "RD Gaikwad",
              "runs": {
                "batter": 1,
                "extras": 0,
                "total": 1
              }
            },
            {
              "batter": "RD Gaikwad",
              "bowler": "YS Chahal",
              "non_striker": "S Dube",
              "runs": {
                "batter": 1,
                "extras": 0,
                "total": 1
              }
            },
            {
              "batter": "S Dube",
              "bowler": "YS Chahal",
              "non_striker": "RD Gaikwad",
              "runs": {
                "batter": 0,
                "extras": 0,
                "total": 0
              }
            },
            {
              "batter": "S Dube",
              "bowler": "YS Chahal",
              "non_striker": "RD Gaikwad",
              "runs": {
                "batter": 1,
                "extras": 0,
                "total": 1
              }
            },
            {
              "batter": "RD Gaikwad",
              "bowler": "YS Chahal",
              "non_striker": "S Dube",
              "runs": {
                "batter": 1,
                "extras": 0,
                "total": 1
              }
            },
            {
              "batter": "S Dube",
              "bowler": "YS Chahal",
              "non_striker": "RD Gaikwad",
              "runs": {
                "batter": 1,
                "extras": 0,
                "total": 1
              }
            }
          ]
        },
        {
          "over": 13,
          "deliveries": [
            {
              "batter": "S Dube",
              "bowler": "R Ashwin",
              "non_striker": "RD Gaikwad",
              "runs": {
                "batter": 6,
                "extras": 0,
                "total": 6
              }
            },
            {
              "batter": "S Dube",
              "bowler": "R Ashwin",
              "non_striker": "RD Gaikwad",
              "runs": {
                "batter": 4,
                "extras": 0,
                "total": 4
              }
            },
            {
              "batter": "S Dube",
              "bowler": "R Ashwin",
              "extras": {
                "wides": 1
              },
              "non_striker": "RD Gaikwad",
              "runs": {
                "batter": 0,
                "extras": 1,
                "total": 1
              }
            },
            {
              "batter": "S Dube",
              "bowler": "R Ashwin",
              "non_striker": "RD Gaikwad",
              "runs": {
                "batter": 4,
                "extras": 0,
                "total": 4
              }
            },
            {
              "batter": "S Dube",
              "bowler": "R Ashwin",
              "non_striker": "RD Gaikwad",
              "runs": {
                "batter": 0,
                "extras": 0,
                "total": 0
              }
            },
            {
              "batter": "S Dube",
              "bowler": "R Ashwin",
              "non_striker": "RD Gaikwad",
              "runs": {
                "batter": 0,
                "extras": 0,
                "total": 0
              }
            },
            {
              "batter": "S Dube",
              "bowler": "R Ashwin",
              "non_striker": "RD Gaikwad",
              "runs": {
                "batter": 0,
                "extras": 0,
                "total": 0
              },
              "wickets": [
                {
                  "player_out": "S Dube",
                  "fielders": [
                    {
                      "name": "R Parag"
                    }
                  ],
                  "kind": "caught"
                }
              ]
            }
          ]
        },
        {
          "over": 14,
          "deliveries": [
            {
              "batter": "RD Gaikwad",
              "bowler": "YS Chahal",
              "extras": {
                "wides": 1
              },
              "non_striker": "RA Jadeja",
              "runs": {
                "batter": 0,
                "extras": 1,
                "total": 1
              }
            },
            {
              "batter": "RD Gaikwad",
              "bowler": "YS Chahal",
              "non_striker": "RA Jadeja",
              "runs": {
                "batter": 4,
                "extras": 0,
                "total": 4
              }
            },
            {
              "batter": "RD Gaikwad",
              "bowler": "YS Chahal",
              "non_striker": "RA Jadeja",
              "runs": {
                "batter": 1,
                "extras": 0,
                "total": 1
              }
            },
            {
              "batter": "RA Jadeja",
              "bowler": "YS Chahal",
              "non_striker": "RD Gaikwad",
              "runs": {
                "batter": 2,
                "extras": 0,
                "total": 2
              }
            },
            {
              "batter": "RA Jadeja",
              "bowler": "YS Chahal",
              "non_striker": "RD Gaikwad",
              "runs": {
                "batter": 0,
                "extras": 0,
                "total": 0
              }
            },
            {
              "batter": "RA Jadeja",
              "bowler": "YS Chahal",
              "non_striker": "RD Gaikwad",
              "runs": {
                "batter": 0,
                "extras": 0,
                "total": 0
              }
            },
            {
              "batter": "RA Jadeja",
              "bowler": "YS Chahal",
              "non_striker": "RD Gaikwad",
              "runs": {
                "batter": 1,
                "extras": 0,
                "total": 1
              }
            }
          ]
        },
        {
          "over": 15,
          "deliveries": [
            {
              "batter": "RA Jadeja",
              "bowler": "Avesh Khan",
              "non_striker": "RD Gaikwad",
              "runs": {
                "batter": 1,
                "extras": 0,
                "total": 1
              }
            },
            {
              "batter": "RD Gaikwad",
              "bowler": "Avesh Khan",
              "non_striker": "RA Jadeja",
              "runs": {
                "batter": 0,
                "extras": 0,
                "total": 0
              }
            },
            {
              "batter": "RD Gaikwad",
              "bowler": "Avesh Khan",
              "non_striker": "RA Jadeja",
              "runs": {
                "batter": 2,
                "extras": 0,
                "total": 2
              }
            },
            {
              "batter": "RD Gaikwad",
              "bowler": "Avesh Khan",
              "non_striker": "RA Jadeja",
              "runs": {
                "batter": 1,
                "extras": 0,
                "total": 1
              }
            },
            {
              "batter": "RA Jadeja",
              "bowler": "Avesh Khan",
              "non_striker": "RD Gaikwad",
              "runs": {
                "batter": 1,
                "extras": 0,
                "total": 1
              },
              "wickets": [
                {
                  "player_out": "RA Jadeja",
                  "kind": "obstructing the field"
                }
              ]
            },
            {
              "batter": "RD Gaikwad",
              "bowler": "Avesh Khan",
              "non_striker": "Sameer Rizvi",
              "replacements": {
                "match": [
                  {
                    "in": "Sameer Rizvi",
                    "out": "DJ Mitchell",
                    "team": "Chennai Super Kings",
                    "reason": "impact_player"
                  }
                ]
              },
              "runs": {
                "batter": 0,
                "extras": 0,
                "total": 0
              }
            }
          ]
        },
        {
          "over": 16,
          "deliveries": [
            {
              "batter": "Sameer Rizvi",
              "bowler": "Sandeep Sharma",
              "non_striker": "RD Gaikwad",
              "runs": {
                "batter": 1,
                "extras": 0,
                "total": 1
              }
            },
            {
              "batter": "RD Gaikwad",
              "bowler": "Sandeep Sharma",
              "non_striker": "Sameer Rizvi",
              "runs": {
                "batter": 1,
                "extras": 0,
                "total": 1
              }
            },
            {
              "batter": "Sameer Rizvi",
              "bowler": "Sandeep Sharma",
              "non_striker": "RD Gaikwad",
              "runs": {
                "batter": 0,
                "extras": 0,
                "total": 0
              }
            },
            {
              "batter": "Sameer Rizvi",
              "bowler": "Sandeep Sharma",
              "non_striker": "RD Gaikwad",
              "runs": {
                "batter": 4,
                "extras": 0,
                "total": 4
              }
            },
            {
              "batter": "Sameer Rizvi",
              "bowler": "Sandeep Sharma",
              "non_striker": "RD Gaikwad",
              "runs": {
                "batter": 1,
                "extras": 0,
                "total": 1
              }
            },
            {
              "batter": "RD Gaikwad",
              "bowler": "Sandeep Sharma",
              "non_striker": "Sameer Rizvi",
              "runs": {
                "batter": 1,
                "extras": 0,
                "total": 1
              }
            }
          ]
        },
        {
          "over": 17,
          "deliveries": [
            {
              "batter": "RD Gaikwad",
              "bowler": "N Burger",
              "non_striker": "Sameer Rizvi",
              "runs": {
                "batter": 1,
                "extras": 0,
                "total": 1
              }
            },
            {
              "batter": "Sameer Rizvi",
              "bowler": "N Burger",
              "non_striker": "RD Gaikwad",
              "runs": {
                "batter": 0,
                "extras": 0,
                "total": 0
              }
            },
            {
              "batter": "Sameer Rizvi",
              "bowler": "N Burger",
              "non_striker": "RD Gaikwad",
              "runs": {
                "batter": 1,
                "extras": 0,
                "total": 1
              }
            },
            {
              "batter": "RD Gaikwad",
              "bowler": "N Burger",
              "non_striker": "Sameer Rizvi",
              "runs": {
                "batter": 6,
                "extras": 0,
                "total": 6
              }
            },
            {
              "batter": "RD Gaikwad",
              "bowler": "N Burger",
              "non_striker": "Sameer Rizvi",
              "runs": {
                "batter": 0,
                "extras": 0,
                "total": 0
              }
            },
            {
              "batter": "RD Gaikwad",
              "bowler": "N Burger",
              "non_striker": "Sameer Rizvi",
              "runs": {
                "batter": 0,
                "extras": 0,
                "total": 0
              }
            }
          ]
        },
        {
          "over": 18,
          "deliveries": [
            {
              "batter": "Sameer Rizvi",
              "bowler": "TA Boult",
              "non_striker": "RD Gaikwad",
              "runs": {
                "batter": 4,
                "extras": 0,
                "total": 4
              }
            },
            {
              "batter": "Sameer Rizvi",
              "bowler": "TA Boult",
              "non_striker": "RD Gaikwad",
              "runs": {
                "batter": 4,
                "extras": 0,
                "total": 4
              }
            }
          ]
        }
      ],
      "powerplays": [
        {
          "from": 0.1,
          "to": 5.6,
          "type": "mandatory"
        }
      ],
      "target": {
        "overs": 20,
        "runs": 142
      }
    }
  ]
}