{
  "meta": {
    "data_version": "1.1.0",
    "created": "2025-04-27",
    "revision": 1
  },
  "info": {
    "balls_per_over": 6,
    "city": "Delhi",
    "dates": [
      "2025-04-27"
    ],
    "event": {
      "name": "Indian Premier League",
      "match_number": 46
    },
    "gender": "male",
    "match_type": "T20",
    "officials": {
      "match_referees": [
        "IR Siddiqui"
      ],
      "reserve_umpires": [
        "Bhavesh Patel"
      ],
      "tv_umpires": [
        "MV Saidharshan Kumar"
      ],
      "umpires": [
        "M Krishnadas",
        "Nitin Menon"
      ]
    },
    "outcome": {
      "winner": "Royal Challengers Bengaluru",
      "by": {
        "wickets": 6
      }
    },
    "overs": 20,
    "player_of_match": [
      "KH Pandya"
    ],
    "players": {
      "Delhi Capitals": [
        "Abishek Porel",
        "F du Plessis",
        "KK Nair",
        "KL Rahul",
        "AR Patel",
        "T Stubbs",
        "Ashutosh Sharma",
        "V Nigam",
        "MA Starc",
        "PVD Chameera",
        "Kuldeep Yadav",
        "Mukesh Kumar"
      ],
      "Royal Challengers Bengaluru": [
        "Suyash Sharma",
        "JG Bethell",
        "V Kohli",
        "D Padikkal",
        "RM Patidar",
        "KH Pandya",
        "TH David",
        "R Shepherd",
        "JM Sharma",
        "B Kumar",
        "JR Hazlewood",
        "Yash Dayal"
      ]
    },
    "registry": {
      "people": {
        "AR Patel": "2e171977",
        "Abishek Porel": "ad3b6e95",
        "Ashutosh Sharma": "84d9c311",
        "B Kumar": "2e81a32d",
        "Bhavesh Patel": "ee03dc30",
        "D Padikkal": "2c25d4f5",
        "F du Plessis": "3355b542",
        "IR Siddiqui": "6436f803",
        "JG Bethell": "3c55c703",
        "JM Sharma": "800d2d97",
        "JR Hazlewood": "03806cf8",
        "KH Pandya": "5b8c830e",
        "KK Nair": "944533a5",
        "KL Rahul": "b17e2f24",
        "Kuldeep Yadav": "8d2c70ad",
        "M Krishnadas": "e298c588",
        "MA Starc": "3fb19989",
        "MV Saidharshan Kumar": "54b6007b",
        "Mukesh Kumar": "2cffab74",
        "Nitin Menon": "e1d41d9e",
        "PVD Chameera": "327b58d3",
        "R Shepherd": "c5aef772",
        "RM Patidar": "c740ea83",
        "Suyash Sharma": "9440ef41",
        "T Stubbs": "85b3fab2",
        "TH David": "f1f99156",
        "V Kohli": "ba607b88",
        "V Nigam": "5ffc0565",
        "Yash Dayal": "7210d461"
      }
    },
    "season": "2025",
    "team_type": "club",
    "teams": [
      "Delhi Capitals",
      "Royal Challengers Bengaluru"
    ],
    "toss": {
      "decision": "field",
      "winner": "Royal Challengers Bengaluru"
    },
    "venue": "Arun Jaitley Stadium, Delhi"
  },
  "innings": [
    {
      "team": "Delhi Capitals",
      "overs": [
        {
          "over": 0,
          "deliveries": [
            {
              "batter": "Abishek Porel",
              "bowler": "B Kumar",
              "non_striker": "F du Plessis",
              "runs": {
                "batter": 4,
                "extras": 0,
                "total": 4
              }
            },
            {
              "batter": "Abishek Porel",
              "bowler": "B Kumar",
              "non_striker": "F du Plessis",
              "runs": {
                "batter": 1,
                "extras": 0,
                "total": 1
              }
            },
            {
              "batter": "F du Plessis",
              "bowler": "B Kumar",
              "non_striker": "Abishek Porel",
              "runs": {
                "batter": 0,
                "extras": 0,
                "total": 0
              }
            },
            {
              "batter": "F du Plessis",
              "bowler": "B Kumar",
              "non_striker": "Abishek Porel",
              "runs": {
                "batter": 1,
                "extras": 0,
                "total": 1
              }
            },
            {
              "batter": "Abishek Porel",
              "bowler": "B Kumar",
              "non_striker": "F du Plessis",
              "runs": {
                "batter": 1,
                "extras": 0,
                "total": 1
              }
            },
            {
              "batter": "F du Plessis",
              "bowler": "B Kumar",
              "non_striker": "Abishek Porel",
              "runs": {
                "batter": 1,
                "extras": 0,
                "total": 1
              }
            }
          ]
        },
        {
          "over": 1,
          "deliveries": [
            {
              "batter": "F du Plessis",
              "bowler": "Yash Dayal",
              "non_striker": "Abishek Porel",
              "runs": {
                "batter": 0,
                "extras": 0,
                "total": 0
              }
            },
            {
              "batter": "F du Plessis",
              "bowler": "Yash Dayal",
              "non_striker": "Abishek Porel",
              "runs": {
                "batter": 0,
                "extras": 0,
                "total": 0
              }
            },
            {
              "batter": "F du Plessis",
              "bowler": "Yash Dayal",
              "non_striker": "Abishek Porel",
              "runs": {
                "batter": 0,
                "extras": 0,
                "total": 0
              }
            },
            {
              "batter": "F du Plessis",
              "bowler": "Yash Dayal",
              "non_striker": "Abishek Porel",
              "runs": {
                "batter": 1,
                "extras": 0,
                "total": 1
              }
            },
            {
              "batter": "Abishek Porel",
              "bowler": "Yash Dayal",
              "non_striker": "F du Plessis",
              "runs": {
                "batter": 2,
                "extras": 0,
                "total": 2
              }
            },
            {
              "batter": "Abishek Porel",
              "bowler": "Yash Dayal",
              "non_striker": "F du Plessis",
              "runs": {
                "batter": 4,
                "extras": 0,
                "total": 4
              }
            }
          ]
        },
        {
          "over": 2,
          "deliveries": [
            {
              "batter": "F du Plessis",
              "bowler": "B Kumar",
              "non_striker": "Abishek Porel",
              "runs": {
                "batter": 0,
                "extras": 0,
                "total": 0
              }
            },
            {
              "batter": "F du Plessis",
              "bowler": "B Kumar",
              "non_striker": "Abishek Porel",
              "runs": {
                "batter": 1,
                "extras": 0,
                "total": 1
              }
            },
            {
              "batter": "Abishek Porel",
              "bowler": "B Kumar",
              "non_striker": "F du Plessis",
              "runs": {
                "batter": 6,
                "extras": 0,
                "total": 6
              }
            },
            {
              "batter": "Abishek Porel",
              "bowler": "B Kumar",
              "non_striker": "F du Plessis",
              "runs": {
                "batter": 2,
                "extras": 0,
                "total": 2
              }
            },
            {
              "batter": "Abishek Porel",
              "bowler": "B Kumar",
              "non_striker": "F du Plessis",
              "runs": {
                "batter": 6,
                "extras": 0,
                "total": 6
              }
            },
            {
              "batter": "Abishek Porel",
              "bowler": "B Kumar",
              "non_striker": "F du Plessis",
              "runs": {
                "batter": 2,
                "extras": 0,
                "total": 2
              }
            }
          ]
        },
        {
          "over": 3,
          "deliveries": [
            {
              "batter": "F du Plessis",
              "bowler": "JR Hazlewood",
              "non_striker": "Abishek Porel",
              "runs": {
                "batter": 0,
                "extras": 0,
                "total": 0
              }
            },
            {
              "batter": "F du Plessis",
              "bowler": "JR Hazlewood",
              "non_striker": "Abishek Porel",
              "runs": {
                "batter": 1,
                "extras": 0,
                "total": 1
              }
            },
            {
              "batter": "Abishek Porel",
              "bowler": "JR Hazlewood",
              "non_striker": "F du Plessis",
              "runs": {
                "batter": 0,
                "extras": 0,
                "total": 0
              }
            },
            {
              "batter": "Abishek Porel",
              "bowler": "JR Hazlewood",
              "non_striker": "F du Plessis",
              "runs": {
                "batter": 0,
                "extras": 0,
                "total": 0
              },
              "wickets": [
                {
                  "player_out": "Abishek Porel",
                  "fielders": [
                    {
                      "name": "JM Sharma"
                    }
                  ],
                  "kind": "caught"
                }
              ]
            },
            {
              "batter": "KK Nair",
              "bowler": "JR Hazlewood",
              "non_striker": "F du Plessis",
              "runs": {
                "batter": 0,
                "extras": 0,
                "total": 0
              }
            },
            {
              "batter": "KK Nair",
              "bowler": "JR Hazlewood",
              "non_striker": "F du Plessis",
              "runs": {
                "batter": 4,
                "extras": 0,
                "total": 4
              }
            }
          ]
        },
        {
          "over": 4,
          "deliveries": [
            {
              "batter": "F du Plessis",
              "bowler": "Yash Dayal",
              "non_striker": "KK Nair",
              "runs": {
                "batter": 0,
                "extras": 0,
                "total": 0
              }
            },
            {
              "batter": "F du Plessis",
              "bowler": "Yash Dayal",
              "extras": {
                "noballs": 1
              },
              "non_striker": "KK Nair",
              "runs": {
                "batter": 4,
                "extras": 1,
                "total": 5
              }
            },
            {
              "batter": "F du Plessis",
              "bowler": "Yash Dayal",
              "extras": {
                "wides": 1
              },
              "non_striker": "KK Nair",
              "runs": {
                "batter": 0,
                "extras": 1,
                "total": 1
              }
            },
            {
              "batter": "F du Plessis",
              "bowler": "Yash Dayal",
              "non_striker": "KK Nair",
              "runs": {
                "batter": 1,
                "extras": 0,
                "total": 1
              }
            },
            {
              "batter": "KK Nair",
              "bowler": "Yash Dayal",
              "non_striker": "F du Plessis",
              "runs": {
                "batter": 0,
                "extras": 0,
                "total": 0
              }
            },
            {
              "batter": "KK Nair",
              "bowler": "Yash Dayal",
              "non_striker": "F du Plessis",
              "runs": {
                "batter": 0,
                "extras": 0,
                "total": 0
              },
              "wickets": [
                {
                  "player_out": "KK Nair",
                  "fielders": [
                    {
                      "name": "B Kumar"
                    }
                  ],
                  "kind": "caught"
                }
              ]
            },
            {
              "batter": "KL Rahul",
              "bowler": "Yash Dayal",
              "non_striker": "F du Plessis",
              "runs": {
                "batter": 0,
                "extras": 0,
                "total": 0
              }
            },
            {
              "batter": "KL Rahul",
              "bowler": "Yash Dayal",
              "non_striker": "F du Plessis",
              "runs": {
                "batter": 1,
                "extras": 0,
                "total": 1
              }
            }
          ]
        },
        {
          "over": 5,
          "deliveries": [
            {
              "batter": "KL Rahul",
              "bowler": "JR Hazlewood",
              "non_striker": "F du Plessis",
              "runs": {
                "batter": 2,
                "extras": 0,
                "total": 2
              }
            },
            {
              "batter": "KL Rahul",
              "bowler": "JR Hazlewood",
              "non_striker": "F du Plessis",
              "runs": {
                "batter": 0,
                "extras": 0,
                "total": 0
              }
            },
            {
              "batter": "KL Rahul",
              "bowler": "JR Hazlewood",
              "non_striker": "F du Plessis",
              "runs": {
                "batter": 0,
                "extras": 0,
                "total": 0
              }
            },
            {
              "batter": "KL Rahul",
              "bowler": "JR Hazlewood",
              "non_striker": "F du Plessis",
              "runs": {
                "batter": 1,
                "extras": 0,
                "total": 1
              }
            },
            {
              "batter": "F du Plessis",
              "bowler": "JR Hazlewood",
              "non_striker": "KL Rahul",
              "runs": {
                "batter": 4,
                "extras": 0,
                "total": 4
              }
            },
            {
              "batter": "F du Plessis",
              "bowler": "JR Hazlewood",
              "non_striker": "KL Rahul",
              "runs": {
                "batter": 0,
                "extras": 0,
                "total": 0
              }
            }
          ]
        },
        {
          "over": 6,
          "deliveries": [
            {
              "batter": "KL Rahul",
              "bowler": "Suyash Sharma",
              "non_striker": "F du Plessis",
              "runs": {
                "batter": 0,
                "extras": 0,
                "total": 0
              }
            },
            {
              "batter": "KL Rahul",
              "bowler": "Suyash Sharma",
              "non_striker": "F du Plessis",
              "runs": {
                "batter": 1,
                "extras": 0,
                "total": 1
              }
            },
            {
              "batter": "F du Plessis",
              "bowler": "Suyash Sharma",
              "non_striker": "KL Rahul",
              "runs": {
                "batter": 1,
                "extras": 0,
                "total": 1
              }
            },
            {
              "batter": "KL Rahul",
              "bowler": "Suyash Sharma",
              "non_striker": "F du Plessis",
              "runs": {
                "batter": 1,
                "extras": 0,
                "total": 1
              }
            },
            {
              "batter": "F du Plessis",
              "bowler": "Suyash Sharma",
              "non_striker": "KL Rahul",
              "runs": {
                "batter": 1,
                "extras": 0,
                "total": 1
              }
            },
            {
              "batter": "KL Rahul",
              "bowler": "Suyash Sharma",
              "non_striker": "F du Plessis",
              "runs": {
                "batter": 1,
                "extras": 0,
                "total": 1
              }
            }
          ]
        },
        {
          "over": 7,
          "deliveries": [
            {
              "batter": "KL Rahul",
              "bowler": "KH Pandya",
              "non_striker": "F du Plessis",
              "runs": {
                "batter": 1,
                "extras": 0,
                "total": 1
              }
            },
            {
              "batter": "F du Plessis",
              "bowler": "KH Pandya",
              "non_striker": "KL Rahul",
              "runs": {
                "batter": 0,
                "extras": 0,
                "total": 0
              }
            },
            {
              "batter": "F du Plessis",
              "bowler": "KH Pandya",
              "non_striker": "KL Rahul",
              "runs": {
                "batter": 2,
                "extras": 0,
                "total": 2
              }
            },
            {
              "batter": "F du Plessis",
              "bowler": "KH Pandya",
              "non_striker": "KL Rahul",
              "runs": {
                "batter": 1,
                "extras": 0,
                "total": 1
              }
            },
            {
              "batter": "KL Rahul",
              "bowler": "KH Pandya",
              "non_striker": "F du Plessis",
              "runs": {
                "batter": 1,
                "extras": 0,
                "total": 1
              }
            },
            {
              "batter": "F du Plessis",
              "bowler": "KH Pandya",
              "non_striker": "KL Rahul",
              "runs": {
                "batter": 1,
                "extras": 0,
                "total": 1
              }
            }
          ]
        },
        {
          "over": 8,
          "deliveries": [
            {
              "batter": "F du Plessis",
              "bowler": "Suyash Sharma",
              "non_striker": "KL Rahul",
              "runs": {
                "batter": 1,
                "extras": 0,
                "total": 1
              }
            },
            {
              "batter": "KL Rahul",
              "bowler": "Suyash Sharma",
              "non_striker": "F du Plessis",
              "runs": {
                "batter": 0,
                "extras": 0,
                "total": 0
              }
            },
            {
              "batter": "KL Rahul",
              "bowler": "Suyash Sharma",
              "non_striker": "F du Plessis",
              "runs": {
                "batter": 0,
                "extras": 0,
                "total": 0
              }
            },
            {
              "batter": "KL Rahul",
              "bowler": "Suyash Sharma",
              "non_striker": "F du Plessis",
              "runs": {
                "batter": 4,
                "extras": 0,
                "total": 4
              }
            },
            {
              "batter": "KL Rahul",
              "bowler": "Suyash Sharma",
              "non_striker": "F du Plessis",
              "runs": {
                "batter": 1,
                "extras": 0,
                "total": 1
              }
            },
            {
              "batter": "F du Plessis",
              "bowler": "Suyash Sharma",
              "non_striker": "KL Rahul",
              "runs": {
                "batter": 0,
                "extras": 0,
                "total": 0
              }
            }
          ]
        },
        {
          "over": 9,
          "deliveries": [
            {
              "batter": "KL Rahul",
              "bowler": "KH Pandya",
              "non_striker": "F du Plessis",
              "runs": {
                "batter": 1,
                "extras": 0,
                "total": 1
              }
            },
            {
              "batter": "F du Plessis",
              "bowler": "KH Pandya",
              "non_striker": "KL Rahul",
              "runs": {
                "batter": 1,
                "extras": 0,
                "total": 1
              }
            },
            {
              "batter": "KL Rahul",
              "bowler": "KH Pandya",
              "non_striker": "F du Plessis",
              "runs": {
                "batter": 0,
                "extras": 0,
                "total": 0
              }
            },
            {
              "batter": "KL Rahul",
              "bowler": "KH Pandya",
              "non_striker": "F du Plessis",
              "runs": {
                "batter": 1,
                "extras": 0,
                "total": 1
              }
            },
            {
              "batter": "F du Plessis",
              "bowler": "KH Pandya",
              "non_striker": "KL Rahul",
              "runs": {
                "batter": 0,
                "extras": 0,
                "total": 0
              },
              "wickets": [
                {
                  "player_out": "F du Plessis",
                  "fielders": [
                    {
                      "name": "V Kohli"
                    }
                  ],
                  "kind": "caught"
                }
              ]
            },
            {
              "batter": "AR Patel",
              "bowler": "KH Pandya",
              "non_striker": "KL Rahul",
              "runs": {
                "batter": 0,
                "extras": 0,
                "total": 0
              }
            }
          ]
        },
        {
          "over": 10,
          "deliveries": [
            {
              "batter": "KL Rahul",
              "bowler": "Yash Dayal",
              "non_striker": "AR Patel",
              "runs": {
                "batter": 2,
                "extras": 0,
                "total": 2
              }
            },
            {
              "batter": "KL Rahul",
              "bowler": "Yash Dayal",
              "non_striker": "AR Patel",
              "runs": {
                "batter": 0,
                "extras": 0,
                "total": 0
              }
            },
            {
              "batter": "KL Rahul",
              "bowler": "Yash Dayal",
              "non_striker": "AR Patel",
              "runs": {
                "batter": 1,
                "extras": 0,
                "total": 1
              }
            },
            {
              "batter": "AR Patel",
              "bowler": "Yash Dayal",
              "non_striker": "KL Rahul",
              "runs": {
                "batter": 0,
                "extras": 0,
                "total": 0
              }
            },
            {
              "batter": "AR Patel",
              "bowler": "Yash Dayal",
              "non_striker": "KL Rahul",
              "runs": {
                "batter": 1,
                "extras": 0,
                "total": 1
              }
            },
            {
              "batter": "KL Rahul",
              "bowler": "Yash Dayal",
              "non_striker": "AR Patel",
              "runs": {
                "batter": 4,
                "extras": 0,
                "total": 4
              }
            }
          ]
        },
        {
          "over": 11,
          "deliveries": [
            {
              "batter": "AR Patel",
              "bowler": "Suyash Sharma",
              "non_striker": "KL Rahul",
              "runs": {
                "batter": 0,
                "extras": 0,
                "total": 0
              }
            },
            {
              "batter": "AR Patel",
              "bowler": "Suyash Sharma",
              "non_striker": "KL Rahul",
              "runs": {
                "batter": 1,
                "extras": 0,
                "total": 1
              }
            },
            {
              "batter": "KL Rahul",
              "bowler": "Suyash Sharma",
              "non_striker": "AR Patel",
              "runs": {
                "batter": 1,
                "extras": 0,
                "total": 1
              }
            },
            {
              "batter": "AR Patel",
              "bowler": "Suyash Sharma",
              "non_striker": "KL Rahul",
              "runs": {
                "batter": 0,
                "extras": 0,
                "total": 0
              }
            },
            {
              "batter": "AR Patel",
              "bowler": "Suyash Sharma",
              "non_striker": "KL Rahul",
              "runs": {
                "batter": 4,
                "extras": 0,
                "total": 4
              }
            },
            {
              "batter": "AR Patel",
              "bowler": "Suyash Sharma",
              "non_striker": "KL Rahul",
              "runs": {
                "batter": 1,
                "extras": 0,
                "total": 1
              }
            }
          ]
        },
        {
          "over": 12,
          "deliveries": [
            {
              "batter": "AR Patel",
              "bowler": "KH Pandya",
              "non_striker": "KL Rahul",
              "runs": {
                "batter": 6,
                "extras": 0,
                "total": 6
              }
            },
            {
              "batter": "AR Patel",
              "bowler": "KH Pandya",
              "non_striker": "KL Rahul",
              "runs": {
                "batter": 1,
                "extras": 0,
                "total": 1
              }
            },
            {
              "batter": "KL Rahul",
              "bowler": "KH Pandya",
              "non_striker": "AR Patel",
              "runs": {
                "batter": 1,
                "extras": 0,
                "total": 1
              }
            },
            {
              "batter": "AR Patel",
              "bowler": "KH Pandya",
              "non_striker": "KL Rahul",
              "runs": {
                "batter": 1,
                "extras": 0,
                "total": 1
              }
            },
            {
              "batter": "KL Rahul",
              "bowler": "KH Pandya",
              "non_striker": "AR Patel",
              "runs": {
                "batter": 0,
                "extras": 0,
                "total": 0
              }
            },
            {
              "batter": "KL Rahul",
              "bowler": "KH Pandya",
              "non_striker": "AR Patel",
              "runs": {
                "batter": 1,
                "extras": 0,
                "total": 1
              }
            }
          ]
        },
        {
          "over": 13,
          "deliveries": [
            {
              "batter": "KL Rahul",
              "bowler": "JR Hazlewood",
              "non_striker": "AR Patel",
              "runs": {
                "batter": 4,
                "extras": 0,
                "total": 4
              }
            },
            {
              "batter": "KL Rahul",
              "bowler": "JR Hazlewood",
              "non_striker": "AR Patel",
              "runs": {
                "batter": 1,
                "extras": 0,
                "total": 1
              }
            },
            {
              "batter": "AR Patel",
              "bowler": "JR Hazlewood",
              "non_striker": "KL Rahul",
              "runs": {
                "batter": 0,
                "extras": 0,
                "total": 0
              }
            },
            {
              "batter": "AR Patel",
              "bowler": "JR Hazlewood",
              "non_striker": "KL Rahul",
              "runs": {
                "batter": 0,
                "extras": 0,
                "total": 0
              },
              "wickets": [
                {
                  "player_out": "AR Patel",
                  "kind": "bowled"
                }
              ]
            },
            {
              "batter": "T Stubbs",
              "bowler": "JR Hazlewood",
              "non_striker": "KL Rahul",
              "runs": {
                "batter": 1,
                "extras": 0,
                "total": 1
              }
            },
            {
              "batter": "KL Rahul",
              "bowler": "JR Hazlewood",
              "non_striker": "T Stubbs",
              "runs": {
                "batter": 1,
                "extras": 0,
                "total": 1
              }
            }
          ]
        },
        {
          "over": 14,
          "deliveries": [
            {
              "batter": "KL Rahul",
              "bowler": "Suyash Sharma",
              "non_striker": "T Stubbs",
              "runs": {
                "batter": 0,
                "extras": 0,
                "total": 0
              }
            },
            {
              "batter": "KL Rahul",
              "bowler": "Suyash Sharma",
              "non_striker": "T Stubbs",
              "runs": {
                "batter": 0,
                "extras": 0,
                "total": 0
              }
            },
            {
              "batter": "KL Rahul",
              "bowler": "Suyash Sharma",
              "non_striker": "T Stubbs",
              "runs": {
                "batter": 1,
                "extras": 0,
                "total": 1
              }
            },
            {
              "batter": "T Stubbs",
              "bowler": "Suyash Sharma",
              "non_striker": "KL Rahul",
              "runs": {
                "batter": 1,
                "extras": 0,
                "total": 1
              }
            },
            {
              "batter": "KL Rahul",
              "bowler": "Suyash Sharma",
              "non_striker": "T Stubbs",
              "runs": {
                "batter": 1,
                "extras": 0,
                "total": 1
              }
            },
            {
              "batter": "T Stubbs",
              "bowler": "Suyash Sharma",
              "non_striker": "KL Rahul",
              "runs": {
                "batter": 1,
                "extras": 0,
                "total": 1
              }
            }
          ]
        },
        {
          "over": 15,
          "deliveries": [
            {
              "batter": "T Stubbs",
              "bowler": "KH Pandya",
              "non_striker": "KL Rahul",
              "replacements": {
                "match": [
                  {
                    "in": "D Padikkal",
                    "out": "Suyash Sharma",
                    "team": "Royal Challengers Bengaluru",
                    "reason": "impact_player"
                  }
                ]
              },
              "runs": {
                "batter": 1,
                "extras": 0,
                "total": 1
              }
            },
            {
              "batter": "KL Rahul",
              "bowler": "KH Pandya",
              "non_striker": "T Stubbs",
              "runs": {
                "batter": 2,
                "extras": 0,
                "total": 2
              }
            },
            {
              "batter": "KL Rahul",
              "bowler": "KH Pandya",
              "non_striker": "T Stubbs",
              "runs": {
                "batter": 1,
                "extras": 0,
                "total": 1
              }
            },
            {
              "batter": "T Stubbs",
              "bowler": "KH Pandya",
              "non_striker": "KL Rahul",
              "runs": {
                "batter": 1,
                "extras": 0,
                "total": 1
              }
            },
            {
              "batter": "KL Rahul",
              "bowler": "KH Pandya",
              "non_striker": "T Stubbs",
              "runs": {
                "batter": 2,
                "extras": 0,
                "total": 2
              }
            },
            {
              "batter": "KL Rahul",
              "bowler": "KH Pandya",
              "non_striker": "T Stubbs",
              "runs": {
                "batter": 2,
                "extras": 0,
                "total": 2
              }
            }
          ]
        },
        {
          "over": 16,
          "deliveries": [
            {
              "batter": "T Stubbs",
              "bowler": "B Kumar",
              "non_striker": "KL Rahul",
              "runs": {
                "batter": 1,
                "extras": 0,
                "total": 1
              }
            },
            {
              "batter": "KL Rahul",
              "bowler": "B Kumar",
              "non_striker": "T Stubbs",
              "runs": {
                "batter": 0,
                "extras": 0,
                "total": 0
              },
              "wickets": [
                {
                  "player_out": "KL Rahul",
                  "fielders": [
                    {
                      "name": "JG Bethell"
                    }
                  ],
                  "kind": "caught"
                }
              ]
            },
            {
              "batter": "Ashutosh Sharma",
              "bowler": "B Kumar",
              "non_striker": "T Stubbs",
              "replacements": {
                "match": [
                  {
                    "in": "Ashutosh Sharma",
                    "out": "F du Plessis",
                    "team": "Delhi Capitals",
                    "reason": "impact_player"
                  }
                ]
              },
              "runs": {
                "batter": 0,
                "extras": 0,
                "total": 0
              }
            },
            {
              "batter": "Ashutosh Sharma",
              "bowler": "B Kumar",
              "non_striker": "T Stubbs",
              "runs": {
                "batter": 2,
                "extras": 0,
                "total": 2
              }
            },
            {
              "batter": "Ashutosh Sharma",
              "bowler": "B Kumar",
              "non_striker": "T Stubbs",
              "runs": {
                "batter": 0,
                "extras": 0,
                "total": 0
              },
              "wickets": [
                {
                  "player_out": "Ashutosh Sharma",
                  "kind": "bowled"
                }
              ]
            },
            {
              "batter": "V Nigam",
              "bowler": "B Kumar",
              "non_striker": "T Stubbs",
              "runs": {
                "batter": 0,
                "extras": 0,
                "total": 0
              }
            }
          ]
        },
        {
          "over": 17,
          "deliveries": [
            {
              "batter": "T Stubbs",
              "bowler": "JR Hazlewood",
              "non_striker": "V Nigam",
              "runs": {
                "batter": 4,
                "extras": 0,
                "total": 4
              }
            },
            {
              "batter": "T Stubbs",
              "bowler": "JR Hazlewood",
              "non_striker": "V Nigam",
              "runs": {
                "batter": 1,
                "extras": 0,
                "total": 1
              }
            },
            {
              "batter": "V Nigam",
              "bowler": "JR Hazlewood",
              "non_striker": "T Stubbs",
              "runs": {
                "batter": 6,
                "extras": 0,
                "total": 6
              }
            },
            {
              "batter": "V Nigam",
              "bowler": "JR Hazlewood",
              "non_striker": "T Stubbs",
              "runs": {
                "batter": 1,
                "extras": 0,
                "total": 1
              }
            },
            {
              "batter": "T Stubbs",
              "bowler": "JR Hazlewood",
              "extras": {
                "wides": 1
              },
              "non_striker": "V Nigam",
              "runs": {
                "batter": 0,
                "extras": 1,
                "total": 1
              }
            },
            {
              "batter": "T Stubbs",
              "bowler": "JR Hazlewood",
              "non_striker": "V Nigam",
              "runs": {
                "batter": 4,
                "extras": 0,
                "total": 4
              }
            },
            {
              "batter": "T Stubbs",
              "bowler": "JR Hazlewood",
              "non_striker": "V Nigam",
              "runs": {
                "batter": 0,
                "extras": 0,
                "total": 0
              }
            }
          ]
        },
        {
          "over": 18,
          "deliveries": [
            {
              "batter": "V Nigam",
              "bowler": "Yash Dayal",
              "non_striker": "T Stubbs",
              "runs": {
                "batter": 4,
                "extras": 0,
                "non_boundary": true,
                "total": 4
              }
            },
            {
              "batter": "V Nigam",
              "bowler": "Yash Dayal",
              "non_striker": "T Stubbs",
              "runs": {
                "batter": 1,
                "extras": 0,
                "total": 1
              }
            },
            {
              "batter": "T Stubbs",
              "bowler": "Yash Dayal",
              "non_striker": "V Nigam",
              "runs": {
                "batter": 4,
                "extras": 0,
                "total": 4
              }
            },
            {
              "batter": "T Stubbs",
              "bowler": "Yash Dayal",
              "non_striker": "V Nigam",
              "runs": {
                "batter": 6,
                "extras": 0,
                "total": 6
              }
            },
            {
              "batter": "T Stubbs",
              "bowler": "Yash Dayal",
              "non_striker": "V Nigam",
              "runs": {
                "batter": 0,
                "extras": 0,
                "total": 0
              }
            },
            {
              "batter": "T Stubbs",
              "bowler": "Yash Dayal",
              "non_striker": "V Nigam",
              "runs": {
                "batter": 4,
                "extras": 0,
                "total": 4
              }
            }
          ]
        },
        {
          "over": 19,
          "deliveries": [
            {
              "batter": "V Nigam",
              "bowler": "B Kumar",
              "extras": {
                "legbyes": 1
              },
              "non_striker": "T Stubbs",
              "runs": {
                "batter": 0,
                "extras": 1,
                "total": 1
              }
            },
            {
              "batter": "T Stubbs",
              "bowler": "B Kumar",
              "non_striker": "V Nigam",
              "runs": {
                "batter": 1,
                "extras": 0,
                "total": 1
              },
              "wickets": [
                {
                  "player_out": "V Nigam",
                  "fielders": [
                    {
                      "name": "V Kohli"
                    },
                    {
                      "name": "B Kumar"
                    }
                  ],
                  "kind": "run out"
                }
              ]
            },
            {
              "batter": "T Stubbs",
              "bowler": "B Kumar",
              "non_striker": "MA Starc",
              "runs": {
                "batter": 0,
                "extras": 0,
                "total": 0
              }
            },
            {
              "batter": "T Stubbs",
              "bowler": "B Kumar",
              "non_striker": "MA Starc",
              "runs": {
                "batter": 4,
                "extras": 0,
                "total": 4
              }
            },
            {
              "batter": "T Stubbs",
              "bowler": "B Kumar",
              "non_striker": "MA Starc",
              "runs": {
                "batter": 0,
                "extras": 0,
                "total": 0
              },
              "wickets": [
                {
                  "player_out": "T Stubbs",
                  "fielders": [
                    {
                      "name": "JR Hazlewood"
                    }
                  ],
                  "kind": "caught"
                }
              ]
            },
            {
              "batter": "PVD Chameera",
              "bowler": "B Kumar",
              "non_striker": "MA Starc",
              "runs": {
                "batter": 0,
                "extras": 0,
                "total": 0
              }
            }
          ]
        }
      ],
      "powerplays": [
        {
          "from": 0.1,
          "to": 5.6,
          "type": "mandatory"
        }
      ]
    },
    {
      "team": "Royal Challengers Bengaluru",
      "overs": [
        {
          "over": 0,
          "deliveries": [
            {
              "batter": "JG Bethell",
              "bowler": "AR Patel",
              "non_striker": "V Kohli",
              "runs": {
                "batter": 1,
                "extras": 0,
                "total": 1
              }
            },
            {
              "batter": "V Kohli",
              "bowler": "AR Patel",
              "non_striker": "JG Bethell",
              "runs": {
                "batter": 0,
                "extras": 0,
                "total": 0
              }
            },
            {
              "batter": "V Kohli",
              "bowler": "AR Patel",
              "non_striker": "JG Bethell",
              "runs": {
                "batter": 1,
                "extras": 0,
                "total": 1
              }
            },
            {
              "batter": "JG Bethell",
              "bowler": "AR Patel",
              "non_striker": "V Kohli",
              "runs": {
                "batter": 0,
                "extras": 0,
                "total": 0
              }
            },
            {
              "batter": "JG Bethell",
              "bowler": "AR Patel",
              "non_striker": "V Kohli",
              "runs": {
                "batter": 1,
                "extras": 0,
                "total": 1
              }
            },
            {
              "batter": "V Kohli",
              "bowler": "AR Patel",
              "non_striker": "JG Bethell",
              "runs": {
                "batter": 1,
                "extras": 0,
                "total": 1
              }
            }
          ]
        },
        {
          "over": 1,
          "deliveries": [
            {
              "batter": "V Kohli",
              "bowler": "MA Starc",
              "non_striker": "JG Bethell",
              "runs": {
                "batter": 0,
                "extras": 0,
                "total": 0
              }
            },
            {
              "batter": "V Kohli",
              "bowler": "MA Starc",
              "non_striker": "JG Bethell",
              "runs": {
                "batter": 0,
                "extras": 0,
                "total": 0
              }
            },
            {
              "batter": "V Kohli",
              "bowler": "MA Starc",
              "non_striker": "JG Bethell",
              "runs": {
                "batter": 4,
                "extras": 0,
                "total": 4
              }
            },
            {
              "batter": "V Kohli",
              "bowler": "MA Starc",
              "non_striker": "JG Bethell",
              "runs": {
                "batter": 1,
                "extras": 0,
                "total": 1
              }
            },
            {
              "batter": "JG Bethell",
              "bowler": "MA Starc",
              "non_striker": "V Kohli",
              "runs": {
                "batter": 6,
                "extras": 0,
                "total": 6
              }
            },
            {
              "batter": "JG Bethell",
              "bowler": "MA Starc",
              "non_striker": "V Kohli",
              "runs": {
                "batter": 4,
                "extras": 0,
                "total": 4
              }
            }
          ]
        },
        {
          "over": 2,
          "deliveries": [
            {
              "batter": "V Kohli",
              "bowler": "AR Patel",
              "non_striker": "JG Bethell",
              "runs": {
                "batter": 1,
                "extras": 0,
                "total": 1
              }
            },
            {
              "batter": "JG Bethell",
              "bowler": "AR Patel",
              "non_striker": "V Kohli",
              "runs": {
                "batter": 0,
                "extras": 0,
                "total": 0
              },
              "wickets": [
                {
                  "player_out": "JG Bethell",
                  "fielders": [
                    {
                      "name": "KK Nair"
                    }
                  ],
                  "kind": "caught"
                }
              ]
            },
            {
              "batter": "D Padikkal",
              "bowler": "AR Patel",
              "non_striker": "V Kohli",
              "runs": {
                "batter": 0,
                "extras": 0,
                "total": 0
              }
            },
            {
              "batter": "D Padikkal",
              "bowler": "AR Patel",
              "non_striker": "V Kohli",
              "runs": {
                "batter": 0,
                "extras": 0,
                "total": 0
              },
              "wickets": [
                {
                  "player_out": "D Padikkal",
                  "kind": "bowled"
                }
              ]
            },
            {
              "batter": "RM Patidar",
              "bowler": "AR Patel",
              "non_striker": "V Kohli",
              "runs": {
                "batter": 1,
                "extras": 0,
                "total": 1
              }
            },
            {
              "batter": "V Kohli",
              "bowler": "AR Patel",
              "non_striker": "RM Patidar",
              "runs": {
                "batter": 0,
                "extras": 0,
                "total": 0
              }
            }
          ]
        },
        {
          "over": 3,
          "deliveries": [
            {
              "batter": "RM Patidar",
              "bowler": "Mukesh Kumar",
              "non_striker": "V Kohli",
              "runs": {
                "batter": 4,
                "extras": 0,
                "total": 4
              }
            },
            {
              "batter": "RM Patidar",
              "bowler": "Mukesh Kumar",
              "non_striker": "V Kohli",
              "runs": {
                "batter": 0,
                "extras": 0,
                "total": 0
              }
            },
            {
              "batter": "RM Patidar",
              "bowler": "Mukesh Kumar",
              "non_striker": "V Kohli",
              "runs": {
                "batter": 0,
                "extras": 0,
                "total": 0
              }
            },
            {
              "batter": "RM Patidar",
              "bowler": "Mukesh Kumar",
              "non_striker": "V Kohli",
              "runs": {
                "batter": 0,
                "extras": 0,
                "total": 0
              }
            },
            {
              "batter": "RM Patidar",
              "bowler": "Mukesh Kumar",
              "non_striker": "V Kohli",
              "runs": {
                "batter": 1,
                "extras": 0,
                "total": 1
              }
            },
            {
              "batter": "V Kohli",
              "bowler": "Mukesh Kumar",
              "non_striker": "RM Patidar",
              "runs": {
                "batter": 0,
                "extras": 0,
                "total": 0
              },
              "wickets": [
                {
                  "player_out": "RM Patidar",
                  "fielders": [
                    {
                      "name": "KK Nair"
                    }
                  ],
                  "kind": "run out"
                }
              ]
            }
          ]
        },
        {
          "over": 4,
          "deliveries": [
            {
              "batter": "KH Pandya",
              "bowler": "AR Patel",
              "non_striker": "V Kohli",
              "runs": {
                "batter": 0,
                "extras": 0,
                "total": 0
              }
            },
            {
              "batter": "KH Pandya",
              "bowler": "AR Patel",
              "non_striker": "V Kohli",
              "runs": {
                "batter": 1,
                "extras": 0,
                "total": 1
              }
            },
            {
              "batter": "V Kohli",
              "bowler": "AR Patel",
              "non_striker": "KH Pandya",
              "runs": {
                "batter": 1,
                "extras": 0,
                "total": 1
              }
            },
            {
              "batter": "KH Pandya",
              "bowler": "AR Patel",
              "non_striker": "V Kohli",
              "runs": {
                "batter": 0,
                "extras": 0,
                "total": 0
              }
            },
            {
              "batter": "KH Pandya",
              "bowler": "AR Patel",
              "non_striker": "V Kohli",
              "runs": {
                "batter": 1,
                "extras": 0,
                "total": 1
              }
            },
            {
              "batter": "V Kohli",
              "bowler": "AR Patel",
              "non_striker": "KH Pandya",
              "runs": {
                "batter": 1,
                "extras": 0,
                "total": 1
              }
            }
          ]
        },
        {
          "over": 5,
          "deliveries": [
            {
              "batter": "V Kohli",
              "bowler": "MA Starc",
              "non_striker": "KH Pandya",
              "runs": {
                "batter": 4,
                "extras": 0,
                "total": 4
              }
            },
            {
              "batter": "V Kohli",
              "bowler": "MA Starc",
              "non_striker": "KH Pandya",
              "runs": {
                "batter": 1,
                "extras": 0,
                "total": 1
              }
            },
            {
              "batter": "KH Pandya",
              "bowler": "MA Starc",
              "non_striker": "V Kohli",
              "runs": {
                "batter": 0,
                "extras": 0,
                "total": 0
              }
            },
            {
              "batter": "KH Pandya",
              "bowler": "MA Starc",
              "non_striker": "V Kohli",
              "runs": {
                "batter": 0,
                "extras": 0,
                "total": 0
              }
            },
            {
              "batter": "KH Pandya",
              "bowler": "MA Starc",
              "non_striker": "V Kohli",
              "runs": {
                "batter": 0,
                "extras": 0,
                "total": 0
              }
            },
            {
              "batter": "KH Pandya",
              "bowler": "MA Starc",
              "non_striker": "V Kohli",
              "runs": {
                "batter": 0,
                "extras": 0,
                "total": 0
              }
            }
          ]
        },
        {
          "over": 6,
          "deliveries": [
            {
              "batter": "V Kohli",
              "bowler": "V Nigam",
              "non_striker": "KH Pandya",
              "runs": {
                "batter": 0,
                "extras": 0,
                "total": 0
              }
            },
            {
              "batter": "V Kohli",
              "bowler": "V Nigam",
              "non_striker": "KH Pandya",
              "runs": {
                "batter": 2,
                "extras": 0,
                "total": 2
              }
            },
            {
              "batter": "V Kohli",
              "bowler": "V Nigam",
              "non_striker": "KH Pandya",
              "runs": {
                "batter": 1,
                "extras": 0,
                "total": 1
              }
            },
            {
              "batter": "KH Pandya",
              "bowler": "V Nigam",
              "extras": {
                "noballs": 1
              },
              "non_striker": "V Kohli",
              "runs": {
                "batter": 4,
                "extras": 1,
                "total": 5
              }
            },
            {
              "batter": "KH Pandya",
              "bowler": "V Nigam",
              "non_striker": "V Kohli",
              "runs": {
                "batter": 1,
                "extras": 0,
                "total": 1
              }
            },
            {
              "batter": "V Kohli",
              "bowler": "V Nigam",
              "non_striker": "KH Pandya",
              "runs": {
                "batter": 1,
                "extras": 0,
                "total": 1
              }
            },
            {
              "batter": "KH Pandya",
              "bowler": "V Nigam",
              "non_striker": "V Kohli",
              "runs": {
                "batter": 2,
                "extras": 0,
                "total": 2
              }
            }
          ]
        },
        {
          "over": 7,
          "deliveries": [
            {
              "batter": "V Kohli",
              "bowler": "Kuldeep Yadav",
              "non_striker": "KH Pandya",
              "runs": {
                "batter": 1,
                "extras": 0,
                "total": 1
              }
            },
            {
              "batter": "KH Pandya",
              "bowler": "Kuldeep Yadav",
              "non_striker": "V Kohli",
              "runs": {
                "batter": 0,
                "extras": 0,
                "total": 0
              }
            },
            {
              "batter": "KH Pandya",
              "bowler": "Kuldeep Yadav",
              "non_striker": "V Kohli",
              "runs": {
                "batter": 0,
                "extras": 0,
                "total": 0
              }
            },
            {
              "batter": "KH Pandya",
              "bowler": "Kuldeep Yadav",
              "non_striker": "V Kohli",
              "review": {
                "by": "Delhi Capitals",
                "umpire": "Nitin Menon",
                "batter": "KH Pandya",
                "decision": "struck down",
                "type": "wicket"
              },
              "runs": {
                "batter": 0,
                "extras": 0,
                "total": 0
              }
            },
            {
              "batter": "KH Pandya",
              "bowler": "Kuldeep Yadav",
              "non_striker": "V Kohli",
              "runs": {
                "batter": 0,
                "extras": 0,
                "total": 0
              }
            },
            {
              "batter": "KH Pandya",
              "bowler": "Kuldeep Yadav",
              "non_striker": "V Kohli",
              "runs": {
                "batter": 2,
                "extras": 0,
                "total": 2
              }
            }
          ]
        },
        {
          "over": 8,
          "deliveries": [
            {
              "batter": "V Kohli",
              "bowler": "PVD Chameera",
              "non_striker": "KH Pandya",
              "runs": {
                "batter": 1,
                "extras": 0,
                "total": 1
              }
            },
            {
              "batter": "KH Pandya",
              "bowler": "PVD Chameera",
              "non_striker": "V Kohli",
              "runs": {
                "batter": 1,
                "extras": 0,
                "total": 1
              }
            },
            {
              "batter": "V Kohli",
              "bowler": "PVD Chameera",
              "non_striker": "KH Pandya",
              "runs": {
                "batter": 1,
                "extras": 0,
                "total": 1
              }
            },
            {
              "batter": "KH Pandya",
              "bowler": "PVD Chameera",
              "non_striker": "V Kohli",
              "runs": {
                "batter": 1,
                "extras": 0,
                "total": 1
              }
            },
            {
              "batter": "V Kohli",
              "bowler": "PVD Chameera",
              "non_striker": "KH Pandya",
              "runs": {
                "batter": 1,
                "extras": 0,
                "total": 1
              }
            },
            {
              "batter": "KH Pandya",
              "bowler": "PVD Chameera",
              "non_striker": "V Kohli",
              "runs": {
                "batter": 1,
                "extras": 0,
                "total": 1
              }
            }
          ]
        },
        {
          "over": 9,
          "deliveries": [
            {
              "batter": "KH Pandya",
              "bowler": "Kuldeep Yadav",
              "non_striker": "V Kohli",
              "runs": {
                "batter": 2,
                "extras": 0,
                "total": 2
              }
            },
            {
              "batter": "KH Pandya",
              "bowler": "Kuldeep Yadav",
              "non_striker": "V Kohli",
              "runs": {
                "batter": 1,
                "extras": 0,
                "total": 1
              }
            },
            {
              "batter": "V Kohli",
              "bowler": "Kuldeep Yadav",
              "non_striker": "KH Pandya",
              "runs": {
                "batter": 0,
                "extras": 0,
                "total": 0
              }
            },
            {
              "batter": "V Kohli",
              "bowler": "Kuldeep Yadav",
              "non_striker": "KH Pandya",
              "runs": {
                "batter": 0,
                "extras": 0,
                "total": 0
              }
            },
            {
              "batter": "V Kohli",
              "bowler": "Kuldeep Yadav",
              "non_striker": "KH Pandya",
              "runs": {
                "batter": 4,
                "extras": 0,
                "total": 4
              }
            },
            {
              "batter": "V Kohli",
              "bowler": "Kuldeep Yadav",
              "non_striker": "KH Pandya",
              "runs": {
                "batter": 1,
                "extras": 0,
                "total": 1
              }
            }
          ]
        },
        {
          "over": 10,
          "deliveries": [
            {
              "batter": "V Kohli",
              "bowler": "PVD Chameera",
              "non_striker": "KH Pandya",
              "runs": {
                "batter": 1,
                "extras": 0,
                "total": 1
              }
            },
            {
              "batter": "KH Pandya",
              "bowler": "PVD Chameera",
              "non_striker": "V Kohli",
              "runs": {
                "batter": 6,
                "extras": 0,
                "total": 6
              }
            },
            {
              "batter": "KH Pandya",
              "bowler": "PVD Chameera",
              "non_striker": "V Kohli",
              "runs": {
                "batter": 0,
                "extras": 0,
                "total": 0
              }
            },
            {
              "batter": "KH Pandya",
              "bowler": "PVD Chameera",
              "non_striker": "V Kohli",
              "runs": {
                "batter": 1,
                "extras": 0,
                "total": 1
              }
            },
            {
              "batter": "V Kohli",
              "bowler": "PVD Chameera",
              "non_striker": "KH Pandya",
              "runs": {
                "batter": 0,
                "extras": 0,
                "total": 0
              }
            },
            {
              "batter": "V Kohli",
              "bowler": "PVD Chameera",
              "non_striker": "KH Pandya",
              "runs": {
                "batter": 1,
                "extras": 0,
                "total": 1
              }
            }
          ]
        },
        {
          "over": 11,
          "deliveries": [
            {
              "batter": "V Kohli",
              "bowler": "Kuldeep Yadav",
              "non_striker": "KH Pandya",
              "runs": {
                "batter": 2,
                "extras": 0,
                "total": 2
              }
            },
            {
              "batter": "V Kohli",
              "bowler": "Kuldeep Yadav",
              "non_striker": "KH Pandya",
              "runs": {
                "batter": 1,
                "extras": 0,
                "total": 1
              }
            },
            {
              "batter": "KH Pandya",
              "bowler": "Kuldeep Yadav",
              "non_striker": "V Kohli",
              "runs": {
                "batter": 1,
                "extras": 0,
                "total": 1
              }
            },
            {
              "batter": "V Kohli",
              "bowler": "Kuldeep Yadav",
              "non_striker": "KH Pandya",
              "runs": {
                "batter": 1,
                "extras": 0,
                "total": 1
              }
            },
            {
              "batter": "KH Pandya",
              "bowler": "Kuldeep Yadav",
              "non_striker": "V Kohli",
              "runs": {
                "batter": 0,
                "extras": 0,
                "total": 0
              }
            },
            {
              "batter": "KH Pandya",
              "bowler": "Kuldeep Yadav",
              "non_striker": "V Kohli",
              "runs": {
                "batter": 0,
                "extras": 0,
                "total": 0
              }
            }
          ]
        },
        {
          "over": 12,
          "deliveries": [
            {
              "batter": "V Kohli",
              "bowler": "Mukesh Kumar",
              "non_striker": "KH Pandya",
              "runs": {
                "batter": 1,
                "extras": 0,
                "total": 1
              }
            },
            {
              "batter": "KH Pandya",
              "bowler": "Mukesh Kumar",
              "non_striker": "V Kohli",
              "runs": {
                "batter": 0,
                "extras": 0,
                "total": 0
              }
            },
            {
              "batter": "KH Pandya",
              "bowler": "Mukesh Kumar",
              "non_striker": "V Kohli",
              "runs": {
                "batter": 6,
                "extras": 0,
                "total": 6
              }
            },
            {
              "batter": "KH Pandya",
              "bowler": "Mukesh Kumar",
              "non_striker": "V Kohli",
              "runs": {
                "batter": 6,
                "extras": 0,
                "total": 6
              }
            },
            {
              "batter": "KH Pandya",
              "bowler": "Mukesh Kumar",
              "non_striker": "V Kohli",
              "runs": {
                "batter": 0,
                "extras": 0,
                "total": 0
              }
            },
            {
              "batter": "KH Pandya",
              "bowler": "Mukesh Kumar",
              "non_striker": "V Kohli",
              "runs": {
                "batter": 2,
                "extras": 0,
                "total": 2
              }
            }
          ]
        },
        {
          "over": 13,
          "deliveries": [
            {
              "batter": "V Kohli",
              "bowler": "Kuldeep Yadav",
              "non_striker": "KH Pandya",
              "runs": {
                "batter": 2,
                "extras": 0,
                "total": 2
              }
            },
            {
              "batter": "V Kohli",
              "bowler": "Kuldeep Yadav",
              "non_striker": "KH Pandya",
              "runs": {
                "batter": 1,
                "extras": 0,
                "total": 1
              }
            },
            {
              "batter": "KH Pandya",
              "bowler": "Kuldeep Yadav",
              "non_striker": "V Kohli",
              "runs": {
                "batter": 6,
                "extras": 0,
                "total": 6
              }
            },
            {
              "batter": "KH Pandya",
              "bowler": "Kuldeep Yadav",
              "non_striker": "V Kohli",
              "runs": {
                "batter": 1,
                "extras": 0,
                "total": 1
              }
            },
            {
              "batter": "V Kohli",
              "bowler": "Kuldeep Yadav",
              "non_striker": "KH Pandya",
              "runs": {
                "batter": 1,
                "extras": 0,
                "total": 1
              }
            },
            {
              "batter": "KH Pandya",
              "bowler": "Kuldeep Yadav",
              "non_striker": "V Kohli",
              "runs": {
                "batter": 1,
                "extras": 0,
                "total": 1
              }
            }
          ]
        },
        {
          "over": 14,
          "deliveries": [
            {
              "batter": "KH Pandya",
              "bowler": "AR Patel",
              "non_striker": "V Kohli",
              "runs": {
                "batter": 1,
                "extras": 0,
                "total": 1
              }
            },
            {
              "batter": "V Kohli",
              "bowler": "AR Patel",
              "non_striker": "KH Pandya",
              "runs": {
                "batter": 1,
                "extras": 0,
                "total": 1
              }
            },
            {
              "batter": "KH Pandya",
              "bowler": "AR Patel",
              "extras": {
                "wides": 1
              },
              "non_striker": "V Kohli",
              "runs": {
                "batter": 0,
                "extras": 1,
                "total": 1
              }
            },
            {
              "batter": "KH Pandya",
              "bowler": "AR Patel",
              "non_striker": "V Kohli",
              "runs": {
                "batter": 1,
                "extras": 0,
                "total": 1
              }
            },
            {
              "batter": "V Kohli",
              "bowler": "AR Patel",
              "non_striker": "KH Pandya",
              "runs": {
                "batter": 0,
                "extras": 0,
                "total": 0
              }
            },
            {
              "batter": "V Kohli",
              "bowler": "AR Patel",
              "non_striker": "KH Pandya",
              "runs": {
                "batter": 1,
                "extras": 0,
                "total": 1
              }
            },
            {
              "batter": "KH Pandya",
              "bowler": "AR Patel",
              "non_striker": "V Kohli",
              "runs": {
                "batter": 4,
                "extras": 0,
                "total": 4
              }
            }
          ]
        },
        {
          "over": 15,
          "deliveries": [
            {
              "batter": "V Kohli",
              "bowler": "MA Starc",
              "non_striker": "KH Pandya",
              "runs": {
                "batter": 1,
                "extras": 0,
                "total": 1
              }
            },
            {
              "batter": "KH Pandya",
              "bowler": "MA Starc",
              "non_striker": "V Kohli",
              "runs": {
                "batter": 1,
                "extras": 0,
                "total": 1
              }
            },
            {
              "batter": "V Kohli",
              "bowler": "MA Starc",
              "non_striker": "KH Pandya",
              "runs": {
                "batter": 4,
                "extras": 0,
                "total": 4
              }
            },
            {
              "batter": "V Kohli",
              "bowler": "MA Starc",
              "non_striker": "KH Pandya",
              "runs": {
                "batter": 2,
                "extras": 0,
                "total": 2
              }
            },
            {
              "batter": "V Kohli",
              "bowler": "MA Starc",
              "non_striker": "KH Pandya",
              "runs": {
                "batter": 1,
                "extras": 0,
                "total": 1
              }
            },
            {
              "batter": "KH Pandya",
              "bowler": "MA Starc",
              "non_striker": "V Kohli",
              "runs": {
                "batter": 2,
                "extras": 0,
                "total": 2
              }
            }
          ]
        },
        {
          "over": 16,
          "deliveries": [
            {
              "batter": "V Kohli",
              "bowler": "Mukesh Kumar",
              "non_striker": "KH Pandya",
              "runs": {
                "batter": 0,
                "extras": 0,
                "total": 0
              }
            },
            {
              "batter": "V Kohli",
              "bowler": "Mukesh Kumar",
              "non_striker": "KH Pandya",
              "runs": {
                "batter": 1,
                "extras": 0,
                "total": 1
              }
            },
            {
              "batter": "KH Pandya",
              "bowler": "Mukesh Kumar",
              "non_striker": "V Kohli",
              "runs": {
                "batter": 2,
                "extras": 0,
                "total": 2
              }
            },
            {
              "batter": "KH Pandya",
              "bowler": "Mukesh Kumar",
              "non_striker": "V Kohli",
              "runs": {
                "batter": 4,
                "extras": 0,
                "total": 4
              }
            },
            {
              "batter": "KH Pandya",
              "bowler": "Mukesh Kumar",
              "non_striker": "V Kohli",
              "runs": {
                "batter": 4,
                "extras": 0,
                "total": 4
              }
            },
            {
              "batter": "KH Pandya",
              "bowler": "Mukesh Kumar",
              "non_striker": "V Kohli",
              "runs": {
                "batter": 1,
                "extras": 0,
                "total": 1
              }
            }
          ]
        },
        {
          "over": 17,
          "deliveries": [
            {
              "batter": "KH Pandya",
              "bowler": "PVD Chameera",
              "extras": {
                "wides": 1
              },
              "non_striker": "V Kohli",
              "runs": {
                "batter": 0,
                "extras": 1,
                "total": 1
              }
            },
            {
              "batter": "KH Pandya",
              "bowler": "PVD Chameera",
              "non_striker": "V Kohli",
              "runs": {
                "batter": 4,
                "extras": 0,
                "total": 4
              }
            },
            {
              "batter": "KH Pandya",
              "bowler": "PVD Chameera",
              "non_striker": "V Kohli",
              "runs": {
                "batter": 1,
                "extras": 0,
                "total": 1
              }
            },
            {
              "batter": "V Kohli",
              "bowler": "PVD Chameera",
              "non_striker": "KH Pandya",
              "runs": {
                "batter": 1,
                "extras": 0,
                "total": 1
              }
            },
            {
              "batter": "KH Pandya",
              "bowler": "PVD Chameera",
              "non_striker": "V Kohli",
              "runs": {
                "batter": 1,
                "extras": 0,
                "total": 1
              }
            },
            {
              "batter": "V Kohli",
              "bowler": "PVD Chameera",
              "non_striker": "KH Pandya",
              "runs": {
                "batter": 0,
                "extras": 0,
                "total": 0
              },
              "wickets": [
                {
                  "player_out": "V Kohli",
                  "fielders": [
                    {
                      "name": "MA Starc"
                    }
                  ],
                  "kind": "caught"
                }
              ]
            },
            {
              "batter": "TH David",
              "bowler": "PVD Chameera",
              "non_striker": "KH Pandya",
              "runs": {
                "batter": 1,
                "extras": 0,
                "total": 1
              }
            }
          ]
        },
        {
          "over": 18,
          "deliveries": [
            {
              "batter": "TH David",
              "bowler": "Mukesh Kumar",
              "non_striker": "KH Pandya",
              "runs": {
                "batter": 6,
                "extras": 0,
                "total": 6
              }
            },
            {
              "batter": "TH David",
              "bowler": "Mukesh Kumar",
              "extras": {
                "noballs": 1
              },
              "non_striker": "KH Pandya",
              "runs": {
                "batter": 4,
                "extras": 1,
                "total": 5
              }
            },
            {
              "batter": "TH David",
              "bowler": "Mukesh Kumar",
              "non_striker": "KH Pandya",
              "runs": {
                "batter": 4,
                "extras": 0,
                "total": 4
              }
            },
            {
              "batter": "TH David",
              "bowler": "Mukesh Kumar",
              "non_striker": "KH Pandya",
              "runs": {
                "batter": 4,
                "extras": 0,
                "total": 4
              }
            }
          ]
        }
      ],
      "powerplays": [
        {
          "from": 0.1,
          "to": 5.6,
          "type": "mandatory"
        }
      ],
      "target": {
        "overs": 20,
        "runs": 163
      }
    }
  ]
}