{
  "meta": {
    "data_version": "1.1.0",
    "created": "2025-04-01",
    "revision": 1
  },
  "info": {
    "balls_per_over": 6,
    "city": "Ahmedabad",
    "dates": [
      "2025-03-29"
    ],
    "event": {
      "name": "Indian Premier League",
      "match_number": 9
    },
    "gender": "male",
    "match_type": "T20",
    "officials": {
      "match_referees": [
        "Prakash Bhatt"
      ],
      "reserve_umpires": [
        "TM Srivastava"
      ],
      "tv_umpires": [
        "J Madanagopal"
      ],
      "umpires": [
        "A Bengeri",
        "Vinod Seshan"
      ]
    },
    "outcome": {
      "winner": "Gujarat Titans",
      "by": {
        "runs": 36
      }
    },
    "overs": 20,
    "player_of_match": [
      "M Prasidh Krishna"
    ],
    "players": {
      "Gujarat Titans": [
        "I Sharma",
        "B Sai Sudharsan",
        "Shubman Gill",
        "JC Buttler",
        "M Shahrukh Khan",
        "SE Rutherford",
        "R Tewatia",
        "Rashid Khan",
        "K Rabada",
        "R Sai Kishore",
        "Mohammed Siraj",
        "M Prasidh Krishna"
      ],
      "Mumbai Indians": [
        "PVSN Raju",
        "RG Sharma",
        "RD Rickelton",
        "Tilak Varma",
        "SA Yadav",
        "R Minz",
        "HH Pandya",
        "Naman Dhir",
        "MJ Santner",
        "DL Chahar",
        "TA Boult",
        "Mujeeb Ur Rahman"
      ]
    },
    "registry": {
      "people": {
        "A Bengeri": "c109497d",
        "B Sai Sudharsan": "d5130a30",
        "DL Chahar": "23eeb873",
        "HH Pandya": "dbe50b21",
        "I Sharma": "5bb1a1c4",
        "J Madanagopal": "8275b04a",
        "JC Buttler": "99b75528",
        "K Rabada": "e62dd25d",
        "M Prasidh Krishna": "85e0cf10",
        "M Shahrukh Khan": "7dcb9bc9",
        "MJ Santner": "e4a0deae",
        "Mohammed Siraj": "2f49c897",
        "Mujeeb Ur Rahman": "7d92277a",
        "Naman Dhir": "fffa744b",
        "PVSN Raju": "c27b5a0e",
        "Prakash Bhatt": "f848ab0b",
        "R Minz": "bafd0398",
        "R Sai Kishore": "c7a995d3",
        "R Tewatia": "39a2dfa8",
        "RD Rickelton": "e66732f8",
        "RG Sharma": "740742ef",
        "Rashid Khan": "5f547c8b",
        "SA Yadav": "271f83cd",
        "SE Rutherford": "d014d5ac",
        "Shubman Gill": "b4b99816",
        "TA Boult": "a818c1be",
        "TM Srivastava": "a76d10ba",
        "Tilak Varma": "b0482a1d",
        "Vinod Seshan": "a3357a27"
      }
    },
    "season": "2025",
    "team_type": "club",
    "teams": [
      "Gujarat Titans",
      "Mumbai Indians"
    ],
    "toss": {
      "decision": "field",
      "winner": "Mumbai Indians"
    },
    "venue": "Narendra Modi Stadium, Ahmedabad"
  },
  "innings": [
    {
      "team": "Gujarat Titans",
      "overs": [
        {
          "over": 0,
          "deliveries": [
            {
              "batter": "B Sai Sudharsan",
              "bowler": "TA Boult",
              "non_striker": "Shubman Gill",
              "runs": {
                "batter": 0,
                "extras": 0,
                "total": 0
              }
            },
            {
              "batter": "B Sai Sudharsan",
              "bowler": "TA Boult",
              "non_striker": "Shubman Gill",
              "runs": {
                "batter": 0,
                "extras": 0,
                "total": 0
              }
            },
            {
              "batter": "B Sai Sudharsan",
              "bowler": "TA Boult",
              "non_striker": "Shubman Gill",
              "runs": {
                "batter": 1,
                "extras": 0,
                "total": 1
              }
            },
            {
              "batter": "Shubman Gill",
              "bowler": "TA Boult",
              "non_striker": "B Sai Sudharsan",
              "runs": {
                "batter": 0,
                "extras": 0,
                "total": 0
              }
            },
            {
              "batter": "Shubman Gill",
              "bowler": "TA Boult",
              "non_striker": "B Sai Sudharsan",
              "runs": {
                "batter": 2,
                "extras": 0,
                "total": 2
              }
            },
            {
              "batter": "Shubman Gill",
              "bowler": "TA Boult",
              "non_striker": "B Sai Sudharsan",
              "runs": {
                "batter": 4,
                "extras": 0,
                "total": 4
              }
            }
          ]
        },
        {
          "over": 1,
          "deliveries": [
            {
              "batter": "B Sai Sudharsan",
              "bowler": "DL Chahar",
              "non_striker": "Shubman Gill",
              "runs": {
                "batter": 1,
                "extras": 0,
                "total": 1
              }
            },
            {
              "batter": "Shubman Gill",
              "bowler": "DL Chahar",
              "non_striker": "B Sai Sudharsan",
              "runs": {
                "batter": 4,
                "extras": 0,
                "total": 4
              }
            },
            {
              "batter": "Shubman Gill",
              "bowler": "DL Chahar",
              "non_striker": "B Sai Sudharsan",
              "runs": {
                "batter": 0,
                "extras": 0,
                "total": 0
              }
            },
            {
              "batter": "Shubman Gill",
              "bowler": "DL Chahar",
              "non_striker": "B Sai Sudharsan",
              "runs": {
                "batter": 0,
                "extras": 0,
                "total": 0
              }
            },
            {
              "batter": "Shubman Gill",
              "bowler": "DL Chahar",
              "non_striker": "B Sai Sudharsan",
              "runs": {
                "batter": 2,
                "extras": 0,
                "total": 2
              }
            },
            {
              "batter": "Shubman Gill",
              "bowler": "DL Chahar",
              "non_striker": "B Sai Sudharsan",
              "runs": {
                "batter": 0,
                "extras": 0,
                "total": 0
              }
            }
          ]
        },
        {
          "over": 2,
          "deliveries": [
            {
              "batter": "B Sai Sudharsan",
              "bowler": "TA Boult",
              "non_striker": "Shubman Gill",
              "runs": {
                "batter": 0,
                "extras": 0,
                "total": 0
              }
            },
            {
              "batter": "B Sai Sudharsan",
              "bowler": "TA Boult",
              "non_striker": "Shubman Gill",
              "runs": {
                "batter": 4,
                "extras": 0,
                "total": 4
              }
            },
            {
              "batter": "B Sai Sudharsan",
              "bowler": "TA Boult",
              "non_striker": "Shubman Gill",
              "runs": {
                "batter": 2,
                "extras": 0,
                "total": 2
              }
            },
            {
              "batter": "B Sai Sudharsan",
              "bowler": "TA Boult",
              "non_striker": "Shubman Gill",
              "runs": {
                "batter": 4,
                "extras": 0,
                "total": 4
              }
            },
            {
              "batter": "B Sai Sudharsan",
              "bowler": "TA Boult",
              "non_striker": "Shubman Gill",
              "runs": {
                "batter": 1,
                "extras": 0,
                "total": 1
              }
            },
            {
              "batter": "Shubman Gill",
              "bowler": "TA Boult",
              "non_striker": "B Sai Sudharsan",
              "runs": {
                "batter": 1,
                "extras": 0,
                "total": 1
              }
            }
          ]
        },
        {
          "over": 3,
          "deliveries": [
            {
              "batter": "Shubman Gill",
              "bowler": "DL Chahar",
              "non_striker": "B Sai Sudharsan",
              "runs": {
                "batter": 1,
                "extras": 0,
                "total": 1
              }
            },
            {
              "batter": "B Sai Sudharsan",
              "bowler": "DL Chahar",
              "non_striker": "Shubman Gill",
              "runs": {
                "batter": 0,
                "extras": 0,
                "total": 0
              }
            },
            {
              "batter": "B Sai Sudharsan",
              "bowler": "DL Chahar",
              "non_striker": "Shubman Gill",
              "runs": {
                "batter": 1,
                "extras": 0,
                "total": 1
              }
            },
            {
              "batter": "Shubman Gill",
              "bowler": "DL Chahar",
              "non_striker": "B Sai Sudharsan",
              "runs": {
                "batter": 0,
                "extras": 0,
                "total": 0
              }
            },
            {
              "batter": "Shubman Gill",
              "bowler": "DL Chahar",
              "non_striker": "B Sai Sudharsan",
              "runs": {
                "batter": 1,
                "extras": 0,
                "total": 1
              }
            },
            {
              "batter": "B Sai Sudharsan",
              "bowler": "DL Chahar",
              "extras": {
                "wides": 1
              },
              "non_striker": "Shubman Gill",
              "runs": {
                "batter": 0,
                "extras": 1,
                "total": 1
              }
            },
            {
              "batter": "B Sai Sudharsan",
              "bowler": "DL Chahar",
              "non_striker": "Shubman Gill",
              "runs": {
                "batter": 1,
                "extras": 0,
                "total": 1
              }
            }
          ]
        },
        {
          "over": 4,
          "deliveries": [
            {
              "batter": "B Sai Sudharsan",
              "bowler": "Mujeeb Ur Rahman",
              "non_striker": "Shubman Gill",
              "runs": {
                "batter": 4,
                "extras": 0,
                "total": 4
              }
            },
            {
              "batter": "B Sai Sudharsan",
              "bowler": "Mujeeb Ur Rahman",
              "non_striker": "Shubman Gill",
              "runs": {
                "batter": 6,
                "extras": 0,
                "total": 6
              }
            },
            {
              "batter": "B Sai Sudharsan",
              "bowler": "Mujeeb Ur Rahman",
              "non_striker": "Shubman Gill",
              "runs": {
                "batter": 0,
                "extras": 0,
                "total": 0
              }
            },
            {
              "batter": "B Sai Sudharsan",
              "bowler": "Mujeeb Ur Rahman",
              "non_striker": "Shubman Gill",
              "runs": {
                "batter": 1,
                "extras": 0,
                "total": 1
              }
            },
            {
              "batter": "Shubman Gill",
              "bowler": "Mujeeb Ur Rahman",
              "non_striker": "B Sai Sudharsan",
              "runs": {
                "batter": 4,
                "extras": 0,
                "total": 4
              }
            },
            {
              "batter": "Shubman Gill",
              "bowler": "Mujeeb Ur Rahman",
              "non_striker": "B Sai Sudharsan",
              "runs": {
                "batter": 0,
                "extras": 0,
                "total": 0
              }
            }
          ]
        },
        {
          "over": 5,
          "deliveries": [
            {
              "batter": "B Sai Sudharsan",
              "bowler": "DL Chahar",
              "non_striker": "Shubman Gill",
              "runs": {
                "batter": 1,
                "extras": 0,
                "total": 1
              }
            },
            {
              "batter": "Shubman Gill",
              "bowler": "DL Chahar",
              "non_striker": "B Sai Sudharsan",
              "runs": {
                "batter": 2,
                "extras": 0,
                "total": 2
              }
            },
            {
              "batter": "Shubman Gill",
              "bowler": "DL Chahar",
              "non_striker": "B Sai Sudharsan",
              "runs": {
                "batter": 6,
                "extras": 0,
                "total": 6
              }
            },
            {
              "batter": "Shubman Gill",
              "bowler": "DL Chahar",
              "non_striker": "B Sai Sudharsan",
              "runs": {
                "batter": 1,
                "extras": 0,
                "total": 1
              }
            },
            {
              "batter": "B Sai Sudharsan",
              "bowler": "DL Chahar",
              "non_striker": "Shubman Gill",
              "runs": {
                "batter": 5,
                "extras": 0,
                "total": 5
              }
            },
            {
              "batter": "Shubman Gill",
              "bowler": "DL Chahar",
              "extras": {
                "wides": 1
              },
              "non_striker": "B Sai Sudharsan",
              "runs": {
                "batter": 0,
                "extras": 1,
                "total": 1
              }
            },
            {
              "batter": "Shubman Gill",
              "bowler": "DL Chahar",
              "non_striker": "B Sai Sudharsan",
              "runs": {
                "batter": 4,
                "extras": 0,
                "total": 4
              }
            }
          ]
        },
        {
          "over": 6,
          "deliveries": [
            {
              "batter": "B Sai Sudharsan",
              "bowler": "HH Pandya",
              "extras": {
                "wides": 1
              },
              "non_striker": "Shubman Gill",
              "runs": {
                "batter": 0,
                "extras": 1,
                "total": 1
              }
            },
            {
              "batter": "B Sai Sudharsan",
              "bowler": "HH Pandya",
              "non_striker": "Shubman Gill",
              "runs": {
                "batter": 1,
                "extras": 0,
                "total": 1
              }
            },
            {
              "batter": "Shubman Gill",
              "bowler": "HH Pandya",
              "non_striker": "B Sai Sudharsan",
              "runs": {
                "batter": 1,
                "extras": 0,
                "total": 1
              }
            },
            {
              "batter": "B Sai Sudharsan",
              "bowler": "HH Pandya",
              "non_striker": "Shubman Gill",
              "runs": {
                "batter": 1,
                "extras": 0,
                "total": 1
              }
            },
            {
              "batter": "Shubman Gill",
              "bowler": "HH Pandya",
              "non_striker": "B Sai Sudharsan",
              "runs": {
                "batter": 0,
                "extras": 0,
                "total": 0
              }
            },
            {
              "batter": "Shubman Gill",
              "bowler": "HH Pandya",
              "non_striker": "B Sai Sudharsan",
              "runs": {
                "batter": 0,
                "extras": 0,
                "total": 0
              }
            },
            {
              "batter": "Shubman Gill",
              "bowler": "HH Pandya",
              "non_striker": "B Sai Sudharsan",
              "runs": {
                "batter": 1,
                "extras": 0,
                "total": 1
              }
            }
          ]
        },
        {
          "over": 7,
          "deliveries": [
            {
              "batter": "Shubman Gill",
              "bowler": "MJ Santner",
              "non_striker": "B Sai Sudharsan",
              "runs": {
                "batter": 0,
                "extras": 0,
                "total": 0
              }
            },
            {
              "batter": "Shubman Gill",
              "bowler": "MJ Santner",
              "non_striker": "B Sai Sudharsan",
              "runs": {
                "batter": 1,
                "extras": 0,
                "total": 1
              }
            },
            {
              "batter": "B Sai Sudharsan",
              "bowler": "MJ Santner",
              "non_striker": "Shubman Gill",
              "runs": {
                "batter": 1,
                "extras": 0,
                "total": 1
              }
            },
            {
              "batter": "Shubman Gill",
              "bowler": "MJ Santner",
              "non_striker": "B Sai Sudharsan",
              "runs": {
                "batter": 1,
                "extras": 0,
                "total": 1
              }
            },
            {
              "batter": "B Sai Sudharsan",
              "bowler": "MJ Santner",
              "non_striker": "Shubman Gill",
              "runs": {
                "batter": 0,
                "extras": 0,
                "total": 0
              }
            },
            {
              "batter": "B Sai Sudharsan",
              "bowler": "MJ Santner",
              "non_striker": "Shubman Gill",
              "runs": {
                "batter": 1,
                "extras": 0,
                "total": 1
              }
            }
          ]
        },
        {
          "over": 8,
          "deliveries": [
            {
              "batter": "B Sai Sudharsan",
              "bowler": "HH Pandya",
              "non_striker": "Shubman Gill",
              "runs": {
                "batter": 1,
                "extras": 0,
                "total": 1
              }
            },
            {
              "batter": "Shubman Gill",
              "bowler": "HH Pandya",
              "non_striker": "B Sai Sudharsan",
              "runs": {
                "batter": 2,
                "extras": 0,
                "total": 2
              }
            },
            {
              "batter": "Shubman Gill",
              "bowler": "HH Pandya",
              "non_striker": "B Sai Sudharsan",
              "runs": {
                "batter": 0,
                "extras": 0,
                "total": 0
              },
              "wickets": [
                {
                  "player_out": "Shubman Gill",
                  "fielders": [
                    {
                      "name": "Naman Dhir"
                    }
                  ],
                  "kind": "caught"
                }
              ]
            },
            {
              "batter": "JC Buttler",
              "bowler": "HH Pandya",
              "non_striker": "B Sai Sudharsan",
              "runs": {
                "batter": 0,
                "extras": 0,
                "total": 0
              }
            },
            {
              "batter": "JC Buttler",
              "bowler": "HH Pandya",
              "non_striker": "B Sai Sudharsan",
              "runs": {
                "batter": 0,
                "extras": 0,
                "total": 0
              }
            },
            {
              "batter": "JC Buttler",
              "bowler": "HH Pandya",
              "non_striker": "B Sai Sudharsan",
              "runs": {
                "batter": 1,
                "extras": 0,
                "total": 1
              }
            }
          ]
        },
        {
          "over": 9,
          "deliveries": [
            {
              "batter": "JC Buttler",
              "bowler": "MJ Santner",
              "non_striker": "B Sai Sudharsan",
              "runs": {
                "batter": 0,
                "extras": 0,
                "total": 0
              }
            },
            {
              "batter": "JC Buttler",
              "bowler": "MJ Santner",
              "non_striker": "B Sai Sudharsan",
              "runs": {
                "batter": 1,
                "extras": 0,
                "total": 1
              }
            },
            {
              "batter": "B Sai Sudharsan",
              "bowler": "MJ Santner",
              "non_striker": "JC Buttler",
              "runs": {
                "batter": 1,
                "extras": 0,
                "total": 1
              }
            },
            {
              "batter": "JC Buttler",
              "bowler": "MJ Santner",
              "non_striker": "B Sai Sudharsan",
              "runs": {
                "batter": 6,
                "extras": 0,
                "total": 6
              }
            },
            {
              "batter": "JC Buttler",
              "bowler": "MJ Santner",
              "non_striker": "B Sai Sudharsan",
              "runs": {
                "batter": 4,
                "extras": 0,
                "total": 4
              }
            },
            {
              "batter": "JC Buttler",
              "bowler": "MJ Santner",
              "non_striker": "B Sai Sudharsan",
              "runs": {
                "batter": 1,
                "extras": 0,
                "total": 1
              }
            }
          ]
        },
        {
          "over": 10,
          "deliveries": [
            {
              "batter": "JC Buttler",
              "bowler": "HH Pandya",
              "non_striker": "B Sai Sudharsan",
              "review": {
                "by": "Mumbai Indians",
                "umpire": "A Bengeri",
                "batter": "JC Buttler",
                "decision": "struck down",
                "type": "wicket"
              },
              "runs": {
                "batter": 0,
                "extras": 0,
                "total": 0
              }
            },
            {
              "batter": "JC Buttler",
              "bowler": "HH Pandya",
              "non_striker": "B Sai Sudharsan",
              "runs": {
                "batter": 1,
                "extras": 0,
                "total": 1
              }
            },
            {
              "batter": "B Sai Sudharsan",
              "bowler": "HH Pandya",
              "non_striker": "JC Buttler",
              "runs": {
                "batter": 1,
                "extras": 0,
                "total": 1
              }
            },
            {
              "batter": "JC Buttler",
              "bowler": "HH Pandya",
              "non_striker": "B Sai Sudharsan",
              "runs": {
                "batter": 4,
                "extras": 0,
                "total": 4
              }
            },
            {
              "batter": "JC Buttler",
              "bowler": "HH Pandya",
              "non_striker": "B Sai Sudharsan",
              "runs": {
                "batter": 2,
                "extras": 0,
                "total": 2
              }
            },
            {
              "batter": "JC Buttler",
              "bowler": "HH Pandya",
              "non_striker": "B Sai Sudharsan",
              "runs": {
                "batter": 1,
                "extras": 0,
                "total": 1
              }
            }
          ]
        },
        {
          "over": 11,
          "deliveries": [
            {
              "batter": "JC Buttler",
              "bowler": "MJ Santner",
              "non_striker": "B Sai Sudharsan",
              "runs": {
                "batter": 0,
                "extras": 0,
                "total": 0
              }
            },
            {
              "batter": "JC Buttler",
              "bowler": "MJ Santner",
              "non_striker": "B Sai Sudharsan",
              "runs": {
                "batter": 0,
                "extras": 0,
                "total": 0
              }
            },
            {
              "batter": "JC Buttler",
              "bowler": "MJ Santner",
              "non_striker": "B Sai Sudharsan",
              "runs": {
                "batter": 4,
                "extras": 0,
                "total": 4
              }
            },
            {
              "batter": "JC Buttler",
              "bowler": "MJ Santner",
              "non_striker": "B Sai Sudharsan",
              "runs": {
                "batter": 1,
                "extras": 0,
                "total": 1
              }
            },
            {
              "batter": "B Sai Sudharsan",
              "bowler": "MJ Santner",
              "non_striker": "JC Buttler",
              "runs": {
                "batter": 2,
                "extras": 0,
                "total": 2
              }
            },
            {
              "batter": "B Sai Sudharsan",
              "bowler": "MJ Santner",
              "non_striker": "JC Buttler",
              "runs": {
                "batter": 1,
                "extras": 0,
                "total": 1
              }
            }
          ]
        },
        {
          "over": 12,
          "deliveries": [
            {
              "batter": "B Sai Sudharsan",
              "bowler": "PVSN Raju",
              "non_striker": "JC Buttler",
              "runs": {
                "batter": 1,
                "extras": 0,
                "total": 1
              }
            },
            {
              "batter": "JC Buttler",
              "bowler": "PVSN Raju",
              "non_striker": "B Sai Sudharsan",
              "runs": {
                "batter": 4,
                "extras": 0,
                "total": 4
              }
            },
            {
              "batter": "JC Buttler",
              "bowler": "PVSN Raju",
              "non_striker": "B Sai Sudharsan",
              "runs": {
                "batter": 1,
                "extras": 0,
                "total": 1
              }
            },
            {
              "batter": "B Sai Sudharsan",
              "bowler": "PVSN Raju",
              "non_striker": "JC Buttler",
              "runs": {
                "batter": 1,
                "extras": 0,
                "total": 1
              }
            },
            {
              "batter": "JC Buttler",
              "bowler": "PVSN Raju",
              "non_striker": "B Sai Sudharsan",
              "runs": {
                "batter": 1,
                "extras": 0,
                "total": 1
              }
            },
            {
              "batter": "B Sai Sudharsan",
              "bowler": "PVSN Raju",
              "non_striker": "JC Buttler",
              "runs": {
                "batter": 4,
                "extras": 0,
                "total": 4
              }
            }
          ]
        },
        {
          "over": 13,
          "deliveries": [
            {
              "batter": "JC Buttler",
              "bowler": "Mujeeb Ur Rahman",
              "non_striker": "B Sai Sudharsan",
              "runs": {
                "batter": 2,
                "extras": 0,
                "total": 2
              }
            },
            {
              "batter": "JC Buttler",
              "bowler": "Mujeeb Ur Rahman",
              "non_striker": "B Sai Sudharsan",
              "runs": {
                "batter": 4,
                "extras": 0,
                "total": 4
              }
            },
            {
              "batter": "JC Buttler",
              "bowler": "Mujeeb Ur Rahman",
              "non_striker": "B Sai Sudharsan",
              "runs": {
                "batter": 1,
                "extras": 0,
                "total": 1
              }
            },
            {
              "batter": "B Sai Sudharsan",
              "bowler": "Mujeeb Ur Rahman",
              "non_striker": "JC Buttler",
              "runs": {
                "batter": 1,
                "extras": 0,
                "total": 1
              }
            },
            {
              "batter": "JC Buttler",
              "bowler": "Mujeeb Ur Rahman",
              "non_striker": "B Sai Sudharsan",
              "runs": {
                "batter": 0,
                "extras": 0,
                "total": 0
              },
              "wickets": [
                {
                  "player_out": "JC Buttler",
                  "fielders": [
                    {
                      "name": "RD Rickelton"
                    }
                  ],
                  "kind": "caught"
                }
              ]
            },
            {
              "batter": "M Shahrukh Khan",
              "bowler": "Mujeeb Ur Rahman",
              "extras": {
                "wides": 5
              },
              "non_striker": "B Sai Sudharsan",
              "runs": {
                "batter": 0,
                "extras": 5,
                "total": 5
              }
            },
            {
              "batter": "M Shahrukh Khan",
              "bowler": "Mujeeb Ur Rahman",
              "non_striker": "B Sai Sudharsan",
              "runs": {
                "batter": 0,
                "extras": 0,
                "total": 0
              }
            }
          ]
        },
        {
          "over": 14,
          "deliveries": [
            {
              "batter": "B Sai Sudharsan",
              "bowler": "TA Boult",
              "non_striker": "M Shahrukh Khan",
              "runs": {
                "batter": 1,
                "extras": 0,
                "total": 1
              }
            },
            {
              "batter": "M Shahrukh Khan",
              "bowler": "TA Boult",
              "non_striker": "B Sai Sudharsan",
              "runs": {
                "batter": 1,
                "extras": 0,
                "total": 1
              }
            },
            {
              "batter": "B Sai Sudharsan",
              "bowler": "TA Boult",
              "non_striker": "M Shahrukh Khan",
              "runs": {
                "batter": 1,
                "extras": 0,
                "total": 1
              }
            },
            {
              "batter": "M Shahrukh Khan",
              "bowler": "TA Boult",
              "non_striker": "B Sai Sudharsan",
              "runs": {
                "batter": 1,
                "extras": 0,
                "total": 1
              }
            },
            {
              "batter": "B Sai Sudharsan",
              "bowler": "TA Boult",
              "non_striker": "M Shahrukh Khan",
              "runs": {
                "batter": 1,
                "extras": 0,
                "total": 1
              }
            },
            {
              "batter": "M Shahrukh Khan",
              "bowler": "TA Boult",
              "non_striker": "B Sai Sudharsan",
              "runs": {
                "batter": 1,
                "extras": 0,
                "total": 1
              }
            }
          ]
        },
        {
          "over": 15,
          "deliveries": [
            {
              "batter": "M Shahrukh Khan",
              "bowler": "HH Pandya",
              "non_striker": "B Sai Sudharsan",
              "runs": {
                "batter": 6,
                "extras": 0,
                "total": 6
              }
            },
            {
              "batter": "M Shahrukh Khan",
              "bowler": "HH Pandya",
              "non_striker": "B Sai Sudharsan",
              "runs": {
                "batter": 0,
                "extras": 0,
                "total": 0
              }
            },
            {
              "batter": "M Shahrukh Khan",
              "bowler": "HH Pandya",
              "non_striker": "B Sai Sudharsan",
              "runs": {
                "batter": 0,
                "extras": 0,
                "total": 0
              },
              "wickets": [
                {
                  "player_out": "M Shahrukh Khan",
                  "fielders": [
                    {
                      "name": "Tilak Varma"
                    }
                  ],
                  "kind": "caught"
                }
              ]
            },
            {
              "batter": "SE Rutherford",
              "bowler": "HH Pandya",
              "non_striker": "B Sai Sudharsan",
              "runs": {
                "batter": 1,
                "extras": 0,
                "total": 1
              }
            },
            {
              "batter": "B Sai Sudharsan",
              "bowler": "HH Pandya",
              "non_striker": "SE Rutherford",
              "runs": {
                "batter": 1,
                "extras": 0,
                "total": 1
              }
            },
            {
              "batter": "SE Rutherford",
              "bowler": "HH Pandya",
              "extras": {
                "wides": 1
              },
              "non_striker": "B Sai Sudharsan",
              "runs": {
                "batter": 0,
                "extras": 1,
                "total": 1
              }
            },
            {
              "batter": "SE Rutherford",
              "bowler": "HH Pandya",
              "extras": {
                "wides": 1
              },
              "non_striker": "B Sai Sudharsan",
              "runs": {
                "batter": 0,
                "extras": 1,
                "total": 1
              }
            },
            {
              "batter": "SE Rutherford",
              "bowler": "HH Pandya",
              "non_striker": "B Sai Sudharsan",
              "runs": {
                "batter": 1,
                "extras": 0,
                "total": 1
              }
            }
          ]
        },
        {
          "over": 16,
          "deliveries": [
            {
              "batter": "SE Rutherford",
              "bowler": "PVSN Raju",
              "extras": {
                "wides": 1
              },
              "non_striker": "B Sai Sudharsan",
              "runs": {
                "batter": 0,
                "extras": 1,
                "total": 1
              }
            },
            {
              "batter": "SE Rutherford",
              "bowler": "PVSN Raju",
              "non_striker": "B Sai Sudharsan",
              "runs": {
                "batter": 6,
                "extras": 0,
                "total": 6
              }
            },
            {
              "batter": "SE Rutherford",
              "bowler": "PVSN Raju",
              "extras": {
                "wides": 1
              },
              "non_striker": "B Sai Sudharsan",
              "runs": {
                "batter": 0,
                "extras": 1,
                "total": 1
              }
            },
            {
              "batter": "SE Rutherford",
              "bowler": "PVSN Raju",
              "non_striker": "B Sai Sudharsan",
              "runs": {
                "batter": 1,
                "extras": 0,
                "total": 1
              }
            },
            {
              "batter": "B Sai Sudharsan",
              "bowler": "PVSN Raju",
              "non_striker": "SE Rutherford",
              "runs": {
                "batter": 6,
                "extras": 0,
                "total": 6
              }
            },
            {
              "batter": "B Sai Sudharsan",
              "bowler": "PVSN Raju",
              "non_striker": "SE Rutherford",
              "runs": {
                "batter": 2,
                "extras": 0,
                "total": 2
              }
            },
            {
              "batter": "B Sai Sudharsan",
              "bowler": "PVSN Raju",
              "non_striker": "SE Rutherford",
              "runs": {
                "batter": 1,
                "extras": 0,
                "total": 1
              }
            },
            {
              "batter": "SE Rutherford",
              "bowler": "PVSN Raju",
              "non_striker": "B Sai Sudharsan",
              "runs": {
                "batter": 1,
                "extras": 0,
                "total": 1
              }
            }
          ]
        },
        {
          "over": 17,
          "deliveries": [
            {
              "batter": "SE Rutherford",
              "bowler": "TA Boult",
              "non_striker": "B Sai Sudharsan",
              "runs": {
                "batter": 6,
                "extras": 0,
                "total": 6
              }
            },
            {
              "batter": "SE Rutherford",
              "bowler": "TA Boult",
              "non_striker": "B Sai Sudharsan",
              "runs": {
                "batter": 0,
                "extras": 0,
                "total": 0
              }
            },
            {
              "batter": "SE Rutherford",
              "bowler": "TA Boult",
              "non_striker": "B Sai Sudharsan",
              "runs": {
                "batter": 1,
                "extras": 0,
                "total": 1
              }
            },
            {
              "batter": "B Sai Sudharsan",
              "bowler": "TA Boult",
              "non_striker": "SE Rutherford",
              "runs": {
                "batter": 1,
                "extras": 0,
                "total": 1
              }
            },
            {
              "batter": "SE Rutherford",
              "bowler": "TA Boult",
              "non_striker": "B Sai Sudharsan",
              "runs": {
                "batter": 1,
                "extras": 0,
                "total": 1
              }
            },
            {
              "batter": "B Sai Sudharsan",
              "bowler": "TA Boult",
              "non_striker": "SE Rutherford",
              "runs": {
                "batter": 0,
                "extras": 0,
                "total": 0
              },
              "wickets": [
                {
                  "player_out": "B Sai Sudharsan",
                  "kind": "lbw"
                }
              ]
            }
          ]
        },
        {
          "over": 18,
          "deliveries": [
            {
              "batter": "SE Rutherford",
              "bowler": "DL Chahar",
              "non_striker": "R Tewatia",
              "runs": {
                "batter": 0,
                "extras": 0,
                "total": 0
              },
              "wickets": [
                {
                  "player_out": "R Tewatia",
                  "fielders": [
                    {
                      "name": "HH Pandya"
                    }
                  ],
                  "kind": "run out"
                }
              ]
            },
            {
              "batter": "SE Rutherford",
              "bowler": "DL Chahar",
              "non_striker": "Rashid Khan",
              "runs": {
                "batter": 0,
                "extras": 0,
                "total": 0
              },
              "wickets": [
                {
                  "player_out": "SE Rutherford",
                  "fielders": [
                    {
                      "name": "MJ Santner"
                    }
                  ],
                  "kind": "caught"
                }
              ]
            },
            {
              "batter": "K Rabada",
              "bowler": "DL Chahar",
              "non_striker": "Rashid Khan",
              "runs": {
                "batter": 0,
                "extras": 0,
                "total": 0
              }
            },
            {
              "batter": "K Rabada",
              "bowler": "DL Chahar",
              "non_striker": "Rashid Khan",
              "runs": {
                "batter": 6,
                "extras": 0,
                "total": 6
              }
            },
            {
              "batter": "K Rabada",
              "bowler": "DL Chahar",
              "non_striker": "Rashid Khan",
              "runs": {
                "batter": 1,
                "extras": 0,
                "total": 1
              }
            },
            {
              "batter": "Rashid Khan",
              "bowler": "DL Chahar",
              "non_striker": "K Rabada",
              "runs": {
                "batter": 0,
                "extras": 0,
                "total": 0
              }
            }
          ]
        },
        {
          "over": 19,
          "deliveries": [
            {
              "batter": "K Rabada",
              "bowler": "PVSN Raju",
              "extras": {
                "byes": 1
              },
              "non_striker": "Rashid Khan",
              "runs": {
                "batter": 0,
                "extras": 1,
                "total": 1
              }
            },
            {
              "batter": "Rashid Khan",
              "bowler": "PVSN Raju",
              "extras": {
                "wides": 1
              },
              "non_striker": "K Rabada",
              "runs": {
                "batter": 0,
                "extras": 1,
                "total": 1
              }
            },
            {
              "batter": "Rashid Khan",
              "bowler": "PVSN Raju",
              "non_striker": "K Rabada",
              "runs": {
                "batter": 6,
                "extras": 0,
                "total": 6
              }
            },
            {
              "batter": "Rashid Khan",
              "bowler": "PVSN Raju",
              "non_striker": "K Rabada",
              "runs": {
                "batter": 0,
                "extras": 0,
                "total": 0
              }
            },
            {
              "batter": "Rashid Khan",
              "bowler": "PVSN Raju",
              "non_striker": "K Rabada",
              "runs": {
                "batter": 0,
                "extras": 0,
                "total": 0
              },
              "wickets": [
                {
                  "player_out": "Rashid Khan",
                  "fielders": [
                    {
                      "name": "HH Pandya"
                    }
                  ],
                  "kind": "caught"
                }
              ]
            },
            {
              "batter": "R Sai Kishore",
              "bowler": "PVSN Raju",
              "non_striker": "K Rabada",
              "runs": {
                "batter": 1,
                "extras": 0,
                "total": 1
              }
            },
            {
              "batter": "K Rabada",
              "bowler": "PVSN Raju",
              "extras": {
                "wides": 1
              },
              "non_striker": "R Sai Kishore",
              "runs": {
                "batter": 0,
                "extras": 1,
                "total": 1
              }
            },
            {
              "batter": "K Rabada",
              "bowler": "PVSN Raju",
              "non_striker": "R Sai Kishore",
              "runs": {
                "batter": 0,
                "extras": 0,
                "total": 0
              },
              "wickets": [
                {
                  "player_out": "R Sai Kishore",
                  "fielders": [
                    {
                      "name": "RD Rickelton"
                    }
                  ],
                  "kind": "run out"
                }
              ]
            }
          ]
        }
      ],
      "powerplays": [
        {
          "from": 0.1,
          "to": 5.7,
          "type": "mandatory"
        }
      ]
    },
    {
      "team": "Mumbai Indians",
      "overs": [
        {
          "over": 0,
          "deliveries": [
            {
              "batter": "RG Sharma",
              "bowler": "Mohammed Siraj",
              "non_striker": "RD Rickelton",
              "replacements": {
                "match": [
                  {
                    "in": "I Sharma",
                    "out": "SE Rutherford",
                    "team": "Gujarat Titans",
                    "reason": "impact_player"
                  }
                ]
              },
              "runs": {
                "batter": 0,
                "extras": 0,
                "total": 0
              }
            },
            {
              "batter": "RG Sharma",
              "bowler": "Mohammed Siraj",
              "non_striker": "RD Rickelton",
              "runs": {
                "batter": 4,
                "extras": 0,
                "total": 4
              }
            },
            {
              "batter": "RG Sharma",
              "bowler": "Mohammed Siraj",
              "non_striker": "RD Rickelton",
              "runs": {
                "batter": 4,
                "extras": 0,
                "total": 4
              }
            },
            {
              "batter": "RG Sharma",
              "bowler": "Mohammed Siraj",
              "non_striker": "RD Rickelton",
              "runs": {
                "batter": 0,
                "extras": 0,
                "total": 0
              },
              "wickets": [
                {
                  "player_out": "RG Sharma",
                  "kind": "bowled"
                }
              ]
            },
            {
              "batter": "Tilak Varma",
              "bowler": "Mohammed Siraj",
              "non_striker": "RD Rickelton",
              "runs": {
                "batter": 0,
                "extras": 0,
                "total": 0
              }
            },
            {
              "batter": "Tilak Varma",
              "bowler": "Mohammed Siraj",
              "non_striker": "RD Rickelton",
              "runs": {
                "batter": 1,
                "extras": 0,
                "total": 1
              }
            }
          ]
        },
        {
          "over": 1,
          "deliveries": [
            {
              "batter": "Tilak Varma",
              "bowler": "K Rabada",
              "non_striker": "RD Rickelton",
              "runs": {
                "batter": 0,
                "extras": 0,
                "total": 0
              }
            },
            {
              "batter": "Tilak Varma",
              "bowler": "K Rabada",
              "non_striker": "RD Rickelton",
              "runs": {
                "batter": 0,
                "extras": 0,
                "total": 0
              }
            },
            {
              "batter": "Tilak Varma",
              "bowler": "K Rabada",
              "non_striker": "RD Rickelton",
              "runs": {
                "batter": 4,
                "extras": 0,
                "total": 4
              }
            },
            {
              "batter": "Tilak Varma",
              "bowler": "K Rabada",
              "non_striker": "RD Rickelton",
              "runs": {
                "batter": 4,
                "extras": 0,
                "total": 4
              }
            },
            {
              "batter": "Tilak Varma",
              "bowler": "K Rabada",
              "non_striker": "RD Rickelton",
              "runs": {
                "batter": 6,
                "extras": 0,
                "total": 6
              }
            },
            {
              "batter": "Tilak Varma",
              "bowler": "K Rabada",
              "non_striker": "RD Rickelton",
              "runs": {
                "batter": 1,
                "extras": 0,
                "total": 1
              }
            }
          ]
        },
        {
          "over": 2,
          "deliveries": [
            {
              "batter": "Tilak Varma",
              "bowler": "Mohammed Siraj",
              "non_striker": "RD Rickelton",
              "runs": {
                "batter": 1,
                "extras": 0,
                "total": 1
              }
            },
            {
              "batter": "RD Rickelton",
              "bowler": "Mohammed Siraj",
              "non_striker": "Tilak Varma",
              "runs": {
                "batter": 0,
                "extras": 0,
                "total": 0
              }
            },
            {
              "batter": "RD Rickelton",
              "bowler": "Mohammed Siraj",
              "non_striker": "Tilak Varma",
              "runs": {
                "batter": 0,
                "extras": 0,
                "total": 0
              }
            },
            {
              "batter": "RD Rickelton",
              "bowler": "Mohammed Siraj",
              "non_striker": "Tilak Varma",
              "runs": {
                "batter": 4,
                "extras": 0,
                "total": 4
              }
            },
            {
              "batter": "RD Rickelton",
              "bowler": "Mohammed Siraj",
              "non_striker": "Tilak Varma",
              "runs": {
                "batter": 0,
                "extras": 0,
                "total": 0
              }
            },
            {
              "batter": "RD Rickelton",
              "bowler": "Mohammed Siraj",
              "non_striker": "Tilak Varma",
              "runs": {
                "batter": 1,
                "extras": 0,
                "total": 1
              }
            }
          ]
        },
        {
          "over": 3,
          "deliveries": [
            {
              "batter": "RD Rickelton",
              "bowler": "I Sharma",
              "non_striker": "Tilak Varma",
              "runs": {
                "batter": 0,
                "extras": 0,
                "total": 0
              }
            },
            {
              "batter": "RD Rickelton",
              "bowler": "I Sharma",
              "extras": {
                "wides": 1
              },
              "non_striker": "Tilak Varma",
              "runs": {
                "batter": 0,
                "extras": 1,
                "total": 1
              }
            },
            {
              "batter": "RD Rickelton",
              "bowler": "I Sharma",
              "non_striker": "Tilak Varma",
              "runs": {
                "batter": 1,
                "extras": 0,
                "total": 1
              }
            },
            {
              "batter": "Tilak Varma",
              "bowler": "I Sharma",
              "non_striker": "RD Rickelton",
              "runs": {
                "batter": 0,
                "extras": 0,
                "total": 0
              }
            },
            {
              "batter": "Tilak Varma",
              "bowler": "I Sharma",
              "non_striker": "RD Rickelton",
              "runs": {
                "batter": 0,
                "extras": 0,
                "total": 0
              }
            },
            {
              "batter": "Tilak Varma",
              "bowler": "I Sharma",
              "non_striker": "RD Rickelton",
              "runs": {
                "batter": 0,
                "extras": 0,
                "total": 0
              }
            },
            {
              "batter": "Tilak Varma",
              "bowler": "I Sharma",
              "non_striker": "RD Rickelton",
              "runs": {
                "batter": 0,
                "extras": 0,
                "total": 0
              }
            }
          ]
        },
        {
          "over": 4,
          "deliveries": [
            {
              "batter": "RD Rickelton",
              "bowler": "Mohammed Siraj",
              "extras": {
                "legbyes": 1
              },
              "non_striker": "Tilak Varma",
              "runs": {
                "batter": 0,
                "extras": 1,
                "total": 1
              }
            },
            {
              "batter": "Tilak Varma",
              "bowler": "Mohammed Siraj",
              "non_striker": "RD Rickelton",
              "runs": {
                "batter": 1,
                "extras": 0,
                "total": 1
              }
            },
            {
              "batter": "RD Rickelton",
              "bowler": "Mohammed Siraj",
              "extras": {
                "wides": 1
              },
              "non_striker": "Tilak Varma",
              "runs": {
                "batter": 0,
                "extras": 1,
                "total": 1
              }
            },
            {
              "batter": "RD Rickelton",
              "bowler": "Mohammed Siraj",
              "non_striker": "Tilak Varma",
              "runs": {
                "batter": 0,
                "extras": 0,
                "total": 0
              },
              "wickets": [
                {
                  "player_out": "RD Rickelton",
                  "kind": "bowled"
                }
              ]
            },
            {
              "batter": "SA Yadav",
              "bowler": "Mohammed Siraj",
              "non_striker": "Tilak Varma",
              "runs": {
                "batter": 0,
                "extras": 0,
                "total": 0
              }
            },
            {
              "batter": "SA Yadav",
              "bowler": "Mohammed Siraj",
              "extras": {
                "wides": 1
              },
              "non_striker": "Tilak Varma",
              "runs": {
                "batter": 0,
                "extras": 1,
                "total": 1
              }
            },
            {
              "batter": "SA Yadav",
              "bowler": "Mohammed Siraj",
              "non_striker": "Tilak Varma",
              "runs": {
                "batter": 6,
                "extras": 0,
                "total": 6
              }
            },
            {
              "batter": "SA Yadav",
              "bowler": "Mohammed Siraj",
              "non_striker": "Tilak Varma",
              "runs": {
                "batter": 2,
                "extras": 0,
                "total": 2
              }
            }
          ]
        },
        {
          "over": 5,
          "deliveries": [
            {
              "batter": "Tilak Varma",
              "bowler": "Rashid Khan",
              "non_striker": "SA Yadav",
              "review": {
                "by": "Mumbai Indians",
                "umpire": "A Bengeri",
                "batter": "Tilak Varma",
                "decision": "upheld",
                "type": "wicket"
              },
              "runs": {
                "batter": 0,
                "extras": 0,
                "total": 0
              }
            },
            {
              "batter": "Tilak Varma",
              "bowler": "Rashid Khan",
              "non_striker": "SA Yadav",
              "runs": {
                "batter": 1,
                "extras": 0,
                "total": 1
              }
            },
            {
              "batter": "SA Yadav",
              "bowler": "Rashid Khan",
              "non_striker": "Tilak Varma",
              "runs": {
                "batter": 0,
                "extras": 0,
                "total": 0
              }
            },
            {
              "batter": "SA Yadav",
              "bowler": "Rashid Khan",
              "non_striker": "Tilak Varma",
              "runs": {
                "batter": 1,
                "extras": 0,
                "total": 1
              }
            },
            {
              "batter": "Tilak Varma",
              "bowler": "Rashid Khan",
              "extras": {
                "wides": 1
              },
              "non_striker": "SA Yadav",
              "runs": {
                "batter": 0,
                "extras": 1,
                "total": 1
              }
            },
            {
              "batter": "Tilak Varma",
              "bowler": "Rashid Khan",
              "non_striker": "SA Yadav",
              "runs": {
                "batter": 1,
                "extras": 0,
                "total": 1
              }
            },
            {
              "batter": "SA Yadav",
              "bowler": "Rashid Khan",
              "non_striker": "Tilak Varma",
              "runs": {
                "batter": 0,
                "extras": 0,
                "total": 0
              }
            }
          ]
        },
        {
          "over": 6,
          "deliveries": [
            {
              "batter": "Tilak Varma",
              "bowler": "K Rabada",
              "non_striker": "SA Yadav",
              "runs": {
                "batter": 1,
                "extras": 0,
                "total": 1
              }
            },
            {
              "batter": "SA Yadav",
              "bowler": "K Rabada",
              "non_striker": "Tilak Varma",
              "runs": {
                "batter": 1,
                "extras": 0,
                "total": 1
              }
            },
            {
              "batter": "Tilak Varma",
              "bowler": "K Rabada",
              "non_striker": "SA Yadav",
              "runs": {
                "batter": 1,
                "extras": 0,
                "total": 1
              }
            },
            {
              "batter": "SA Yadav",
              "bowler": "K Rabada",
              "non_striker": "Tilak Varma",
              "runs": {
                "batter": 1,
                "extras": 0,
                "total": 1
              }
            },
            {
              "batter": "Tilak Varma",
              "bowler": "K Rabada",
              "non_striker": "SA Yadav",
              "runs": {
                "batter": 2,
                "extras": 0,
                "total": 2
              }
            },
            {
              "batter": "Tilak Varma",
              "bowler": "K Rabada",
              "non_striker": "SA Yadav",
              "runs": {
                "batter": 0,
                "extras": 0,
                "total": 0
              }
            }
          ]
        },
        {
          "over": 7,
          "deliveries": [
            {
              "batter": "SA Yadav",
              "bowler": "I Sharma",
              "non_striker": "Tilak Varma",
              "runs": {
                "batter": 1,
                "extras": 0,
                "total": 1
              }
            },
            {
              "batter": "Tilak Varma",
              "bowler": "I Sharma",
              "non_striker": "SA Yadav",
              "runs": {
                "batter": 4,
                "extras": 0,
                "total": 4
              }
            },
            {
              "batter": "Tilak Varma",
              "bowler": "I Sharma",
              "extras": {
                "wides": 1
              },
              "non_striker": "SA Yadav",
              "runs": {
                "batter": 0,
                "extras": 1,
                "total": 1
              }
            },
            {
              "batter": "Tilak Varma",
              "bowler": "I Sharma",
              "non_striker": "SA Yadav",
              "runs": {
                "batter": 1,
                "extras": 0,
                "total": 1
              }
            },
            {
              "batter": "SA Yadav",
              "bowler": "I Sharma",
              "non_striker": "Tilak Varma",
              "runs": {
                "batter": 6,
                "extras": 0,
                "total": 6
              }
            },
            {
              "batter": "SA Yadav",
              "bowler": "I Sharma",
              "non_striker": "Tilak Varma",
              "runs": {
                "batter": 1,
                "extras": 0,
                "total": 1
              }
            },
            {
              "batter": "Tilak Varma",
              "bowler": "I Sharma",
              "non_striker": "SA Yadav",
              "runs": {
                "batter": 1,
                "extras": 0,
                "total": 1
              }
            }
          ]
        },
        {
          "over": 8,
          "deliveries": [
            {
              "batter": "Tilak Varma",
              "bowler": "R Sai Kishore",
              "non_striker": "SA Yadav",
              "runs": {
                "batter": 3,
                "extras": 0,
                "total": 3
              }
            },
            {
              "batter": "SA Yadav",
              "bowler": "R Sai Kishore",
              "non_striker": "Tilak Varma",
              "runs": {
                "batter": 1,
                "extras": 0,
                "total": 1
              }
            },
            {
              "batter": "Tilak Varma",
              "bowler": "R Sai Kishore",
              "non_striker": "SA Yadav",
              "runs": {
                "batter": 1,
                "extras": 0,
                "total": 1
              }
            },
            {
              "batter": "SA Yadav",
              "bowler": "R Sai Kishore",
              "non_striker": "Tilak Varma",
              "runs": {
                "batter": 1,
                "extras": 0,
                "total": 1
              }
            },
            {
              "batter": "Tilak Varma",
              "bowler": "R Sai Kishore",
              "non_striker": "SA Yadav",
              "runs": {
                "batter": 1,
                "extras": 0,
                "total": 1
              }
            },
            {
              "batter": "SA Yadav",
              "bowler": "R Sai Kishore",
              "non_striker": "Tilak Varma",
              "runs": {
                "batter": 4,
                "extras": 0,
                "total": 4
              }
            }
          ]
        },
        {
          "over": 9,
          "deliveries": [
            {
              "batter": "Tilak Varma",
              "bowler": "Rashid Khan",
              "non_striker": "SA Yadav",
              "runs": {
                "batter": 1,
                "extras": 0,
                "total": 1
              }
            },
            {
              "batter": "SA Yadav",
              "bowler": "Rashid Khan",
              "non_striker": "Tilak Varma",
              "runs": {
                "batter": 1,
                "extras": 0,
                "total": 1
              }
            },
            {
              "batter": "Tilak Varma",
              "bowler": "Rashid Khan",
              "non_striker": "SA Yadav",
              "runs": {
                "batter": 1,
                "extras": 0,
                "total": 1
              }
            },
            {
              "batter": "SA Yadav",
              "bowler": "Rashid Khan",
              "non_striker": "Tilak Varma",
              "runs": {
                "batter": 2,
                "extras": 0,
                "total": 2
              }
            },
            {
              "batter": "SA Yadav",
              "bowler": "Rashid Khan",
              "non_striker": "Tilak Varma",
              "runs": {
                "batter": 1,
                "extras": 0,
                "total": 1
              }
            },
            {
              "batter": "Tilak Varma",
              "bowler": "Rashid Khan",
              "non_striker": "SA Yadav",
              "runs": {
                "batter": 0,
                "extras": 0,
                "total": 0
              }
            }
          ]
        },
        {
          "over": 10,
          "deliveries": [
            {
              "batter": "SA Yadav",
              "bowler": "R Sai Kishore",
              "non_striker": "Tilak Varma",
              "runs": {
                "batter": 1,
                "extras": 0,
                "total": 1
              }
            },
            {
              "batter": "Tilak Varma",
              "bowler": "R Sai Kishore",
              "non_striker": "SA Yadav",
              "runs": {
                "batter": 1,
                "extras": 0,
                "total": 1
              }
            },
            {
              "batter": "SA Yadav",
              "bowler": "R Sai Kishore",
              "non_striker": "Tilak Varma",
              "runs": {
                "batter": 6,
                "extras": 0,
                "total": 6
              }
            },
            {
              "batter": "SA Yadav",
              "bowler": "R Sai Kishore",
              "non_striker": "Tilak Varma",
              "runs": {
                "batter": 1,
                "extras": 0,
                "total": 1
              }
            },
            {
              "batter": "Tilak Varma",
              "bowler": "R Sai Kishore",
              "extras": {
                "wides": 1
              },
              "non_striker": "SA Yadav",
              "runs": {
                "batter": 0,
                "extras": 1,
                "total": 1
              }
            },
            {
              "batter": "Tilak Varma",
              "bowler": "R Sai Kishore",
              "non_striker": "SA Yadav",
              "runs": {
                "batter": 0,
                "extras": 0,
                "total": 0
              }
            },
            {
              "batter": "Tilak Varma",
              "bowler": "R Sai Kishore",
              "non_striker": "SA Yadav",
              "runs": {
                "batter": 1,
                "extras": 0,
                "total": 1
              }
            }
          ]
        },
        {
          "over": 11,
          "deliveries": [
            {
              "batter": "Tilak Varma",
              "bowler": "M Prasidh Krishna",
              "non_striker": "SA Yadav",
              "runs": {
                "batter": 0,
                "extras": 0,
                "total": 0
              }
            },
            {
              "batter": "Tilak Varma",
              "bowler": "M Prasidh Krishna",
              "non_striker": "SA Yadav",
              "runs": {
                "batter": 0,
                "extras": 0,
                "total": 0
              }
            },
            {
              "batter": "Tilak Varma",
              "bowler": "M Prasidh Krishna",
              "non_striker": "SA Yadav",
              "runs": {
                "batter": 0,
                "extras": 0,
                "total": 0
              },
              "wickets": [
                {
                  "player_out": "Tilak Varma",
                  "fielders": [
                    {
                      "name": "R Tewatia"
                    }
                  ],
                  "kind": "caught"
                }
              ]
            },
            {
              "batter": "R Minz",
              "bowler": "M Prasidh Krishna",
              "non_striker": "SA Yadav",
              "replacements": {
                "match": [
                  {
                    "in": "R Minz",
                    "out": "PVSN Raju",
                    "team": "Mumbai Indians",
                    "reason": "impact_player"
                  }
                ]
              },
              "runs": {
                "batter": 0,
                "extras": 0,
                "total": 0
              }
            },
            {
              "batter": "R Minz",
              "bowler": "M Prasidh Krishna",
              "non_striker": "SA Yadav",
              "runs": {
                "batter": 2,
                "extras": 0,
                "total": 2
              }
            },
            {
              "batter": "R Minz",
              "bowler": "M Prasidh Krishna",
              "non_striker": "SA Yadav",
              "runs": {
                "batter": 0,
                "extras": 0,
                "total": 0
              }
            }
          ]
        },
        {
          "over": 12,
          "deliveries": [
            {
              "batter": "SA Yadav",
              "bowler": "R Sai Kishore",
              "non_striker": "R Minz",
              "runs": {
                "batter": 1,
                "extras": 0,
                "total": 1
              }
            },
            {
              "batter": "R Minz",
              "bowler": "R Sai Kishore",
              "non_striker": "SA Yadav",
              "runs": {
                "batter": 0,
                "extras": 0,
                "total": 0
              }
            },
            {
              "batter": "R Minz",
              "bowler": "R Sai Kishore",
              "non_striker": "SA Yadav",
              "runs": {
                "batter": 1,
                "extras": 0,
                "total": 1
              }
            },
            {
              "batter": "SA Yadav",
              "bowler": "R Sai Kishore",
              "non_striker": "R Minz",
              "runs": {
                "batter": 6,
                "extras": 0,
                "total": 6
              }
            },
            {
              "batter": "SA Yadav",
              "bowler": "R Sai Kishore",
              "non_striker": "R Minz",
              "runs": {
                "batter": 1,
                "extras": 0,
                "total": 1
              }
            },
            {
              "batter": "R Minz",
              "bowler": "R Sai Kishore",
              "non_striker": "SA Yadav",
              "runs": {
                "batter": 0,
                "extras": 0,
                "total": 0
              },
              "wickets": [
                {
                  "player_out": "R Minz",
                  "fielders": [
                    {
                      "name": "I Sharma"
                    }
                  ],
                  "kind": "caught"
                }
              ]
            }
          ]
        },
        {
          "over": 13,
          "deliveries": [
            {
              "batter": "SA Yadav",
              "bowler": "M Prasidh Krishna",
              "non_striker": "HH Pandya",
              "runs": {
                "batter": 0,
                "extras": 0,
                "total": 0
              }
            },
            {
              "batter": "SA Yadav",
              "bowler": "M Prasidh Krishna",
              "non_striker": "HH Pandya",
              "runs": {
                "batter": 1,
                "extras": 0,
                "total": 1
              }
            },
            {
              "batter": "HH Pandya",
              "bowler": "M Prasidh Krishna",
              "non_striker": "SA Yadav",
              "runs": {
                "batter": 0,
                "extras": 0,
                "total": 0
              }
            },
            {
              "batter": "HH Pandya",
              "bowler": "M Prasidh Krishna",
              "non_striker": "SA Yadav",
              "runs": {
                "batter": 2,
                "extras": 0,
                "total": 2
              }
            },
            {
              "batter": "HH Pandya",
              "bowler": "M Prasidh Krishna",
              "non_striker": "SA Yadav",
              "runs": {
                "batter": 0,
                "extras": 0,
                "total": 0
              }
            },
            {
              "batter": "HH Pandya",
              "bowler": "M Prasidh Krishna",
              "non_striker": "SA Yadav",
              "runs": {
                "batter": 1,
                "extras": 0,
                "total": 1
              }
            }
          ]
        },
        {
          "over": 14,
          "deliveries": [
            {
              "batter": "HH Pandya",
              "bowler": "R Sai Kishore",
              "non_striker": "SA Yadav",
              "runs": {
                "batter": 0,
                "extras": 0,
                "total": 0
              }
            },
            {
              "batter": "HH Pandya",
              "bowler": "R Sai Kishore",
              "non_striker": "SA Yadav",
              "runs": {
                "batter": 0,
                "extras": 0,
                "total": 0
              }
            },
            {
              "batter": "HH Pandya",
              "bowler": "R Sai Kishore",
              "non_striker": "SA Yadav",
              "runs": {
                "batter": 4,
                "extras": 0,
                "total": 4
              }
            },
            {
              "batter": "HH Pandya",
              "bowler": "R Sai Kishore",
              "non_striker": "SA Yadav",
              "runs": {
                "batter": 0,
                "extras": 0,
                "total": 0
              }
            },
            {
              "batter": "HH Pandya",
              "bowler": "R Sai Kishore",
              "non_striker": "SA Yadav",
              "runs": {
                "batter": 1,
                "extras": 0,
                "total": 1
              }
            },
            {
              "batter": "SA Yadav",
              "bowler": "R Sai Kishore",
              "non_striker": "HH Pandya",
              "runs": {
                "batter": 1,
                "extras": 0,
                "total": 1
              }
            }
          ]
        },
        {
          "over": 15,
          "deliveries": [
            {
              "batter": "SA Yadav",
              "bowler": "M Prasidh Krishna",
              "non_striker": "HH Pandya",
              "runs": {
                "batter": 1,
                "extras": 0,
                "total": 1
              }
            },
            {
              "batter": "HH Pandya",
              "bowler": "M Prasidh Krishna",
              "non_striker": "SA Yadav",
              "runs": {
                "batter": 0,
                "extras": 0,
                "total": 0
              }
            },
            {
              "batter": "HH Pandya",
              "bowler": "M Prasidh Krishna",
              "non_striker": "SA Yadav",
              "runs": {
                "batter": 0,
                "extras": 0,
                "total": 0
              }
            },
            {
              "batter": "HH Pandya",
              "bowler": "M Prasidh Krishna",
              "non_striker": "SA Yadav",
              "runs": {
                "batter": 0,
                "extras": 0,
                "total": 0
              }
            },
            {
              "batter": "HH Pandya",
              "bowler": "M Prasidh Krishna",
              "non_striker": "SA Yadav",
              "runs": {
                "batter": 1,
                "extras": 0,
                "total": 1
              }
            },
            {
              "batter": "SA Yadav",
              "bowler": "M Prasidh Krishna",
              "non_striker": "HH Pandya",
              "runs": {
                "batter": 0,
                "extras": 0,
                "total": 0
              },
              "wickets": [
                {
                  "player_out": "SA Yadav",
                  "fielders": [
                    {
                      "name": "Shubman Gill"
                    }
                  ],
                  "kind": "caught"
                }
              ]
            }
          ]
        },
        {
          "over": 16,
          "deliveries": [
            {
              "batter": "HH Pandya",
              "bowler": "K Rabada",
              "non_striker": "Naman Dhir",
              "runs": {
                "batter": 1,
                "extras": 0,
                "total": 1
              }
            },
            {
              "batter": "Naman Dhir",
              "bowler": "K Rabada",
              "non_striker": "HH Pandya",
              "runs": {
                "batter": 1,
                "extras": 0,
                "total": 1
              }
            },
            {
              "batter": "HH Pandya",
              "bowler": "K Rabada",
              "non_striker": "Naman Dhir",
              "runs": {
                "batter": 1,
                "extras": 0,
                "total": 1
              }
            },
            {
              "batter": "Naman Dhir",
              "bowler": "K Rabada",
              "non_striker": "HH Pandya",
              "runs": {
                "batter": 1,
                "extras": 0,
                "total": 1
              }
            },
            {
              "batter": "HH Pandya",
              "bowler": "K Rabada",
              "non_striker": "Naman Dhir",
              "runs": {
                "batter": 0,
                "extras": 0,
                "total": 0
              }
            },
            {
              "batter": "HH Pandya",
              "bowler": "K Rabada",
              "non_striker": "Naman Dhir",
              "runs": {
                "batter": 0,
                "extras": 0,
                "total": 0
              },
              "wickets": [
                {
                  "player_out": "HH Pandya",
                  "fielders": [
                    {
                      "name": "Mohammed Siraj"
                    }
                  ],
                  "kind": "caught"
                }
              ]
            }
          ]
        },
        {
          "over": 17,
          "deliveries": [
            {
              "batter": "Naman Dhir",
              "bowler": "M Prasidh Krishna",
              "non_striker": "MJ Santner",
              "runs": {
                "batter": 4,
                "extras": 0,
                "total": 4
              }
            },
            {
              "batter": "Naman Dhir",
              "bowler": "M Prasidh Krishna",
              "non_striker": "MJ Santner",
              "runs": {
                "batter": 0,
                "extras": 0,
                "total": 0
              }
            },
            {
              "batter": "Naman Dhir",
              "bowler": "M Prasidh Krishna",
              "non_striker": "MJ Santner",
              "runs": {
                "batter": 1,
                "extras": 0,
                "total": 1
              }
            },
            {
              "batter": "MJ Santner",
              "bowler": "M Prasidh Krishna",
              "non_striker": "Naman Dhir",
              "runs": {
                "batter": 0,
                "extras": 0,
                "total": 0
              }
            },
            {
              "batter": "MJ Santner",
              "bowler": "M Prasidh Krishna",
              "non_striker": "Naman Dhir",
              "runs": {
                "batter": 1,
                "extras": 0,
                "total": 1
              }
            },
            {
              "batter": "Naman Dhir",
              "bowler": "M Prasidh Krishna",
              "non_striker": "MJ Santner",
              "runs": {
                "batter": 4,
                "extras": 0,
                "total": 4
              }
            }
          ]
        },
        {
          "over": 18,
          "deliveries": [
            {
              "batter": "MJ Santner",
              "bowler": "K Rabada",
              "non_striker": "Naman Dhir",
              "runs": {
                "batter": 6,
                "extras": 0,
                "total": 6
              }
            },
            {
              "batter": "MJ Santner",
              "bowler": "K Rabada",
              "non_striker": "Naman Dhir",
              "runs": {
                "batter": 1,
                "extras": 0,
                "total": 1
              }
            },
            {
              "batter": "Naman Dhir",
              "bowler": "K Rabada",
              "non_striker": "MJ Santner",
              "runs": {
                "batter": 0,
                "extras": 0,
                "total": 0
              }
            },
            {
              "batter": "Naman Dhir",
              "bowler": "K Rabada",
              "extras": {
                "wides": 1
              },
              "non_striker": "MJ Santner",
              "runs": {
                "batter": 0,
                "extras": 1,
                "total": 1
              }
            },
            {
              "batter": "Naman Dhir",
              "bowler": "K Rabada",
              "non_striker": "MJ Santner",
              "runs": {
                "batter": 4,
                "extras": 0,
                "total": 4
              }
            },
            {
              "batter": "Naman Dhir",
              "bowler": "K Rabada",
              "non_striker": "MJ Santner",
              "runs": {
                "batter": 1,
                "extras": 0,
                "total": 1
              }
            },
            {
              "batter": "MJ Santner",
              "bowler": "K Rabada",
              "non_striker": "Naman Dhir",
              "runs": {
                "batter": 4,
                "extras": 0,
                "total": 4
              }
            }
          ]
        },
        {
          "over": 19,
          "deliveries": [
            {
              "batter": "Naman Dhir",
              "bowler": "Mohammed Siraj",
              "non_striker": "MJ Santner",
              "runs": {
                "batter": 1,
                "extras": 0,
                "total": 1
              }
            },
            {
              "batter": "MJ Santner",
              "bowler": "Mohammed Siraj",
              "extras": {
                "legbyes": 1
              },
              "non_striker": "Naman Dhir",
              "runs": {
                "batter": 0,
                "extras": 1,
                "total": 1
              }
            },
            {
              "batter": "Naman Dhir",
              "bowler": "Mohammed Siraj",
              "non_striker": "MJ Santner",
              "runs": {
                "batter": 1,
                "extras": 0,
                "total": 1
              }
            },
            {
              "batter": "MJ Santner",
              "bowler": "Mohammed Siraj",
              "non_striker": "Naman Dhir",
              "runs": {
                "batter": 6,
                "extras": 0,
                "total": 6
              }
            },
            {
              "batter": "MJ Santner",
              "bowler": "Mohammed Siraj",
              "non_striker": "Naman Dhir",
              "runs": {
                "batter": 0,
                "extras": 0,
                "total": 0
              }
            },
            {
              "batter": "MJ Santner",
              "bowler": "Mohammed Siraj",
              "non_striker": "Naman Dhir",
              "review": {
                "by": "Mumbai Indians",
                "umpire": "A Bengeri",
                "batter": "MJ Santner",
                "decision": "upheld",
                "type": "wicket"
              },
              "runs": {
                "batter": 0,
                "extras": 0,
                "total": 0
              }
            }
          ]
        }
      ],
      "powerplays": [
        {
          "from": 0.1,
          "to": 5.7,
          "type": "mandatory"
        }
      ],
      "target": {
        "overs": 20,
        "runs": 197
      }
    }
  ]
}