{
  "meta": {
    "data_version": "1.1.0",
    "created": "2025-04-07",
    "revision": 1
  },
  "info": {
    "balls_per_over": 6,
    "city": "Hyderabad",
    "dates": [
      "2025-04-06"
    ],
    "event": {
      "name": "Indian Premier League",
      "match_number": 19
    },
    "gender": "male",
    "match_type": "T20",
    "officials": {
      "match_referees": [
        "J Srinath"
      ],
      "reserve_umpires": [
        "HAS Khalid"
      ],
      "tv_umpires": [
        "Nitin Menon"
      ],
      "umpires": [
        "KN Ananthapadmanabhan",
        "MV Saidharshan Kumar"
      ]
    },
    "outcome": {
      "winner": "Gujarat Titans",
      "by": {
        "wickets": 7
      }
    },
    "overs": 20,
    "player_of_match": [
      "Mohammed Siraj"
    ],
    "players": {
      "Sunrisers Hyderabad": [
        "Abhishek Sharma",
        "TM Head",
        "Ishan Kishan",
        "Nithish Kumar Reddy",
        "H Klaasen",
        "Aniket Verma",
        "PHKD Mendis",
        "PJ Cummins",
        "Simarjeet Singh",
        "Mohammed Shami",
        "Zeeshan Ansari",
        "JD Unadkat"
      ],
      "Gujarat Titans": [
        "I Sharma",
        "B Sai Sudharsan",
        "Shubman Gill",
        "JC Buttler",
        "Washington Sundar",
        "SE Rutherford",
        "R Tewatia",
        "M Shahrukh Khan",
        "Rashid Khan",
        "R Sai Kishore",
        "Mohammed Siraj",
        "M Prasidh Krishna"
      ]
    },
    "registry": {
      "people": {
        "Abhishek Sharma": "f29185a1",
        "Aniket Verma": "a3b0600d",
        "B Sai Sudharsan": "d5130a30",
        "H Klaasen": "235c2bb6",
        "HAS Khalid": "291ded7c",
        "I Sharma": "5bb1a1c4",
        "Ishan Kishan": "752f7486",
        "J Srinath": "bad31fac",
        "JC Buttler": "99b75528",
        "JD Unadkat": "1e66c162",
        "KN Ananthapadmanabhan": "3144063a",
        "M Prasidh Krishna": "85e0cf10",
        "M Shahrukh Khan": "7dcb9bc9",
        "MV Saidharshan Kumar": "54b6007b",
        "Mohammed Shami": "8cf9814c",
        "Mohammed Siraj": "2f49c897",
        "Nithish Kumar Reddy": "aad0c365",
        "Nitin Menon": "e1d41d9e",
        "PHKD Mendis": "08548b13",
        "PJ Cummins": "ded9240e",
        "R Sai Kishore": "c7a995d3",
        "R Tewatia": "39a2dfa8",
        "Rashid Khan": "5f547c8b",
        "SE Rutherford": "d014d5ac",
        "Shubman Gill": "b4b99816",
        "Simarjeet Singh": "30df8c66",
        "TM Head": "12b610c2",
        "Washington Sundar": "f19ccfad",
        "Zeeshan Ansari": "36619795"
      }
    },
    "season": "2025",
    "team_type": "club",
    "teams": [
      "Sunrisers Hyderabad",
      "Gujarat Titans"
    ],
    "toss": {
      "decision": "field",
      "winner": "Gujarat Titans"
    },
    "venue": "Rajiv Gandhi International Stadium, Uppal, Hyderabad"
  },
  "innings": [
    {
      "team": "Sunrisers Hyderabad",
      "overs": [
        {
          "over": 0,
          "deliveries": [
            {
              "batter": "Abhishek Sharma",
              "bowler": "Mohammed Siraj",
              "non_striker": "TM Head",
              "runs": {
                "batter": 1,
                "extras": 0,
                "total": 1
              }
            },
            {
              "batter": "TM Head",
              "bowler": "Mohammed Siraj",
              "non_striker": "Abhishek Sharma",
              "runs": {
                "batter": 4,
                "extras": 0,
                "total": 4
              }
            },
            {
              "batter": "TM Head",
              "bowler": "Mohammed Siraj",
              "non_striker": "Abhishek Sharma",
              "runs": {
                "batter": 0,
                "extras": 0,
                "total": 0
              }
            },
            {
              "batter": "TM Head",
              "bowler": "Mohammed Siraj",
              "non_striker": "Abhishek Sharma",
              "runs": {
                "batter": 4,
                "extras": 0,
                "total": 4
              }
            },
            {
              "batter": "TM Head",
              "bowler": "Mohammed Siraj",
              "non_striker": "Abhishek Sharma",
              "runs": {
                "batter": 0,
                "extras": 0,
                "total": 0
              }
            },
            {
              "batter": "TM Head",
              "bowler": "Mohammed Siraj",
              "non_striker": "Abhishek Sharma",
              "runs": {
                "batter": 0,
                "extras": 0,
                "total": 0
              },
              "wickets": [
                {
                  "player_out": "TM Head",
                  "fielders": [
                    {
                      "name": "B Sai Sudharsan"
                    }
                  ],
                  "kind": "caught"
                }
              ]
            }
          ]
        },
        {
          "over": 1,
          "deliveries": [
            {
              "batter": "Abhishek Sharma",
              "bowler": "I Sharma",
              "non_striker": "Ishan Kishan",
              "runs": {
                "batter": 0,
                "extras": 0,
                "total": 0
              }
            },
            {
              "batter": "Abhishek Sharma",
              "bowler": "I Sharma",
              "non_striker": "Ishan Kishan",
              "runs": {
                "batter": 4,
                "extras": 0,
                "total": 4
              }
            },
            {
              "batter": "Abhishek Sharma",
              "bowler": "I Sharma",
              "non_striker": "Ishan Kishan",
              "runs": {
                "batter": 4,
                "extras": 0,
                "total": 4
              }
            },
            {
              "batter": "Abhishek Sharma",
              "bowler": "I Sharma",
              "non_striker": "Ishan Kishan",
              "runs": {
                "batter": 0,
                "extras": 0,
                "total": 0
              }
            },
            {
              "batter": "Abhishek Sharma",
              "bowler": "I Sharma",
              "non_striker": "Ishan Kishan",
              "runs": {
                "batter": 1,
                "extras": 0,
                "total": 1
              }
            },
            {
              "batter": "Ishan Kishan",
              "bowler": "I Sharma",
              "non_striker": "Abhishek Sharma",
              "runs": {
                "batter": 2,
                "extras": 0,
                "total": 2
              }
            }
          ]
        },
        {
          "over": 2,
          "deliveries": [
            {
              "batter": "Abhishek Sharma",
              "bowler": "Mohammed Siraj",
              "non_striker": "Ishan Kishan",
              "runs": {
                "batter": 0,
                "extras": 0,
                "total": 0
              }
            },
            {
              "batter": "Abhishek Sharma",
              "bowler": "Mohammed Siraj",
              "non_striker": "Ishan Kishan",
              "runs": {
                "batter": 0,
                "extras": 0,
                "total": 0
              }
            },
            {
              "batter": "Abhishek Sharma",
              "bowler": "Mohammed Siraj",
              "non_striker": "Ishan Kishan",
              "runs": {
                "batter": 0,
                "extras": 0,
                "total": 0
              }
            },
            {
              "batter": "Abhishek Sharma",
              "bowler": "Mohammed Siraj",
              "non_striker": "Ishan Kishan",
              "runs": {
                "batter": 0,
                "extras": 0,
                "total": 0
              }
            },
            {
              "batter": "Abhishek Sharma",
              "bowler": "Mohammed Siraj",
              "non_striker": "Ishan Kishan",
              "runs": {
                "batter": 0,
                "extras": 0,
                "total": 0
              }
            },
            {
              "batter": "Abhishek Sharma",
              "bowler": "Mohammed Siraj",
              "non_striker": "Ishan Kishan",
              "runs": {
                "batter": 4,
                "extras": 0,
                "total": 4
              }
            }
          ]
        },
        {
          "over": 3,
          "deliveries": [
            {
              "batter": "Ishan Kishan",
              "bowler": "I Sharma",
              "non_striker": "Abhishek Sharma",
              "runs": {
                "batter": 0,
                "extras": 0,
                "total": 0
              }
            },
            {
              "batter": "Ishan Kishan",
              "bowler": "I Sharma",
              "non_striker": "Abhishek Sharma",
              "runs": {
                "batter": 0,
                "extras": 0,
                "total": 0
              }
            },
            {
              "batter": "Ishan Kishan",
              "bowler": "I Sharma",
              "non_striker": "Abhishek Sharma",
              "runs": {
                "batter": 4,
                "extras": 0,
                "total": 4
              }
            },
            {
              "batter": "Ishan Kishan",
              "bowler": "I Sharma",
              "non_striker": "Abhishek Sharma",
              "runs": {
                "batter": 4,
                "extras": 0,
                "total": 4
              }
            },
            {
              "batter": "Ishan Kishan",
              "bowler": "I Sharma",
              "non_striker": "Abhishek Sharma",
              "runs": {
                "batter": 1,
                "extras": 0,
                "total": 1
              }
            },
            {
              "batter": "Abhishek Sharma",
              "bowler": "I Sharma",
              "non_striker": "Ishan Kishan",
              "runs": {
                "batter": 4,
                "extras": 0,
                "total": 4
              }
            }
          ]
        },
        {
          "over": 4,
          "deliveries": [
            {
              "batter": "Ishan Kishan",
              "bowler": "Mohammed Siraj",
              "non_striker": "Abhishek Sharma",
              "runs": {
                "batter": 1,
                "extras": 0,
                "total": 1
              }
            },
            {
              "batter": "Abhishek Sharma",
              "bowler": "Mohammed Siraj",
              "non_striker": "Ishan Kishan",
              "runs": {
                "batter": 0,
                "extras": 0,
                "total": 0
              }
            },
            {
              "batter": "Abhishek Sharma",
              "bowler": "Mohammed Siraj",
              "non_striker": "Ishan Kishan",
              "runs": {
                "batter": 0,
                "extras": 0,
                "total": 0
              }
            },
            {
              "batter": "Abhishek Sharma",
              "bowler": "Mohammed Siraj",
              "non_striker": "Ishan Kishan",
              "runs": {
                "batter": 0,
                "extras": 0,
                "total": 0
              },
              "wickets": [
                {
                  "player_out": "Abhishek Sharma",
                  "fielders": [
                    {
                      "name": "R Tewatia"
                    }
                  ],
                  "kind": "caught"
                }
              ]
            },
            {
              "batter": "Nithish Kumar Reddy",
              "bowler": "Mohammed Siraj",
              "non_striker": "Ishan Kishan",
              "runs": {
                "batter": 0,
                "extras": 0,
                "total": 0
              }
            },
            {
              "batter": "Nithish Kumar Reddy",
              "bowler": "Mohammed Siraj",
              "non_striker": "Ishan Kishan",
              "runs": {
                "batter": 0,
                "extras": 0,
                "total": 0
              }
            }
          ]
        },
        {
          "over": 5,
          "deliveries": [
            {
              "batter": "Ishan Kishan",
              "bowler": "M Prasidh Krishna",
              "non_striker": "Nithish Kumar Reddy",
              "runs": {
                "batter": 1,
                "extras": 0,
                "total": 1
              }
            },
            {
              "batter": "Nithish Kumar Reddy",
              "bowler": "M Prasidh Krishna",
              "extras": {
                "wides": 1
              },
              "non_striker": "Ishan Kishan",
              "runs": {
                "batter": 0,
                "extras": 1,
                "total": 1
              }
            },
            {
              "batter": "Nithish Kumar Reddy",
              "bowler": "M Prasidh Krishna",
              "non_striker": "Ishan Kishan",
              "runs": {
                "batter": 0,
                "extras": 0,
                "total": 0
              }
            },
            {
              "batter": "Nithish Kumar Reddy",
              "bowler": "M Prasidh Krishna",
              "non_striker": "Ishan Kishan",
              "runs": {
                "batter": 1,
                "extras": 0,
                "total": 1
              }
            },
            {
              "batter": "Ishan Kishan",
              "bowler": "M Prasidh Krishna",
              "non_striker": "Nithish Kumar Reddy",
              "runs": {
                "batter": 1,
                "extras": 0,
                "total": 1
              }
            },
            {
              "batter": "Nithish Kumar Reddy",
              "bowler": "M Prasidh Krishna",
              "non_striker": "Ishan Kishan",
              "runs": {
                "batter": 1,
                "extras": 0,
                "total": 1
              }
            },
            {
              "batter": "Ishan Kishan",
              "bowler": "M Prasidh Krishna",
              "extras": {
                "wides": 1
              },
              "non_striker": "Nithish Kumar Reddy",
              "runs": {
                "batter": 0,
                "extras": 1,
                "total": 1
              }
            },
            {
              "batter": "Ishan Kishan",
              "bowler": "M Prasidh Krishna",
              "non_striker": "Nithish Kumar Reddy",
              "runs": {
                "batter": 1,
                "extras": 0,
                "total": 1
              }
            }
          ]
        },
        {
          "over": 6,
          "deliveries": [
            {
              "batter": "Ishan Kishan",
              "bowler": "Rashid Khan",
              "non_striker": "Nithish Kumar Reddy",
              "runs": {
                "batter": 0,
                "extras": 0,
                "total": 0
              }
            },
            {
              "batter": "Ishan Kishan",
              "bowler": "Rashid Khan",
              "non_striker": "Nithish Kumar Reddy",
              "runs": {
                "batter": 1,
                "extras": 0,
                "total": 1
              }
            },
            {
              "batter": "Nithish Kumar Reddy",
              "bowler": "Rashid Khan",
              "non_striker": "Ishan Kishan",
              "runs": {
                "batter": 1,
                "extras": 0,
                "total": 1
              }
            },
            {
              "batter": "Ishan Kishan",
              "bowler": "Rashid Khan",
              "non_striker": "Nithish Kumar Reddy",
              "runs": {
                "batter": 1,
                "extras": 0,
                "total": 1
              }
            },
            {
              "batter": "Nithish Kumar Reddy",
              "bowler": "Rashid Khan",
              "non_striker": "Ishan Kishan",
              "runs": {
                "batter": 0,
                "extras": 0,
                "total": 0
              }
            },
            {
              "batter": "Nithish Kumar Reddy",
              "bowler": "Rashid Khan",
              "non_striker": "Ishan Kishan",
              "runs": {
                "batter": 1,
                "extras": 0,
                "total": 1
              }
            }
          ]
        },
        {
          "over": 7,
          "deliveries": [
            {
              "batter": "Nithish Kumar Reddy",
              "bowler": "M Prasidh Krishna",
              "non_striker": "Ishan Kishan",
              "runs": {
                "batter": 1,
                "extras": 0,
                "total": 1
              }
            },
            {
              "batter": "Ishan Kishan",
              "bowler": "M Prasidh Krishna",
              "non_striker": "Nithish Kumar Reddy",
              "runs": {
                "batter": 0,
                "extras": 0,
                "total": 0
              },
              "wickets": [
                {
                  "player_out": "Ishan Kishan",
                  "fielders": [
                    {
                      "name": "I Sharma"
                    }
                  ],
                  "kind": "caught"
                }
              ]
            },
            {
              "batter": "H Klaasen",
              "bowler": "M Prasidh Krishna",
              "non_striker": "Nithish Kumar Reddy",
              "runs": {
                "batter": 1,
                "extras": 0,
                "total": 1
              }
            },
            {
              "batter": "Nithish Kumar Reddy",
              "bowler": "M Prasidh Krishna",
              "non_striker": "H Klaasen",
              "runs": {
                "batter": 1,
                "extras": 0,
                "total": 1
              }
            },
            {
              "batter": "H Klaasen",
              "bowler": "M Prasidh Krishna",
              "non_striker": "Nithish Kumar Reddy",
              "runs": {
                "batter": 0,
                "extras": 0,
                "total": 0
              }
            },
            {
              "batter": "H Klaasen",
              "bowler": "M Prasidh Krishna",
              "non_striker": "Nithish Kumar Reddy",
              "runs": {
                "batter": 0,
                "extras": 0,
                "total": 0
              }
            }
          ]
        },
        {
          "over": 8,
          "deliveries": [
            {
              "batter": "Nithish Kumar Reddy",
              "bowler": "Rashid Khan",
              "non_striker": "H Klaasen",
              "runs": {
                "batter": 1,
                "extras": 0,
                "total": 1
              }
            },
            {
              "batter": "H Klaasen",
              "bowler": "Rashid Khan",
              "non_striker": "Nithish Kumar Reddy",
              "runs": {
                "batter": 3,
                "extras": 0,
                "total": 3
              }
            },
            {
              "batter": "Nithish Kumar Reddy",
              "bowler": "Rashid Khan",
              "non_striker": "H Klaasen",
              "runs": {
                "batter": 1,
                "extras": 0,
                "total": 1
              }
            },
            {
              "batter": "H Klaasen",
              "bowler": "Rashid Khan",
              "non_striker": "Nithish Kumar Reddy",
              "runs": {
                "batter": 0,
                "extras": 0,
                "total": 0
              }
            },
            {
              "batter": "H Klaasen",
              "bowler": "Rashid Khan",
              "non_striker": "Nithish Kumar Reddy",
              "runs": {
                "batter": 1,
                "extras": 0,
                "total": 1
              }
            },
            {
              "batter": "Nithish Kumar Reddy",
              "bowler": "Rashid Khan",
              "non_striker": "H Klaasen",
              "runs": {
                "batter": 0,
                "extras": 0,
                "total": 0
              }
            }
          ]
        },
        {
          "over": 9,
          "deliveries": [
            {
              "batter": "H Klaasen",
              "bowler": "R Sai Kishore",
              "non_striker": "Nithish Kumar Reddy",
              "runs": {
                "batter": 1,
                "extras": 0,
                "total": 1
              }
            },
            {
              "batter": "Nithish Kumar Reddy",
              "bowler": "R Sai Kishore",
              "non_striker": "H Klaasen",
              "runs": {
                "batter": 1,
                "extras": 0,
                "total": 1
              }
            },
            {
              "batter": "H Klaasen",
              "bowler": "R Sai Kishore",
              "non_striker": "Nithish Kumar Reddy",
              "runs": {
                "batter": 1,
                "extras": 0,
                "total": 1
              }
            },
            {
              "batter": "Nithish Kumar Reddy",
              "bowler": "R Sai Kishore",
              "non_striker": "H Klaasen",
              "runs": {
                "batter": 1,
                "extras": 0,
                "total": 1
              }
            },
            {
              "batter": "H Klaasen",
              "bowler": "R Sai Kishore",
              "non_striker": "Nithish Kumar Reddy",
              "runs": {
                "batter": 1,
                "extras": 0,
                "total": 1
              }
            },
            {
              "batter": "Nithish Kumar Reddy",
              "bowler": "R Sai Kishore",
              "non_striker": "H Klaasen",
              "runs": {
                "batter": 1,
                "extras": 0,
                "total": 1
              }
            }
          ]
        },
        {
          "over": 10,
          "deliveries": [
            {
              "batter": "Nithish Kumar Reddy",
              "bowler": "Rashid Khan",
              "non_striker": "H Klaasen",
              "runs": {
                "batter": 4,
                "extras": 0,
                "total": 4
              }
            },
            {
              "batter": "Nithish Kumar Reddy",
              "bowler": "Rashid Khan",
              "non_striker": "H Klaasen",
              "runs": {
                "batter": 0,
                "extras": 0,
                "total": 0
              }
            },
            {
              "batter": "Nithish Kumar Reddy",
              "bowler": "Rashid Khan",
              "non_striker": "H Klaasen",
              "runs": {
                "batter": 4,
                "extras": 0,
                "total": 4
              }
            },
            {
              "batter": "Nithish Kumar Reddy",
              "bowler": "Rashid Khan",
              "non_striker": "H Klaasen",
              "runs": {
                "batter": 0,
                "extras": 0,
                "total": 0
              }
            },
            {
              "batter": "Nithish Kumar Reddy",
              "bowler": "Rashid Khan",
              "non_striker": "H Klaasen",
              "runs": {
                "batter": 0,
                "extras": 0,
                "total": 0
              }
            },
            {
              "batter": "Nithish Kumar Reddy",
              "bowler": "Rashid Khan",
              "non_striker": "H Klaasen",
              "runs": {
                "batter": 1,
                "extras": 0,
                "total": 1
              }
            }
          ]
        },
        {
          "over": 11,
          "deliveries": [
            {
              "batter": "Nithish Kumar Reddy",
              "bowler": "R Sai Kishore",
              "non_striker": "H Klaasen",
              "runs": {
                "batter": 1,
                "extras": 0,
                "total": 1
              }
            },
            {
              "batter": "H Klaasen",
              "bowler": "R Sai Kishore",
              "non_striker": "Nithish Kumar Reddy",
              "runs": {
                "batter": 1,
                "extras": 0,
                "total": 1
              }
            },
            {
              "batter": "Nithish Kumar Reddy",
              "bowler": "R Sai Kishore",
              "non_striker": "H Klaasen",
              "runs": {
                "batter": 0,
                "extras": 0,
                "total": 0
              }
            },
            {
              "batter": "Nithish Kumar Reddy",
              "bowler": "R Sai Kishore",
              "non_striker": "H Klaasen",
              "runs": {
                "batter": 1,
                "extras": 0,
                "total": 1
              }
            },
            {
              "batter": "H Klaasen",
              "bowler": "R Sai Kishore",
              "non_striker": "Nithish Kumar Reddy",
              "runs": {
                "batter": 1,
                "extras": 0,
                "total": 1
              }
            },
            {
              "batter": "Nithish Kumar Reddy",
              "bowler": "R Sai Kishore",
              "non_striker": "H Klaasen",
              "runs": {
                "batter": 0,
                "extras": 0,
                "total": 0
              }
            }
          ]
        },
        {
          "over": 12,
          "deliveries": [
            {
              "batter": "H Klaasen",
              "bowler": "Rashid Khan",
              "non_striker": "Nithish Kumar Reddy",
              "runs": {
                "batter": 4,
                "extras": 0,
                "total": 4
              }
            },
            {
              "batter": "H Klaasen",
              "bowler": "Rashid Khan",
              "non_striker": "Nithish Kumar Reddy",
              "runs": {
                "batter": 1,
                "extras": 0,
                "total": 1
              }
            },
            {
              "batter": "Nithish Kumar Reddy",
              "bowler": "Rashid Khan",
              "non_striker": "H Klaasen",
              "runs": {
                "batter": 1,
                "extras": 0,
                "total": 1
              }
            },
            {
              "batter": "H Klaasen",
              "bowler": "Rashid Khan",
              "non_striker": "Nithish Kumar Reddy",
              "runs": {
                "batter": 6,
                "extras": 0,
                "total": 6
              }
            },
            {
              "batter": "H Klaasen",
              "bowler": "Rashid Khan",
              "non_striker": "Nithish Kumar Reddy",
              "runs": {
                "batter": 0,
                "extras": 0,
                "total": 0
              }
            },
            {
              "batter": "H Klaasen",
              "bowler": "Rashid Khan",
              "non_striker": "Nithish Kumar Reddy",
              "runs": {
                "batter": 0,
                "extras": 0,
                "total": 0
              }
            }
          ]
        },
        {
          "over": 13,
          "deliveries": [
            {
              "batter": "Nithish Kumar Reddy",
              "bowler": "R Sai Kishore",
              "non_striker": "H Klaasen",
              "runs": {
                "batter": 4,
                "extras": 0,
                "total": 4
              }
            },
            {
              "batter": "Nithish Kumar Reddy",
              "bowler": "R Sai Kishore",
              "non_striker": "H Klaasen",
              "runs": {
                "batter": 1,
                "extras": 0,
                "total": 1
              }
            },
            {
              "batter": "H Klaasen",
              "bowler": "R Sai Kishore",
              "non_striker": "Nithish Kumar Reddy",
              "runs": {
                "batter": 4,
                "extras": 0,
                "total": 4
              }
            },
            {
              "batter": "H Klaasen",
              "bowler": "R Sai Kishore",
              "non_striker": "Nithish Kumar Reddy",
              "runs": {
                "batter": 2,
                "extras": 0,
                "total": 2
              }
            },
            {
              "batter": "H Klaasen",
              "bowler": "R Sai Kishore",
              "non_striker": "Nithish Kumar Reddy",
              "runs": {
                "batter": 0,
                "extras": 0,
                "total": 0
              },
              "wickets": [
                {
                  "player_out": "H Klaasen",
                  "kind": "bowled"
                }
              ]
            },
            {
              "batter": "Aniket Verma",
              "bowler": "R Sai Kishore",
              "non_striker": "Nithish Kumar Reddy",
              "runs": {
                "batter": 1,
                "extras": 0,
                "total": 1
              }
            }
          ]
        },
        {
          "over": 14,
          "deliveries": [
            {
              "batter": "Aniket Verma",
              "bowler": "M Prasidh Krishna",
              "non_striker": "Nithish Kumar Reddy",
              "runs": {
                "batter": 1,
                "extras": 0,
                "total": 1
              }
            },
            {
              "batter": "Nithish Kumar Reddy",
              "bowler": "M Prasidh Krishna",
              "non_striker": "Aniket Verma",
              "runs": {
                "batter": 2,
                "extras": 0,
                "total": 2
              }
            },
            {
              "batter": "Nithish Kumar Reddy",
              "bowler": "M Prasidh Krishna",
              "non_striker": "Aniket Verma",
              "runs": {
                "batter": 0,
                "extras": 0,
                "total": 0
              }
            },
            {
              "batter": "Nithish Kumar Reddy",
              "bowler": "M Prasidh Krishna",
              "non_striker": "Aniket Verma",
              "runs": {
                "batter": 0,
                "extras": 0,
                "total": 0
              }
            },
            {
              "batter": "Nithish Kumar Reddy",
              "bowler": "M Prasidh Krishna",
              "non_striker": "Aniket Verma",
              "runs": {
                "batter": 1,
                "extras": 0,
                "total": 1
              }
            },
            {
              "batter": "Aniket Verma",
              "bowler": "M Prasidh Krishna",
              "non_striker": "Nithish Kumar Reddy",
              "runs": {
                "batter": 0,
                "extras": 0,
                "total": 0
              }
            }
          ]
        },
        {
          "over": 15,
          "deliveries": [
            {
              "batter": "Nithish Kumar Reddy",
              "bowler": "R Sai Kishore",
              "non_striker": "Aniket Verma",
              "runs": {
                "batter": 0,
                "extras": 0,
                "total": 0
              },
              "wickets": [
                {
                  "player_out": "Nithish Kumar Reddy",
                  "fielders": [
                    {
                      "name": "Rashid Khan"
                    }
                  ],
                  "kind": "caught"
                }
              ]
            },
            {
              "batter": "PHKD Mendis",
              "bowler": "R Sai Kishore",
              "extras": {
                "legbyes": 1
              },
              "non_striker": "Aniket Verma",
              "runs": {
                "batter": 0,
                "extras": 1,
                "total": 1
              }
            },
            {
              "batter": "Aniket Verma",
              "bowler": "R Sai Kishore",
              "non_striker": "PHKD Mendis",
              "runs": {
                "batter": 0,
                "extras": 0,
                "total": 0
              }
            },
            {
              "batter": "Aniket Verma",
              "bowler": "R Sai Kishore",
              "non_striker": "PHKD Mendis",
              "runs": {
                "batter": 1,
                "extras": 0,
                "total": 1
              }
            },
            {
              "batter": "PHKD Mendis",
              "bowler": "R Sai Kishore",
              "non_striker": "Aniket Verma",
              "runs": {
                "batter": 0,
                "extras": 0,
                "total": 0
              }
            },
            {
              "batter": "PHKD Mendis",
              "bowler": "R Sai Kishore",
              "non_striker": "Aniket Verma",
              "runs": {
                "batter": 1,
                "extras": 0,
                "total": 1
              }
            }
          ]
        },
        {
          "over": 16,
          "deliveries": [
            {
              "batter": "PHKD Mendis",
              "bowler": "M Prasidh Krishna",
              "extras": {
                "legbyes": 1
              },
              "non_striker": "Aniket Verma",
              "runs": {
                "batter": 0,
                "extras": 1,
                "total": 1
              }
            },
            {
              "batter": "Aniket Verma",
              "bowler": "M Prasidh Krishna",
              "non_striker": "PHKD Mendis",
              "runs": {
                "batter": 4,
                "extras": 0,
                "total": 4
              }
            },
            {
              "batter": "Aniket Verma",
              "bowler": "M Prasidh Krishna",
              "non_striker": "PHKD Mendis",
              "runs": {
                "batter": 2,
                "extras": 0,
                "total": 2
              }
            },
            {
              "batter": "Aniket Verma",
              "bowler": "M Prasidh Krishna",
              "non_striker": "PHKD Mendis",
              "runs": {
                "batter": 4,
                "extras": 0,
                "total": 4
              }
            },
            {
              "batter": "Aniket Verma",
              "bowler": "M Prasidh Krishna",
              "non_striker": "PHKD Mendis",
              "runs": {
                "batter": 1,
                "extras": 0,
                "total": 1
              }
            },
            {
              "batter": "PHKD Mendis",
              "bowler": "M Prasidh Krishna",
              "non_striker": "Aniket Verma",
              "runs": {
                "batter": 0,
                "extras": 0,
                "total": 0
              },
              "wickets": [
                {
                  "player_out": "PHKD Mendis",
                  "fielders": [
                    {
                      "name": "B Sai Sudharsan"
                    }
                  ],
                  "kind": "caught"
                }
              ]
            }
          ]
        },
        {
          "over": 17,
          "deliveries": [
            {
              "batter": "Aniket Verma",
              "bowler": "I Sharma",
              "non_striker": "PJ Cummins",
              "runs": {
                "batter": 1,
                "extras": 0,
                "total": 1
              }
            },
            {
              "batter": "PJ Cummins",
              "bowler": "I Sharma",
              "non_striker": "Aniket Verma",
              "runs": {
                "batter": 4,
                "extras": 0,
                "total": 4
              }
            },
            {
              "batter": "PJ Cummins",
              "bowler": "I Sharma",
              "non_striker": "Aniket Verma",
              "runs": {
                "batter": 1,
                "extras": 0,
                "total": 1
              }
            },
            {
              "batter": "Aniket Verma",
              "bowler": "I Sharma",
              "non_striker": "PJ Cummins",
              "runs": {
                "batter": 1,
                "extras": 0,
                "total": 1
              }
            },
            {
              "batter": "PJ Cummins",
              "bowler": "I Sharma",
              "non_striker": "Aniket Verma",
              "runs": {
                "batter": 4,
                "extras": 0,
                "total": 4
              }
            },
            {
              "batter": "PJ Cummins",
              "bowler": "I Sharma",
              "non_striker": "Aniket Verma",
              "runs": {
                "batter": 1,
                "extras": 0,
                "total": 1
              }
            }
          ]
        },
        {
          "over": 18,
          "deliveries": [
            {
              "batter": "PJ Cummins",
              "bowler": "Mohammed Siraj",
              "non_striker": "Aniket Verma",
              "runs": {
                "batter": 1,
                "extras": 0,
                "total": 1
              }
            },
            {
              "batter": "Aniket Verma",
              "bowler": "Mohammed Siraj",
              "non_striker": "PJ Cummins",
              "runs": {
                "batter": 2,
                "extras": 0,
                "total": 2
              }
            },
            {
              "batter": "Aniket Verma",
              "bowler": "Mohammed Siraj",
              "non_striker": "PJ Cummins",
              "runs": {
                "batter": 0,
                "extras": 0,
                "total": 0
              }
            },
            {
              "batter": "Aniket Verma",
              "bowler": "Mohammed Siraj",
              "non_striker": "PJ Cummins",
              "review": {
                "by": "Sunrisers Hyderabad",
                "umpire": "MV Saidharshan Kumar",
                "batter": "Aniket Verma",
                "decision": "struck down",
                "type": "wicket"
              },
              "runs": {
                "batter": 0,
                "extras": 0,
                "total": 0
              },
              "wickets": [
                {
                  "player_out": "Aniket Verma",
                  "kind": "lbw"
                }
              ]
            },
            {
              "batter": "Simarjeet Singh",
              "bowler": "Mohammed Siraj",
              "non_striker": "PJ Cummins",
              "replacements": {
                "match": [
                  {
                    "in": "Simarjeet Singh",
                    "out": "TM Head",
                    "team": "Sunrisers Hyderabad",
                    "reason": "impact_player"
                  }
                ]
              },
              "runs": {
                "batter": 0,
                "extras": 0,
                "total": 0
              }
            },
            {
              "batter": "Simarjeet Singh",
              "bowler": "Mohammed Siraj",
              "non_striker": "PJ Cummins",
              "runs": {
                "batter": 0,
                "extras": 0,
                "total": 0
              },
              "wickets": [
                {
                  "player_out": "Simarjeet Singh",
                  "kind": "bowled"
                }
              ]
            }
          ]
        },
        {
          "over": 19,
          "deliveries": [
            {
              "batter": "PJ Cummins",
              "bowler": "I Sharma",
              "non_striker": "Mohammed Shami",
              "runs": {
                "batter": 4,
                "extras": 0,
                "total": 4
              }
            },
            {
              "batter": "PJ Cummins",
              "bowler": "I Sharma",
              "non_striker": "Mohammed Shami",
              "runs": {
                "batter": 6,
                "extras": 0,
                "total": 6
              }
            },
            {
              "batter": "PJ Cummins",
              "bowler": "I Sharma",
              "non_striker": "Mohammed Shami",
              "runs": {
                "batter": 0,
                "extras": 0,
                "total": 0
              }
            },
            {
              "batter": "PJ Cummins",
              "bowler": "I Sharma",
              "non_striker": "Mohammed Shami",
              "runs": {
                "batter": 1,
                "extras": 0,
                "total": 1
              }
            },
            {
              "batter": "Mohammed Shami",
              "bowler": "I Sharma",
              "non_striker": "PJ Cummins",
              "runs": {
                "batter": 4,
                "extras": 0,
                "total": 4
              }
            },
            {
              "batter": "Mohammed Shami",
              "bowler": "I Sharma",
              "non_striker": "PJ Cummins",
              "runs": {
                "batter": 2,
                "extras": 0,
                "total": 2
              }
            }
          ]
        }
      ],
      "powerplays": [
        {
          "from": 0.1,
          "to": 5.8,
          "type": "mandatory"
        }
      ]
    },
    {
      "team": "Gujarat Titans",
      "overs": [
        {
          "over": 0,
          "deliveries": [
            {
              "batter": "B Sai Sudharsan",
              "bowler": "Mohammed Shami",
              "non_striker": "Shubman Gill",
              "runs": {
                "batter": 1,
                "extras": 0,
                "total": 1
              }
            },
            {
              "batter": "Shubman Gill",
              "bowler": "Mohammed Shami",
              "non_striker": "B Sai Sudharsan",
              "runs": {
                "batter": 0,
                "extras": 0,
                "total": 0
              }
            },
            {
              "batter": "Shubman Gill",
              "bowler": "Mohammed Shami",
              "non_striker": "B Sai Sudharsan",
              "runs": {
                "batter": 0,
                "extras": 0,
                "total": 0
              }
            },
            {
              "batter": "Shubman Gill",
              "bowler": "Mohammed Shami",
              "non_striker": "B Sai Sudharsan",
              "runs": {
                "batter": 1,
                "extras": 0,
                "total": 1
              }
            },
            {
              "batter": "B Sai Sudharsan",
              "bowler": "Mohammed Shami",
              "extras": {
                "wides": 1
              },
              "non_striker": "Shubman Gill",
              "runs": {
                "batter": 0,
                "extras": 1,
                "total": 1
              }
            },
            {
              "batter": "B Sai Sudharsan",
              "bowler": "Mohammed Shami",
              "non_striker": "Shubman Gill",
              "runs": {
                "batter": 0,
                "extras": 0,
                "total": 0
              }
            },
            {
              "batter": "B Sai Sudharsan",
              "bowler": "Mohammed Shami",
              "non_striker": "Shubman Gill",
              "runs": {
                "batter": 1,
                "extras": 0,
                "total": 1
              }
            }
          ]
        },
        {
          "over": 1,
          "deliveries": [
            {
              "batter": "B Sai Sudharsan",
              "bowler": "PJ Cummins",
              "non_striker": "Shubman Gill",
              "runs": {
                "batter": 0,
                "extras": 0,
                "total": 0
              }
            },
            {
              "batter": "B Sai Sudharsan",
              "bowler": "PJ Cummins",
              "non_striker": "Shubman Gill",
              "runs": {
                "batter": 1,
                "extras": 0,
                "total": 1
              }
            },
            {
              "batter": "Shubman Gill",
              "bowler": "PJ Cummins",
              "non_striker": "B Sai Sudharsan",
              "runs": {
                "batter": 1,
                "extras": 0,
                "total": 1
              }
            },
            {
              "batter": "B Sai Sudharsan",
              "bowler": "PJ Cummins",
              "non_striker": "Shubman Gill",
              "runs": {
                "batter": 0,
                "extras": 0,
                "total": 0
              }
            },
            {
              "batter": "B Sai Sudharsan",
              "bowler": "PJ Cummins",
              "non_striker": "Shubman Gill",
              "runs": {
                "batter": 1,
                "extras": 0,
                "total": 1
              }
            },
            {
              "batter": "Shubman Gill",
              "bowler": "PJ Cummins",
              "non_striker": "B Sai Sudharsan",
              "runs": {
                "batter": 1,
                "extras": 0,
                "total": 1
              }
            }
          ]
        },
        {
          "over": 2,
          "deliveries": [
            {
              "batter": "Shubman Gill",
              "bowler": "Mohammed Shami",
              "non_striker": "B Sai Sudharsan",
              "runs": {
                "batter": 1,
                "extras": 0,
                "total": 1
              }
            },
            {
              "batter": "B Sai Sudharsan",
              "bowler": "Mohammed Shami",
              "non_striker": "Shubman Gill",
              "runs": {
                "batter": 1,
                "extras": 0,
                "total": 1
              }
            },
            {
              "batter": "Shubman Gill",
              "bowler": "Mohammed Shami",
              "non_striker": "B Sai Sudharsan",
              "runs": {
                "batter": 4,
                "extras": 0,
                "total": 4
              }
            },
            {
              "batter": "Shubman Gill",
              "bowler": "Mohammed Shami",
              "non_striker": "B Sai Sudharsan",
              "runs": {
                "batter": 1,
                "extras": 0,
                "total": 1
              }
            },
            {
              "batter": "B Sai Sudharsan",
              "bowler": "Mohammed Shami",
              "non_striker": "Shubman Gill",
              "runs": {
                "batter": 0,
                "extras": 0,
                "total": 0
              },
              "wickets": [
                {
                  "player_out": "B Sai Sudharsan",
                  "fielders": [
                    {
                      "name": "Aniket Verma"
                    }
                  ],
                  "kind": "caught"
                }
              ]
            },
            {
              "batter": "JC Buttler",
              "bowler": "Mohammed Shami",
              "non_striker": "Shubman Gill",
              "runs": {
                "batter": 0,
                "extras": 0,
                "total": 0
              }
            }
          ]
        },
        {
          "over": 3,
          "deliveries": [
            {
              "batter": "Shubman Gill",
              "bowler": "PJ Cummins",
              "non_striker": "JC Buttler",
              "runs": {
                "batter": 0,
                "extras": 0,
                "total": 0
              }
            },
            {
              "batter": "Shubman Gill",
              "bowler": "PJ Cummins",
              "non_striker": "JC Buttler",
              "runs": {
                "batter": 0,
                "extras": 0,
                "total": 0
              }
            },
            {
              "batter": "Shubman Gill",
              "bowler": "PJ Cummins",
              "non_striker": "JC Buttler",
              "runs": {
                "batter": 1,
                "extras": 0,
                "total": 1
              }
            },
            {
              "batter": "JC Buttler",
              "bowler": "PJ Cummins",
              "non_striker": "Shubman Gill",
              "runs": {
                "batter": 0,
                "extras": 0,
                "total": 0
              }
            },
            {
              "batter": "JC Buttler",
              "bowler": "PJ Cummins",
              "non_striker": "Shubman Gill",
              "runs": {
                "batter": 0,
                "extras": 0,
                "total": 0
              },
              "wickets": [
                {
                  "player_out": "JC Buttler",
                  "fielders": [
                    {
                      "name": "H Klaasen"
                    }
                  ],
                  "kind": "caught"
                }
              ]
            },
            {
              "batter": "Washington Sundar",
              "bowler": "PJ Cummins",
              "non_striker": "Shubman Gill",
              "runs": {
                "batter": 1,
                "extras": 0,
                "total": 1
              }
            }
          ]
        },
        {
          "over": 4,
          "deliveries": [
            {
              "batter": "Washington Sundar",
              "bowler": "Mohammed Shami",
              "non_striker": "Shubman Gill",
              "runs": {
                "batter": 1,
                "extras": 0,
                "total": 1
              }
            },
            {
              "batter": "Shubman Gill",
              "bowler": "Mohammed Shami",
              "non_striker": "Washington Sundar",
              "runs": {
                "batter": 0,
                "extras": 0,
                "total": 0
              }
            },
            {
              "batter": "Shubman Gill",
              "bowler": "Mohammed Shami",
              "non_striker": "Washington Sundar",
              "runs": {
                "batter": 1,
                "extras": 0,
                "total": 1
              }
            },
            {
              "batter": "Washington Sundar",
              "bowler": "Mohammed Shami",
              "non_striker": "Shubman Gill",
              "runs": {
                "batter": 1,
                "extras": 0,
                "total": 1
              }
            },
            {
              "batter": "Shubman Gill",
              "bowler": "Mohammed Shami",
              "non_striker": "Washington Sundar",
              "runs": {
                "batter": 4,
                "extras": 0,
                "total": 4
              }
            },
            {
              "batter": "Shubman Gill",
              "bowler": "Mohammed Shami",
              "non_striker": "Washington Sundar",
              "runs": {
                "batter": 4,
                "extras": 0,
                "total": 4
              }
            }
          ]
        },
        {
          "over": 5,
          "deliveries": [
            {
              "batter": "Washington Sundar",
              "bowler": "Simarjeet Singh",
              "non_striker": "Shubman Gill",
              "runs": {
                "batter": 4,
                "extras": 0,
                "total": 4
              }
            },
            {
              "batter": "Washington Sundar",
              "bowler": "Simarjeet Singh",
              "non_striker": "Shubman Gill",
              "runs": {
                "batter": 4,
                "extras": 0,
                "total": 4
              }
            },
            {
              "batter": "Washington Sundar",
              "bowler": "Simarjeet Singh",
              "non_striker": "Shubman Gill",
              "runs": {
                "batter": 0,
                "extras": 0,
                "total": 0
              }
            },
            {
              "batter": "Washington Sundar",
              "bowler": "Simarjeet Singh",
              "non_striker": "Shubman Gill",
              "runs": {
                "batter": 6,
                "extras": 0,
                "total": 6
              }
            },
            {
              "batter": "Washington Sundar",
              "bowler": "Simarjeet Singh",
              "non_striker": "Shubman Gill",
              "runs": {
                "batter": 0,
                "extras": 0,
                "total": 0
              }
            },
            {
              "batter": "Washington Sundar",
              "bowler": "Simarjeet Singh",
              "non_striker": "Shubman Gill",
              "runs": {
                "batter": 6,
                "extras": 0,
                "total": 6
              }
            }
          ]
        },
        {
          "over": 6,
          "deliveries": [
            {
              "batter": "Shubman Gill",
              "bowler": "JD Unadkat",
              "non_striker": "Washington Sundar",
              "runs": {
                "batter": 0,
                "extras": 0,
                "total": 0
              }
            },
            {
              "batter": "Shubman Gill",
              "bowler": "JD Unadkat",
              "non_striker": "Washington Sundar",
              "runs": {
                "batter": 1,
                "extras": 0,
                "total": 1
              }
            },
            {
              "batter": "Washington Sundar",
              "bowler": "JD Unadkat",
              "non_striker": "Shubman Gill",
              "runs": {
                "batter": 4,
                "extras": 0,
                "total": 4
              }
            },
            {
              "batter": "Washington Sundar",
              "bowler": "JD Unadkat",
              "non_striker": "Shubman Gill",
              "runs": {
                "batter": 1,
                "extras": 0,
                "total": 1
              }
            },
            {
              "batter": "Shubman Gill",
              "bowler": "JD Unadkat",
              "non_striker": "Washington Sundar",
              "runs": {
                "batter": 1,
                "extras": 0,
                "total": 1
              }
            },
            {
              "batter": "Washington Sundar",
              "bowler": "JD Unadkat",
              "non_striker": "Shubman Gill",
              "runs": {
                "batter": 1,
                "extras": 0,
                "total": 1
              }
            }
          ]
        },
        {
          "over": 7,
          "deliveries": [
            {
              "batter": "Washington Sundar",
              "bowler": "Zeeshan Ansari",
              "non_striker": "Shubman Gill",
              "runs": {
                "batter": 1,
                "extras": 0,
                "total": 1
              }
            },
            {
              "batter": "Shubman Gill",
              "bowler": "Zeeshan Ansari",
              "non_striker": "Washington Sundar",
              "runs": {
                "batter": 4,
                "extras": 0,
                "total": 4
              }
            },
            {
              "batter": "Shubman Gill",
              "bowler": "Zeeshan Ansari",
              "non_striker": "Washington Sundar",
              "runs": {
                "batter": 1,
                "extras": 0,
                "total": 1
              }
            },
            {
              "batter": "Washington Sundar",
              "bowler": "Zeeshan Ansari",
              "non_striker": "Shubman Gill",
              "runs": {
                "batter": 0,
                "extras": 0,
                "total": 0
              }
            },
            {
              "batter": "Washington Sundar",
              "bowler": "Zeeshan Ansari",
              "non_striker": "Shubman Gill",
              "runs": {
                "batter": 1,
                "extras": 0,
                "total": 1
              }
            },
            {
              "batter": "Shubman Gill",
              "bowler": "Zeeshan Ansari",
              "non_striker": "Washington Sundar",
              "runs": {
                "batter": 1,
                "extras": 0,
                "total": 1
              }
            }
          ]
        },
        {
          "over": 8,
          "deliveries": [
            {
              "batter": "Shubman Gill",
              "bowler": "PHKD Mendis",
              "non_striker": "Washington Sundar",
              "runs": {
                "batter": 0,
                "extras": 0,
                "total": 0
              }
            },
            {
              "batter": "Shubman Gill",
              "bowler": "PHKD Mendis",
              "non_striker": "Washington Sundar",
              "runs": {
                "batter": 4,
                "extras": 0,
                "total": 4
              }
            },
            {
              "batter": "Shubman Gill",
              "bowler": "PHKD Mendis",
              "non_striker": "Washington Sundar",
              "runs": {
                "batter": 2,
                "extras": 0,
                "total": 2
              }
            },
            {
              "batter": "Shubman Gill",
              "bowler": "PHKD Mendis",
              "non_striker": "Washington Sundar",
              "runs": {
                "batter": 1,
                "extras": 0,
                "total": 1
              }
            },
            {
              "batter": "Washington Sundar",
              "bowler": "PHKD Mendis",
              "non_striker": "Shubman Gill",
              "runs": {
                "batter": 4,
                "extras": 0,
                "total": 4
              }
            },
            {
              "batter": "Washington Sundar",
              "bowler": "PHKD Mendis",
              "non_striker": "Shubman Gill",
              "runs": {
                "batter": 1,
                "extras": 0,
                "total": 1
              }
            }
          ]
        },
        {
          "over": 9,
          "deliveries": [
            {
              "batter": "Washington Sundar",
              "bowler": "Zeeshan Ansari",
              "non_striker": "Shubman Gill",
              "runs": {
                "batter": 1,
                "extras": 0,
                "total": 1
              }
            },
            {
              "batter": "Shubman Gill",
              "bowler": "Zeeshan Ansari",
              "non_striker": "Washington Sundar",
              "runs": {
                "batter": 0,
                "extras": 0,
                "total": 0
              }
            },
            {
              "batter": "Shubman Gill",
              "bowler": "Zeeshan Ansari",
              "non_striker": "Washington Sundar",
              "runs": {
                "batter": 1,
                "extras": 0,
                "total": 1
              }
            },
            {
              "batter": "Washington Sundar",
              "bowler": "Zeeshan Ansari",
              "non_striker": "Shubman Gill",
              "runs": {
                "batter": 2,
                "extras": 0,
                "total": 2
              }
            },
            {
              "batter": "Washington Sundar",
              "bowler": "Zeeshan Ansari",
              "non_striker": "Shubman Gill",
              "runs": {
                "batter": 1,
                "extras": 0,
                "total": 1
              }
            },
            {
              "batter": "Shubman Gill",
              "bowler": "Zeeshan Ansari",
              "non_striker": "Washington Sundar",
              "runs": {
                "batter": 1,
                "extras": 0,
                "total": 1
              }
            }
          ]
        },
        {
          "over": 10,
          "deliveries": [
            {
              "batter": "Shubman Gill",
              "bowler": "PJ Cummins",
              "non_striker": "Washington Sundar",
              "runs": {
                "batter": 2,
                "extras": 0,
                "total": 2
              }
            },
            {
              "batter": "Shubman Gill",
              "bowler": "PJ Cummins",
              "non_striker": "Washington Sundar",
              "runs": {
                "batter": 0,
                "extras": 0,
                "total": 0
              }
            },
            {
              "batter": "Shubman Gill",
              "bowler": "PJ Cummins",
              "non_striker": "Washington Sundar",
              "runs": {
                "batter": 1,
                "extras": 0,
                "total": 1
              }
            },
            {
              "batter": "Washington Sundar",
              "bowler": "PJ Cummins",
              "non_striker": "Shubman Gill",
              "runs": {
                "batter": 0,
                "extras": 0,
                "total": 0
              }
            },
            {
              "batter": "Washington Sundar",
              "bowler": "PJ Cummins",
              "non_striker": "Shubman Gill",
              "runs": {
                "batter": 1,
                "extras": 0,
                "total": 1
              }
            },
            {
              "batter": "Shubman Gill",
              "bowler": "PJ Cummins",
              "non_striker": "Washington Sundar",
              "runs": {
                "batter": 4,
                "extras": 0,
                "total": 4
              }
            }
          ]
        },
        {
          "over": 11,
          "deliveries": [
            {
              "batter": "Washington Sundar",
              "bowler": "JD Unadkat",
              "non_striker": "Shubman Gill",
              "runs": {
                "batter": 1,
                "extras": 0,
                "total": 1
              }
            },
            {
              "batter": "Shubman Gill",
              "bowler": "JD Unadkat",
              "non_striker": "Washington Sundar",
              "runs": {
                "batter": 1,
                "extras": 0,
                "total": 1
              }
            },
            {
              "batter": "Washington Sundar",
              "bowler": "JD Unadkat",
              "non_striker": "Shubman Gill",
              "runs": {
                "batter": 1,
                "extras": 0,
                "total": 1
              }
            },
            {
              "batter": "Shubman Gill",
              "bowler": "JD Unadkat",
              "non_striker": "Washington Sundar",
              "runs": {
                "batter": 1,
                "extras": 0,
                "total": 1
              }
            },
            {
              "batter": "Washington Sundar",
              "bowler": "JD Unadkat",
              "non_striker": "Shubman Gill",
              "runs": {
                "batter": 0,
                "extras": 0,
                "total": 0
              }
            },
            {
              "batter": "Washington Sundar",
              "bowler": "JD Unadkat",
              "non_striker": "Shubman Gill",
              "runs": {
                "batter": 4,
                "extras": 0,
                "total": 4
              }
            }
          ]
        },
        {
          "over": 12,
          "deliveries": [
            {
              "batter": "Shubman Gill",
              "bowler": "Zeeshan Ansari",
              "non_striker": "Washington Sundar",
              "runs": {
                "batter": 1,
                "extras": 0,
                "total": 1
              }
            },
            {
              "batter": "Washington Sundar",
              "bowler": "Zeeshan Ansari",
              "non_striker": "Shubman Gill",
              "runs": {
                "batter": 1,
                "extras": 0,
                "total": 1
              }
            },
            {
              "batter": "Shubman Gill",
              "bowler": "Zeeshan Ansari",
              "non_striker": "Washington Sundar",
              "runs": {
                "batter": 4,
                "extras": 0,
                "total": 4
              }
            },
            {
              "batter": "Shubman Gill",
              "bowler": "Zeeshan Ansari",
              "non_striker": "Washington Sundar",
              "runs": {
                "batter": 0,
                "extras": 0,
                "total": 0
              }
            },
            {
              "batter": "Shubman Gill",
              "bowler": "Zeeshan Ansari",
              "non_striker": "Washington Sundar",
              "runs": {
                "batter": 1,
                "extras": 0,
                "total": 1
              }
            },
            {
              "batter": "Washington Sundar",
              "bowler": "Zeeshan Ansari",
              "non_striker": "Shubman Gill",
              "runs": {
                "batter": 1,
                "extras": 0,
                "total": 1
              }
            }
          ]
        },
        {
          "over": 13,
          "deliveries": [
            {
              "batter": "Washington Sundar",
              "bowler": "Mohammed Shami",
              "non_striker": "Shubman Gill",
              "runs": {
                "batter": 0,
                "extras": 0,
                "total": 0
              },
              "wickets": [
                {
                  "player_out": "Washington Sundar",
                  "fielders": [
                    {
                      "name": "Aniket Verma"
                    }
                  ],
                  "kind": "caught"
                }
              ]
            },
            {
              "batter": "SE Rutherford",
              "bowler": "Mohammed Shami",
              "non_striker": "Shubman Gill",
              "replacements": {
                "match": [
                  {
                    "in": "SE Rutherford",
                    "out": "I Sharma",
                    "team": "Gujarat Titans",
                    "reason": "impact_player"
                  }
                ]
              },
              "runs": {
                "batter": 0,
                "extras": 0,
                "total": 0
              }
            },
            {
              "batter": "SE Rutherford",
              "bowler": "Mohammed Shami",
              "extras": {
                "wides": 1
              },
              "non_striker": "Shubman Gill",
              "runs": {
                "batter": 0,
                "extras": 1,
                "total": 1
              }
            },
            {
              "batter": "SE Rutherford",
              "bowler": "Mohammed Shami",
              "non_striker": "Shubman Gill",
              "runs": {
                "batter": 4,
                "extras": 0,
                "total": 4
              }
            },
            {
              "batter": "SE Rutherford",
              "bowler": "Mohammed Shami",
              "non_striker": "Shubman Gill",
              "runs": {
                "batter": 0,
                "extras": 0,
                "total": 0
              }
            },
            {
              "batter": "SE Rutherford",
              "bowler": "Mohammed Shami",
              "non_striker": "Shubman Gill",
              "runs": {
                "batter": 0,
                "extras": 0,
                "total": 0
              }
            },
            {
              "batter": "SE Rutherford",
              "bowler": "Mohammed Shami",
              "non_striker": "Shubman Gill",
              "runs": {
                "batter": 1,
                "extras": 0,
                "total": 1
              }
            }
          ]
        },
        {
          "over": 14,
          "deliveries": [
            {
              "batter": "SE Rutherford",
              "bowler": "Abhishek Sharma",
              "non_striker": "Shubman Gill",
              "runs": {
                "batter": 4,
                "extras": 0,
                "total": 4
              }
            },
            {
              "batter": "SE Rutherford",
              "bowler": "Abhishek Sharma",
              "non_striker": "Shubman Gill",
              "runs": {
                "batter": 4,
                "extras": 0,
                "total": 4
              }
            },
            {
              "batter": "SE Rutherford",
              "bowler": "Abhishek Sharma",
              "non_striker": "Shubman Gill",
              "runs": {
                "batter": 4,
                "extras": 0,
                "total": 4
              }
            },
            {
              "batter": "SE Rutherford",
              "bowler": "Abhishek Sharma",
              "extras": {
                "wides": 1
              },
              "non_striker": "Shubman Gill",
              "runs": {
                "batter": 0,
                "extras": 1,
                "total": 1
              }
            },
            {
              "batter": "SE Rutherford",
              "bowler": "Abhishek Sharma",
              "non_striker": "Shubman Gill",
              "runs": {
                "batter": 4,
                "extras": 0,
                "total": 4
              }
            },
            {
              "batter": "SE Rutherford",
              "bowler": "Abhishek Sharma",
              "non_striker": "Shubman Gill",
              "runs": {
                "batter": 0,
                "extras": 0,
                "total": 0
              }
            },
            {
              "batter": "SE Rutherford",
              "bowler": "Abhishek Sharma",
              "non_striker": "Shubman Gill",
              "runs": {
                "batter": 1,
                "extras": 0,
                "total": 1
              }
            }
          ]
        },
        {
          "over": 15,
          "deliveries": [
            {
              "batter": "SE Rutherford",
              "bowler": "Zeeshan Ansari",
              "non_striker": "Shubman Gill",
              "runs": {
                "batter": 1,
                "extras": 0,
                "total": 1
              }
            },
            {
              "batter": "Shubman Gill",
              "bowler": "Zeeshan Ansari",
              "non_striker": "SE Rutherford",
              "runs": {
                "batter": 0,
                "extras": 0,
                "total": 0
              }
            },
            {
              "batter": "Shubman Gill",
              "bowler": "Zeeshan Ansari",
              "non_striker": "SE Rutherford",
              "runs": {
                "batter": 4,
                "extras": 0,
                "total": 4
              }
            },
            {
              "batter": "Shubman Gill",
              "bowler": "Zeeshan Ansari",
              "non_striker": "SE Rutherford",
              "runs": {
                "batter": 4,
                "extras": 0,
                "total": 4
              }
            },
            {
              "batter": "Shubman Gill",
              "bowler": "Zeeshan Ansari",
              "non_striker": "SE Rutherford",
              "runs": {
                "batter": 1,
                "extras": 0,
                "total": 1
              }
            },
            {
              "batter": "SE Rutherford",
              "bowler": "Zeeshan Ansari",
              "non_striker": "Shubman Gill",
              "runs": {
                "batter": 1,
                "extras": 0,
                "total": 1
              }
            }
          ]
        },
        {
          "over": 16,
          "deliveries": [
            {
              "batter": "SE Rutherford",
              "bowler": "PJ Cummins",
              "non_striker": "Shubman Gill",
              "runs": {
                "batter": 6,
                "extras": 0,
                "total": 6
              }
            },
            {
              "batter": "SE Rutherford",
              "bowler": "PJ Cummins",
              "non_striker": "Shubman Gill",
              "runs": {
                "batter": 4,
                "extras": 0,
                "total": 4
              }
            },
            {
              "batter": "SE Rutherford",
              "bowler": "PJ Cummins",
              "non_striker": "Shubman Gill",
              "runs": {
                "batter": 1,
                "extras": 0,
                "total": 1
              }
            },
            {
              "batter": "Shubman Gill",
              "bowler": "PJ Cummins",
              "non_striker": "SE Rutherford",
              "runs": {
                "batter": 1,
                "extras": 0,
                "total": 1
              }
            }
          ]
        }
      ],
      "powerplays": [
        {
          "from": 0.1,
          "to": 5.6,
          "type": "mandatory"
        }
      ],
      "target": {
        "overs": 20,
        "runs": 153
      }
    }
  ]
}