{
  "meta": {
    "data_version": "1.1.0",
    "created": "2025-04-01",
    "revision": 1
  },
  "info": {
    "balls_per_over": 6,
    "city": "Lucknow",
    "dates": [
      "2025-04-01"
    ],
    "event": {
      "name": "Indian Premier League",
      "match_number": 13
    },
    "gender": "male",
    "match_type": "T20",
    "officials": {
      "match_referees": [
        "Prakash Bhatt"
      ],
      "reserve_umpires": [
        "TM Srivastava"
      ],
      "tv_umpires": [
        "J Madanagopal"
      ],
      "umpires": [
        "A Bengeri",
        "Vinod Seshan"
      ]
    },
    "outcome": {
      "winner": "Punjab Kings",
      "by": {
        "wickets": 8
      }
    },
    "overs": 20,
    "player_of_match": [
      "P Simran Singh"
    ],
    "players": {
      "Lucknow Super Giants": [
        "M Siddharth",
        "AK Markram",
        "MR Marsh",
        "N Pooran",
        "RR Pant",
        "A Badoni",
        "DA Miller",
        "Abdul Samad",
        "SN Thakur",
        "Avesh Khan",
        "Ravi Bishnoi",
        "DS Rathi"
      ],
      "Punjab Kings": [
        "YS Chahal",
        "Priyansh Arya",
        "P Simran Singh",
        "SS Iyer",
        "N Wadhera",
        "GJ Maxwell",
        "MP Stoinis",
        "Shashank Singh",
        "Suryansh Shedge",
        "M Jansen",
        "LH Ferguson",
        "Arshdeep Singh"
      ]
    },
    "registry": {
      "people": {
        "A Badoni": "872b03f7",
        "A Bengeri": "c109497d",
        "AK Markram": "6a26221c",
        "Abdul Samad": "8e514b4c",
        "Arshdeep Singh": "244048f6",
        "Avesh Khan": "eef2536f",
        "DA Miller": "d67d5f00",
        "DS Rathi": "13fc5c6d",
        "GJ Maxwell": "b681e71e",
        "J Madanagopal": "8275b04a",
        "LH Ferguson": "2f9d0389",
        "M Jansen": "81c36ee9",
        "M Siddharth": "cf0ccafa",
        "MP Stoinis": "d9273ee7",
        "MR Marsh": "3d8feaf8",
        "N Pooran": "3241e3fd",
        "N Wadhera": "d1a60072",
        "P Simran Singh": "9418198b",
        "Prakash Bhatt": "f848ab0b",
        "Priyansh Arya": "b5797845",
        "RR Pant": "919a3be2",
        "Ravi Bishnoi": "df064e1a",
        "SN Thakur": "1abb78f8",
        "SS Iyer": "85ec8e33",
        "Shashank Singh": "26989d80",
        "Suryansh Shedge": "970ddd24",
        "TM Srivastava": "a76d10ba",
        "Vinod Seshan": "a3357a27",
        "YS Chahal": "57ee1fde"
      }
    },
    "season": "2025",
    "team_type": "club",
    "teams": [
      "Lucknow Super Giants",
      "Punjab Kings"
    ],
    "toss": {
      "decision": "field",
      "winner": "Punjab Kings"
    },
    "venue": "Bharat Ratna Shri Atal Bihari Vajpayee Ekana Cricket Stadium, Lucknow"
  },
  "innings": [
    {
      "team": "Lucknow Super Giants",
      "overs": [
        {
          "over": 0,
          "deliveries": [
            {
              "batter": "AK Markram",
              "bowler": "Arshdeep Singh",
              "non_striker": "MR Marsh",
              "runs": {
                "batter": 0,
                "extras": 0,
                "total": 0
              }
            },
            {
              "batter": "AK Markram",
              "bowler": "Arshdeep Singh",
              "non_striker": "MR Marsh",
              "runs": {
                "batter": 0,
                "extras": 0,
                "total": 0
              }
            },
            {
              "batter": "AK Markram",
              "bowler": "Arshdeep Singh",
              "non_striker": "MR Marsh",
              "runs": {
                "batter": 1,
                "extras": 0,
                "total": 1
              }
            },
            {
              "batter": "MR Marsh",
              "bowler": "Arshdeep Singh",
              "non_striker": "AK Markram",
              "runs": {
                "batter": 0,
                "extras": 0,
                "total": 0
              },
              "wickets": [
                {
                  "player_out": "MR Marsh",
                  "fielders": [
                    {
                      "name": "M Jansen"
                    }
                  ],
                  "kind": "caught"
                }
              ]
            },
            {
              "batter": "N Pooran",
              "bowler": "Arshdeep Singh",
              "non_striker": "AK Markram",
              "runs": {
                "batter": 1,
                "extras": 0,
                "total": 1
              }
            },
            {
              "batter": "AK Markram",
              "bowler": "Arshdeep Singh",
              "non_striker": "N Pooran",
              "runs": {
                "batter": 1,
                "extras": 0,
                "total": 1
              }
            }
          ]
        },
        {
          "over": 1,
          "deliveries": [
            {
              "batter": "AK Markram",
              "bowler": "LH Ferguson",
              "non_striker": "N Pooran",
              "runs": {
                "batter": 1,
                "extras": 0,
                "total": 1
              }
            },
            {
              "batter": "N Pooran",
              "bowler": "LH Ferguson",
              "extras": {
                "wides": 2
              },
              "non_striker": "AK Markram",
              "runs": {
                "batter": 0,
                "extras": 2,
                "total": 2
              }
            },
            {
              "batter": "AK Markram",
              "bowler": "LH Ferguson",
              "non_striker": "N Pooran",
              "runs": {
                "batter": 0,
                "extras": 0,
                "total": 0
              }
            },
            {
              "batter": "AK Markram",
              "bowler": "LH Ferguson",
              "non_striker": "N Pooran",
              "runs": {
                "batter": 0,
                "extras": 0,
                "total": 0
              }
            },
            {
              "batter": "AK Markram",
              "bowler": "LH Ferguson",
              "non_striker": "N Pooran",
              "runs": {
                "batter": 1,
                "extras": 0,
                "total": 1
              }
            },
            {
              "batter": "N Pooran",
              "bowler": "LH Ferguson",
              "non_striker": "AK Markram",
              "runs": {
                "batter": 0,
                "extras": 0,
                "total": 0
              }
            },
            {
              "batter": "N Pooran",
              "bowler": "LH Ferguson",
              "non_striker": "AK Markram",
              "runs": {
                "batter": 0,
                "extras": 0,
                "total": 0
              }
            }
          ]
        },
        {
          "over": 2,
          "deliveries": [
            {
              "batter": "AK Markram",
              "bowler": "Arshdeep Singh",
              "non_striker": "N Pooran",
              "runs": {
                "batter": 4,
                "extras": 0,
                "total": 4
              }
            },
            {
              "batter": "AK Markram",
              "bowler": "Arshdeep Singh",
              "non_striker": "N Pooran",
              "runs": {
                "batter": 0,
                "extras": 0,
                "total": 0
              }
            },
            {
              "batter": "AK Markram",
              "bowler": "Arshdeep Singh",
              "non_striker": "N Pooran",
              "runs": {
                "batter": 0,
                "extras": 0,
                "total": 0
              }
            },
            {
              "batter": "AK Markram",
              "bowler": "Arshdeep Singh",
              "non_striker": "N Pooran",
              "runs": {
                "batter": 4,
                "extras": 0,
                "total": 4
              }
            },
            {
              "batter": "AK Markram",
              "bowler": "Arshdeep Singh",
              "non_striker": "N Pooran",
              "runs": {
                "batter": 4,
                "extras": 0,
                "total": 4
              }
            },
            {
              "batter": "AK Markram",
              "bowler": "Arshdeep Singh",
              "non_striker": "N Pooran",
              "runs": {
                "batter": 1,
                "extras": 0,
                "total": 1
              }
            }
          ]
        },
        {
          "over": 3,
          "deliveries": [
            {
              "batter": "AK Markram",
              "bowler": "LH Ferguson",
              "non_striker": "N Pooran",
              "runs": {
                "batter": 1,
                "extras": 0,
                "total": 1
              }
            },
            {
              "batter": "N Pooran",
              "bowler": "LH Ferguson",
              "non_striker": "AK Markram",
              "runs": {
                "batter": 1,
                "extras": 0,
                "total": 1
              }
            },
            {
              "batter": "AK Markram",
              "bowler": "LH Ferguson",
              "non_striker": "N Pooran",
              "runs": {
                "batter": 4,
                "extras": 0,
                "total": 4
              }
            },
            {
              "batter": "AK Markram",
              "bowler": "LH Ferguson",
              "non_striker": "N Pooran",
              "runs": {
                "batter": 6,
                "extras": 0,
                "total": 6
              }
            },
            {
              "batter": "AK Markram",
              "bowler": "LH Ferguson",
              "non_striker": "N Pooran",
              "runs": {
                "batter": 0,
                "extras": 0,
                "total": 0
              },
              "wickets": [
                {
                  "player_out": "AK Markram",
                  "kind": "bowled"
                }
              ]
            },
            {
              "batter": "RR Pant",
              "bowler": "LH Ferguson",
              "non_striker": "N Pooran",
              "runs": {
                "batter": 1,
                "extras": 0,
                "total": 1
              }
            }
          ]
        },
        {
          "over": 4,
          "deliveries": [
            {
              "batter": "RR Pant",
              "bowler": "GJ Maxwell",
              "non_striker": "N Pooran",
              "runs": {
                "batter": 0,
                "extras": 0,
                "total": 0
              }
            },
            {
              "batter": "RR Pant",
              "bowler": "GJ Maxwell",
              "non_striker": "N Pooran",
              "runs": {
                "batter": 1,
                "extras": 0,
                "total": 1
              }
            },
            {
              "batter": "N Pooran",
              "bowler": "GJ Maxwell",
              "non_striker": "RR Pant",
              "runs": {
                "batter": 1,
                "extras": 0,
                "total": 1
              }
            },
            {
              "batter": "RR Pant",
              "bowler": "GJ Maxwell",
              "non_striker": "N Pooran",
              "runs": {
                "batter": 0,
                "extras": 0,
                "total": 0
              }
            },
            {
              "batter": "RR Pant",
              "bowler": "GJ Maxwell",
              "non_striker": "N Pooran",
              "runs": {
                "batter": 0,
                "extras": 0,
                "total": 0
              },
              "wickets": [
                {
                  "player_out": "RR Pant",
                  "fielders": [
                    {
                      "name": "YS Chahal"
                    }
                  ],
                  "kind": "caught"
                }
              ]
            },
            {
              "batter": "A Badoni",
              "bowler": "GJ Maxwell",
              "non_striker": "N Pooran",
              "runs": {
                "batter": 1,
                "extras": 0,
                "total": 1
              }
            }
          ]
        },
        {
          "over": 5,
          "deliveries": [
            {
              "batter": "A Badoni",
              "bowler": "M Jansen",
              "non_striker": "N Pooran",
              "runs": {
                "batter": 0,
                "extras": 0,
                "total": 0
              }
            },
            {
              "batter": "A Badoni",
              "bowler": "M Jansen",
              "non_striker": "N Pooran",
              "runs": {
                "batter": 1,
                "extras": 0,
                "total": 1
              }
            },
            {
              "batter": "N Pooran",
              "bowler": "M Jansen",
              "non_striker": "A Badoni",
              "runs": {
                "batter": 0,
                "extras": 0,
                "total": 0
              }
            },
            {
              "batter": "N Pooran",
              "bowler": "M Jansen",
              "non_striker": "A Badoni",
              "runs": {
                "batter": 2,
                "extras": 0,
                "total": 2
              }
            },
            {
              "batter": "N Pooran",
              "bowler": "M Jansen",
              "non_striker": "A Badoni",
              "runs": {
                "batter": 0,
                "extras": 0,
                "total": 0
              }
            },
            {
              "batter": "N Pooran",
              "bowler": "M Jansen",
              "non_striker": "A Badoni",
              "runs": {
                "batter": 0,
                "extras": 0,
                "total": 0
              }
            }
          ]
        },
        {
          "over": 6,
          "deliveries": [
            {
              "batter": "A Badoni",
              "bowler": "GJ Maxwell",
              "non_striker": "N Pooran",
              "runs": {
                "batter": 1,
                "extras": 0,
                "total": 1
              }
            },
            {
              "batter": "N Pooran",
              "bowler": "GJ Maxwell",
              "non_striker": "A Badoni",
              "runs": {
                "batter": 0,
                "extras": 0,
                "total": 0
              }
            },
            {
              "batter": "N Pooran",
              "bowler": "GJ Maxwell",
              "non_striker": "A Badoni",
              "runs": {
                "batter": 0,
                "extras": 0,
                "total": 0
              }
            },
            {
              "batter": "N Pooran",
              "bowler": "GJ Maxwell",
              "non_striker": "A Badoni",
              "runs": {
                "batter": 4,
                "extras": 0,
                "total": 4
              }
            },
            {
              "batter": "N Pooran",
              "bowler": "GJ Maxwell",
              "non_striker": "A Badoni",
              "runs": {
                "batter": 4,
                "extras": 0,
                "total": 4
              }
            },
            {
              "batter": "N Pooran",
              "bowler": "GJ Maxwell",
              "non_striker": "A Badoni",
              "runs": {
                "batter": 1,
                "extras": 0,
                "total": 1
              }
            }
          ]
        },
        {
          "over": 7,
          "deliveries": [
            {
              "batter": "N Pooran",
              "bowler": "M Jansen",
              "non_striker": "A Badoni",
              "runs": {
                "batter": 1,
                "extras": 0,
                "total": 1
              }
            },
            {
              "batter": "A Badoni",
              "bowler": "M Jansen",
              "non_striker": "N Pooran",
              "runs": {
                "batter": 6,
                "extras": 0,
                "total": 6
              }
            },
            {
              "batter": "A Badoni",
              "bowler": "M Jansen",
              "non_striker": "N Pooran",
              "runs": {
                "batter": 0,
                "extras": 0,
                "total": 0
              }
            },
            {
              "batter": "A Badoni",
              "bowler": "M Jansen",
              "non_striker": "N Pooran",
              "runs": {
                "batter": 1,
                "extras": 0,
                "total": 1
              }
            },
            {
              "batter": "N Pooran",
              "bowler": "M Jansen",
              "non_striker": "A Badoni",
              "runs": {
                "batter": 1,
                "extras": 0,
                "total": 1
              }
            },
            {
              "batter": "A Badoni",
              "bowler": "M Jansen",
              "non_striker": "N Pooran",
              "runs": {
                "batter": 0,
                "extras": 0,
                "total": 0
              }
            }
          ]
        },
        {
          "over": 8,
          "deliveries": [
            {
              "batter": "N Pooran",
              "bowler": "MP Stoinis",
              "non_striker": "A Badoni",
              "runs": {
                "batter": 1,
                "extras": 0,
                "total": 1
              }
            },
            {
              "batter": "A Badoni",
              "bowler": "MP Stoinis",
              "non_striker": "N Pooran",
              "runs": {
                "batter": 0,
                "extras": 0,
                "total": 0
              }
            },
            {
              "batter": "A Badoni",
              "bowler": "MP Stoinis",
              "non_striker": "N Pooran",
              "runs": {
                "batter": 1,
                "extras": 0,
                "total": 1
              }
            },
            {
              "batter": "N Pooran",
              "bowler": "MP Stoinis",
              "non_striker": "A Badoni",
              "runs": {
                "batter": 1,
                "extras": 0,
                "total": 1
              }
            },
            {
              "batter": "A Badoni",
              "bowler": "MP Stoinis",
              "non_striker": "N Pooran",
              "runs": {
                "batter": 0,
                "extras": 0,
                "total": 0
              }
            },
            {
              "batter": "A Badoni",
              "bowler": "MP Stoinis",
              "non_striker": "N Pooran",
              "runs": {
                "batter": 0,
                "extras": 0,
                "total": 0
              }
            }
          ]
        },
        {
          "over": 9,
          "deliveries": [
            {
              "batter": "N Pooran",
              "bowler": "YS Chahal",
              "non_striker": "A Badoni",
              "runs": {
                "batter": 4,
                "extras": 0,
                "total": 4
              }
            },
            {
              "batter": "N Pooran",
              "bowler": "YS Chahal",
              "non_striker": "A Badoni",
              "runs": {
                "batter": 0,
                "extras": 0,
                "total": 0
              }
            },
            {
              "batter": "N Pooran",
              "bowler": "YS Chahal",
              "non_striker": "A Badoni",
              "runs": {
                "batter": 4,
                "extras": 0,
                "total": 4
              }
            },
            {
              "batter": "N Pooran",
              "bowler": "YS Chahal",
              "non_striker": "A Badoni",
              "runs": {
                "batter": 6,
                "extras": 0,
                "total": 6
              }
            },
            {
              "batter": "N Pooran",
              "bowler": "YS Chahal",
              "non_striker": "A Badoni",
              "runs": {
                "batter": 1,
                "extras": 0,
                "total": 1
              }
            },
            {
              "batter": "A Badoni",
              "bowler": "YS Chahal",
              "non_striker": "N Pooran",
              "runs": {
                "batter": 0,
                "extras": 0,
                "total": 0
              }
            }
          ]
        },
        {
          "over": 10,
          "deliveries": [
            {
              "batter": "N Pooran",
              "bowler": "MP Stoinis",
              "non_striker": "A Badoni",
              "runs": {
                "batter": 0,
                "extras": 0,
                "total": 0
              }
            },
            {
              "batter": "N Pooran",
              "bowler": "MP Stoinis",
              "non_striker": "A Badoni",
              "runs": {
                "batter": 0,
                "extras": 0,
                "total": 0
              }
            },
            {
              "batter": "N Pooran",
              "bowler": "MP Stoinis",
              "non_striker": "A Badoni",
              "runs": {
                "batter": 1,
                "extras": 0,
                "total": 1
              }
            },
            {
              "batter": "A Badoni",
              "bowler": "MP Stoinis",
              "non_striker": "N Pooran",
              "runs": {
                "batter": 1,
                "extras": 0,
                "total": 1
              }
            },
            {
              "batter": "N Pooran",
              "bowler": "MP Stoinis",
              "non_striker": "A Badoni",
              "runs": {
                "batter": 6,
                "extras": 0,
                "total": 6
              }
            },
            {
              "batter": "N Pooran",
              "bowler": "MP Stoinis",
              "non_striker": "A Badoni",
              "runs": {
                "batter": 4,
                "extras": 0,
                "total": 4
              }
            }
          ]
        },
        {
          "over": 11,
          "deliveries": [
            {
              "batter": "A Badoni",
              "bowler": "YS Chahal",
              "non_striker": "N Pooran",
              "runs": {
                "batter": 1,
                "extras": 0,
                "total": 1
              }
            },
            {
              "batter": "N Pooran",
              "bowler": "YS Chahal",
              "non_striker": "A Badoni",
              "runs": {
                "batter": 0,
                "extras": 0,
                "total": 0
              }
            },
            {
              "batter": "N Pooran",
              "bowler": "YS Chahal",
              "non_striker": "A Badoni",
              "runs": {
                "batter": 0,
                "extras": 0,
                "total": 0
              },
              "wickets": [
                {
                  "player_out": "N Pooran",
                  "fielders": [
                    {
                      "name": "GJ Maxwell"
                    }
                  ],
                  "kind": "caught"
                }
              ]
            },
            {
              "batter": "DA Miller",
              "bowler": "YS Chahal",
              "non_striker": "A Badoni",
              "runs": {
                "batter": 1,
                "extras": 0,
                "total": 1
              }
            },
            {
              "batter": "A Badoni",
              "bowler": "YS Chahal",
              "non_striker": "DA Miller",
              "runs": {
                "batter": 0,
                "extras": 0,
                "total": 0
              }
            },
            {
              "batter": "A Badoni",
              "bowler": "YS Chahal",
              "non_striker": "DA Miller",
              "runs": {
                "batter": 1,
                "extras": 0,
                "total": 1
              }
            }
          ]
        },
        {
          "over": 12,
          "deliveries": [
            {
              "batter": "A Badoni",
              "bowler": "LH Ferguson",
              "non_striker": "DA Miller",
              "runs": {
                "batter": 1,
                "extras": 0,
                "total": 1
              }
            },
            {
              "batter": "DA Miller",
              "bowler": "LH Ferguson",
              "non_striker": "A Badoni",
              "runs": {
                "batter": 0,
                "extras": 0,
                "total": 0
              }
            },
            {
              "batter": "DA Miller",
              "bowler": "LH Ferguson",
              "extras": {
                "legbyes": 1
              },
              "non_striker": "A Badoni",
              "runs": {
                "batter": 0,
                "extras": 1,
                "total": 1
              }
            },
            {
              "batter": "A Badoni",
              "bowler": "LH Ferguson",
              "non_striker": "DA Miller",
              "runs": {
                "batter": 1,
                "extras": 0,
                "total": 1
              }
            },
            {
              "batter": "DA Miller",
              "bowler": "LH Ferguson",
              "non_striker": "A Badoni",
              "runs": {
                "batter": 1,
                "extras": 0,
                "total": 1
              }
            },
            {
              "batter": "A Badoni",
              "bowler": "LH Ferguson",
              "non_striker": "DA Miller",
              "runs": {
                "batter": 6,
                "extras": 0,
                "total": 6
              }
            }
          ]
        },
        {
          "over": 13,
          "deliveries": [
            {
              "batter": "DA Miller",
              "bowler": "YS Chahal",
              "non_striker": "A Badoni",
              "runs": {
                "batter": 0,
                "extras": 0,
                "total": 0
              }
            },
            {
              "batter": "DA Miller",
              "bowler": "YS Chahal",
              "non_striker": "A Badoni",
              "runs": {
                "batter": 2,
                "extras": 0,
                "total": 2
              }
            },
            {
              "batter": "DA Miller",
              "bowler": "YS Chahal",
              "non_striker": "A Badoni",
              "runs": {
                "batter": 0,
                "extras": 0,
                "total": 0
              }
            },
            {
              "batter": "DA Miller",
              "bowler": "YS Chahal",
              "non_striker": "A Badoni",
              "runs": {
                "batter": 4,
                "extras": 0,
                "total": 4
              }
            },
            {
              "batter": "DA Miller",
              "bowler": "YS Chahal",
              "non_striker": "A Badoni",
              "runs": {
                "batter": 1,
                "extras": 0,
                "total": 1
              }
            },
            {
              "batter": "A Badoni",
              "bowler": "YS Chahal",
              "non_striker": "DA Miller",
              "runs": {
                "batter": 0,
                "extras": 0,
                "total": 0
              }
            }
          ]
        },
        {
          "over": 14,
          "deliveries": [
            {
              "batter": "DA Miller",
              "bowler": "GJ Maxwell",
              "non_striker": "A Badoni",
              "runs": {
                "batter": 4,
                "extras": 0,
                "total": 4
              }
            },
            {
              "batter": "DA Miller",
              "bowler": "GJ Maxwell",
              "non_striker": "A Badoni",
              "runs": {
                "batter": 0,
                "extras": 0,
                "total": 0
              }
            },
            {
              "batter": "DA Miller",
              "bowler": "GJ Maxwell",
              "non_striker": "A Badoni",
              "runs": {
                "batter": 4,
                "extras": 0,
                "total": 4
              }
            },
            {
              "batter": "DA Miller",
              "bowler": "GJ Maxwell",
              "non_striker": "A Badoni",
              "runs": {
                "batter": 0,
                "extras": 0,
                "total": 0
              }
            },
            {
              "batter": "DA Miller",
              "bowler": "GJ Maxwell",
              "non_striker": "A Badoni",
              "runs": {
                "batter": 0,
                "extras": 0,
                "total": 0
              }
            },
            {
              "batter": "DA Miller",
              "bowler": "GJ Maxwell",
              "non_striker": "A Badoni",
              "runs": {
                "batter": 1,
                "extras": 0,
                "total": 1
              }
            }
          ]
        },
        {
          "over": 15,
          "deliveries": [
            {
              "batter": "DA Miller",
              "bowler": "M Jansen",
              "non_striker": "A Badoni",
              "runs": {
                "batter": 1,
                "extras": 0,
                "total": 1
              }
            },
            {
              "batter": "A Badoni",
              "bowler": "M Jansen",
              "non_striker": "DA Miller",
              "runs": {
                "batter": 0,
                "extras": 0,
                "total": 0
              }
            },
            {
              "batter": "A Badoni",
              "bowler": "M Jansen",
              "non_striker": "DA Miller",
              "runs": {
                "batter": 1,
                "extras": 0,
                "total": 1
              }
            },
            {
              "batter": "DA Miller",
              "bowler": "M Jansen",
              "non_striker": "A Badoni",
              "runs": {
                "batter": 0,
                "extras": 0,
                "total": 0
              }
            },
            {
              "batter": "DA Miller",
              "bowler": "M Jansen",
              "non_striker": "A Badoni",
              "runs": {
                "batter": 0,
                "extras": 0,
                "total": 0
              },
              "wickets": [
                {
                  "player_out": "DA Miller",
                  "fielders": [
                    {
                      "name": "P Simran Singh"
                    }
                  ],
                  "kind": "caught"
                }
              ]
            },
            {
              "batter": "Abdul Samad",
              "bowler": "M Jansen",
              "non_striker": "A Badoni",
              "runs": {
                "batter": 6,
                "extras": 0,
                "total": 6
              }
            }
          ]
        },
        {
          "over": 16,
          "deliveries": [
            {
              "batter": "A Badoni",
              "bowler": "YS Chahal",
              "non_striker": "Abdul Samad",
              "runs": {
                "batter": 1,
                "extras": 0,
                "total": 1
              }
            },
            {
              "batter": "Abdul Samad",
              "bowler": "YS Chahal",
              "non_striker": "A Badoni",
              "runs": {
                "batter": 1,
                "extras": 0,
                "total": 1
              }
            },
            {
              "batter": "A Badoni",
              "bowler": "YS Chahal",
              "non_striker": "Abdul Samad",
              "runs": {
                "batter": 6,
                "extras": 0,
                "total": 6
              }
            },
            {
              "batter": "A Badoni",
              "bowler": "YS Chahal",
              "non_striker": "Abdul Samad",
              "runs": {
                "batter": 1,
                "extras": 0,
                "total": 1
              }
            },
            {
              "batter": "Abdul Samad",
              "bowler": "YS Chahal",
              "non_striker": "A Badoni",
              "runs": {
                "batter": 1,
                "extras": 0,
                "total": 1
              }
            },
            {
              "batter": "A Badoni",
              "bowler": "YS Chahal",
              "non_striker": "Abdul Samad",
              "runs": {
                "batter": 1,
                "extras": 0,
                "total": 1
              }
            }
          ]
        },
        {
          "over": 17,
          "deliveries": [
            {
              "batter": "A Badoni",
              "bowler": "Arshdeep Singh",
              "non_striker": "Abdul Samad",
              "replacements": {
                "match": [
                  {
                    "in": "N Wadhera",
                    "out": "YS Chahal",
                    "team": "Punjab Kings",
                    "reason": "impact_player"
                  }
                ]
              },
              "runs": {
                "batter": 4,
                "extras": 0,
                "total": 4
              }
            },
            {
              "batter": "A Badoni",
              "bowler": "Arshdeep Singh",
              "non_striker": "Abdul Samad",
              "runs": {
                "batter": 1,
                "extras": 0,
                "total": 1
              }
            },
            {
              "batter": "Abdul Samad",
              "bowler": "Arshdeep Singh",
              "non_striker": "A Badoni",
              "runs": {
                "batter": 6,
                "extras": 0,
                "total": 6
              }
            },
            {
              "batter": "Abdul Samad",
              "bowler": "Arshdeep Singh",
              "non_striker": "A Badoni",
              "runs": {
                "batter": 4,
                "extras": 0,
                "total": 4
              }
            },
            {
              "batter": "Abdul Samad",
              "bowler": "Arshdeep Singh",
              "non_striker": "A Badoni",
              "runs": {
                "batter": 4,
                "extras": 0,
                "total": 4
              }
            },
            {
              "batter": "Abdul Samad",
              "bowler": "Arshdeep Singh",
              "non_striker": "A Badoni",
              "runs": {
                "batter": 1,
                "extras": 0,
                "total": 1
              }
            }
          ]
        },
        {
          "over": 18,
          "deliveries": [
            {
              "batter": "Abdul Samad",
              "bowler": "M Jansen",
              "non_striker": "A Badoni",
              "runs": {
                "batter": 1,
                "extras": 0,
                "total": 1
              }
            },
            {
              "batter": "A Badoni",
              "bowler": "M Jansen",
              "extras": {
                "wides": 1
              },
              "non_striker": "Abdul Samad",
              "runs": {
                "batter": 0,
                "extras": 1,
                "total": 1
              }
            },
            {
              "batter": "A Badoni",
              "bowler": "M Jansen",
              "non_striker": "Abdul Samad",
              "runs": {
                "batter": 1,
                "extras": 0,
                "total": 1
              }
            },
            {
              "batter": "Abdul Samad",
              "bowler": "M Jansen",
              "non_striker": "A Badoni",
              "runs": {
                "batter": 1,
                "extras": 0,
                "total": 1
              }
            },
            {
              "batter": "A Badoni",
              "bowler": "M Jansen",
              "non_striker": "Abdul Samad",
              "runs": {
                "batter": 2,
                "extras": 0,
                "total": 2
              }
            },
            {
              "batter": "A Badoni",
              "bowler": "M Jansen",
              "non_striker": "Abdul Samad",
              "runs": {
                "batter": 1,
                "extras": 0,
                "total": 1
              }
            },
            {
              "batter": "Abdul Samad",
              "bowler": "M Jansen",
              "non_striker": "A Badoni",
              "runs": {
                "batter": 1,
                "extras": 0,
                "total": 1
              }
            }
          ]
        },
        {
          "over": 19,
          "deliveries": [
            {
              "batter": "Abdul Samad",
              "bowler": "Arshdeep Singh",
              "non_striker": "A Badoni",
              "runs": {
                "batter": 1,
                "extras": 0,
                "total": 1
              }
            },
            {
              "batter": "A Badoni",
              "bowler": "Arshdeep Singh",
              "extras": {
                "wides": 1
              },
              "non_striker": "Abdul Samad",
              "runs": {
                "batter": 0,
                "extras": 1,
                "total": 1
              }
            },
            {
              "batter": "A Badoni",
              "bowler": "Arshdeep Singh",
              "non_striker": "Abdul Samad",
              "runs": {
                "batter": 0,
                "extras": 0,
                "total": 0
              },
              "wickets": [
                {
                  "player_out": "A Badoni",
                  "fielders": [
                    {
                      "name": "GJ Maxwell"
                    }
                  ],
                  "kind": "caught"
                }
              ]
            },
            {
              "batter": "SN Thakur",
              "bowler": "Arshdeep Singh",
              "non_striker": "Abdul Samad",
              "runs": {
                "batter": 1,
                "extras": 0,
                "total": 1
              }
            },
            {
              "batter": "Abdul Samad",
              "bowler": "Arshdeep Singh",
              "non_striker": "SN Thakur",
              "runs": {
                "batter": 0,
                "extras": 0,
                "total": 0
              },
              "wickets": [
                {
                  "player_out": "Abdul Samad",
                  "fielders": [
                    {
                      "name": "Priyansh Arya"
                    }
                  ],
                  "kind": "caught"
                }
              ]
            },
            {
              "batter": "Avesh Khan",
              "bowler": "Arshdeep Singh",
              "extras": {
                "wides": 2
              },
              "non_striker": "SN Thakur",
              "runs": {
                "batter": 0,
                "extras": 2,
                "total": 2
              }
            },
            {
              "batter": "SN Thakur",
              "bowler": "Arshdeep Singh",
              "non_striker": "Avesh Khan",
              "runs": {
                "batter": 0,
                "extras": 0,
                "total": 0
              }
            },
            {
              "batter": "SN Thakur",
              "bowler": "Arshdeep Singh",
              "non_striker": "Avesh Khan",
              "runs": {
                "batter": 2,
                "extras": 0,
                "total": 2
              }
            }
          ]
        }
      ],
      "powerplays": [
        {
          "from": 0.1,
          "to": 5.6,
          "type": "mandatory"
        }
      ]
    },
    {
      "team": "Punjab Kings",
      "overs": [
        {
          "over": 0,
          "deliveries": [
            {
              "batter": "Priyansh Arya",
              "bowler": "SN Thakur",
              "non_striker": "P Simran Singh",
              "runs": {
                "batter": 0,
                "extras": 0,
                "total": 0
              }
            },
            {
              "batter": "Priyansh Arya",
              "bowler": "SN Thakur",
              "non_striker": "P Simran Singh",
              "runs": {
                "batter": 1,
                "extras": 0,
                "total": 1
              }
            },
            {
              "batter": "P Simran Singh",
              "bowler": "SN Thakur",
              "non_striker": "Priyansh Arya",
              "runs": {
                "batter": 0,
                "extras": 0,
                "total": 0
              }
            },
            {
              "batter": "P Simran Singh",
              "bowler": "SN Thakur",
              "non_striker": "Priyansh Arya",
              "runs": {
                "batter": 4,
                "extras": 0,
                "total": 4
              }
            },
            {
              "batter": "P Simran Singh",
              "bowler": "SN Thakur",
              "non_striker": "Priyansh Arya",
              "runs": {
                "batter": 6,
                "extras": 0,
                "total": 6
              }
            },
            {
              "batter": "P Simran Singh",
              "bowler": "SN Thakur",
              "non_striker": "Priyansh Arya",
              "runs": {
                "batter": 1,
                "extras": 0,
                "total": 1
              }
            }
          ]
        },
        {
          "over": 1,
          "deliveries": [
            {
              "batter": "P Simran Singh",
              "bowler": "Avesh Khan",
              "non_striker": "Priyansh Arya",
              "runs": {
                "batter": 1,
                "extras": 0,
                "total": 1
              }
            },
            {
              "batter": "Priyansh Arya",
              "bowler": "Avesh Khan",
              "non_striker": "P Simran Singh",
              "runs": {
                "batter": 0,
                "extras": 0,
                "total": 0
              }
            },
            {
              "batter": "Priyansh Arya",
              "bowler": "Avesh Khan",
              "non_striker": "P Simran Singh",
              "runs": {
                "batter": 1,
                "extras": 0,
                "total": 1
              }
            },
            {
              "batter": "P Simran Singh",
              "bowler": "Avesh Khan",
              "non_striker": "Priyansh Arya",
              "runs": {
                "batter": 4,
                "extras": 0,
                "total": 4
              }
            },
            {
              "batter": "P Simran Singh",
              "bowler": "Avesh Khan",
              "non_striker": "Priyansh Arya",
              "runs": {
                "batter": 1,
                "extras": 0,
                "total": 1
              }
            },
            {
              "batter": "Priyansh Arya",
              "bowler": "Avesh Khan",
              "non_striker": "P Simran Singh",
              "runs": {
                "batter": 1,
                "extras": 0,
                "total": 1
              }
            }
          ]
        },
        {
          "over": 2,
          "deliveries": [
            {
              "batter": "Priyansh Arya",
              "bowler": "DS Rathi",
              "non_striker": "P Simran Singh",
              "runs": {
                "batter": 4,
                "extras": 0,
                "total": 4
              }
            },
            {
              "batter": "Priyansh Arya",
              "bowler": "DS Rathi",
              "non_striker": "P Simran Singh",
              "runs": {
                "batter": 1,
                "extras": 0,
                "total": 1
              }
            },
            {
              "batter": "P Simran Singh",
              "bowler": "DS Rathi",
              "non_striker": "Priyansh Arya",
              "runs": {
                "batter": 1,
                "extras": 0,
                "total": 1
              }
            },
            {
              "batter": "Priyansh Arya",
              "bowler": "DS Rathi",
              "non_striker": "P Simran Singh",
              "runs": {
                "batter": 0,
                "extras": 0,
                "total": 0
              }
            },
            {
              "batter": "Priyansh Arya",
              "bowler": "DS Rathi",
              "non_striker": "P Simran Singh",
              "runs": {
                "batter": 0,
                "extras": 0,
                "total": 0
              },
              "wickets": [
                {
                  "player_out": "Priyansh Arya",
                  "fielders": [
                    {
                      "name": "SN Thakur"
                    }
                  ],
                  "kind": "caught"
                }
              ]
            },
            {
              "batter": "SS Iyer",
              "bowler": "DS Rathi",
              "non_striker": "P Simran Singh",
              "runs": {
                "batter": 1,
                "extras": 0,
                "total": 1
              }
            }
          ]
        },
        {
          "over": 3,
          "deliveries": [
            {
              "batter": "SS Iyer",
              "bowler": "Avesh Khan",
              "extras": {
                "wides": 1
              },
              "non_striker": "P Simran Singh",
              "runs": {
                "batter": 0,
                "extras": 1,
                "total": 1
              }
            },
            {
              "batter": "SS Iyer",
              "bowler": "Avesh Khan",
              "non_striker": "P Simran Singh",
              "runs": {
                "batter": 1,
                "extras": 0,
                "total": 1
              }
            },
            {
              "batter": "P Simran Singh",
              "bowler": "Avesh Khan",
              "non_striker": "SS Iyer",
              "runs": {
                "batter": 0,
                "extras": 0,
                "total": 0
              }
            },
            {
              "batter": "P Simran Singh",
              "bowler": "Avesh Khan",
              "non_striker": "SS Iyer",
              "runs": {
                "batter": 6,
                "extras": 0,
                "total": 6
              }
            },
            {
              "batter": "P Simran Singh",
              "bowler": "Avesh Khan",
              "non_striker": "SS Iyer",
              "runs": {
                "batter": 1,
                "extras": 0,
                "total": 1
              }
            },
            {
              "batter": "SS Iyer",
              "bowler": "Avesh Khan",
              "non_striker": "P Simran Singh",
              "runs": {
                "batter": 0,
                "extras": 0,
                "total": 0
              }
            },
            {
              "batter": "SS Iyer",
              "bowler": "Avesh Khan",
              "non_striker": "P Simran Singh",
              "runs": {
                "batter": 1,
                "extras": 0,
                "total": 1
              }
            }
          ]
        },
        {
          "over": 4,
          "deliveries": [
            {
              "batter": "SS Iyer",
              "bowler": "DS Rathi",
              "non_striker": "P Simran Singh",
              "runs": {
                "batter": 1,
                "extras": 0,
                "total": 1
              }
            },
            {
              "batter": "P Simran Singh",
              "bowler": "DS Rathi",
              "non_striker": "SS Iyer",
              "runs": {
                "batter": 4,
                "extras": 0,
                "total": 4
              }
            },
            {
              "batter": "P Simran Singh",
              "bowler": "DS Rathi",
              "non_striker": "SS Iyer",
              "runs": {
                "batter": 0,
                "extras": 0,
                "total": 0
              }
            },
            {
              "batter": "P Simran Singh",
              "bowler": "DS Rathi",
              "non_striker": "SS Iyer",
              "runs": {
                "batter": 1,
                "extras": 0,
                "total": 1
              }
            },
            {
              "batter": "SS Iyer",
              "bowler": "DS Rathi",
              "non_striker": "P Simran Singh",
              "runs": {
                "batter": 0,
                "extras": 0,
                "total": 0
              }
            },
            {
              "batter": "SS Iyer",
              "bowler": "DS Rathi",
              "non_striker": "P Simran Singh",
              "runs": {
                "batter": 4,
                "extras": 0,
                "total": 4
              }
            }
          ]
        },
        {
          "over": 5,
          "deliveries": [
            {
              "batter": "P Simran Singh",
              "bowler": "Ravi Bishnoi",
              "non_striker": "SS Iyer",
              "runs": {
                "batter": 0,
                "extras": 0,
                "total": 0
              }
            },
            {
              "batter": "P Simran Singh",
              "bowler": "Ravi Bishnoi",
              "non_striker": "SS Iyer",
              "runs": {
                "batter": 4,
                "extras": 0,
                "total": 4
              }
            },
            {
              "batter": "P Simran Singh",
              "bowler": "Ravi Bishnoi",
              "non_striker": "SS Iyer",
              "runs": {
                "batter": 4,
                "extras": 0,
                "total": 4
              }
            },
            {
              "batter": "P Simran Singh",
              "bowler": "Ravi Bishnoi",
              "non_striker": "SS Iyer",
              "runs": {
                "batter": 6,
                "extras": 0,
                "total": 6
              }
            },
            {
              "batter": "P Simran Singh",
              "bowler": "Ravi Bishnoi",
              "non_striker": "SS Iyer",
              "runs": {
                "batter": 0,
                "extras": 0,
                "total": 0
              }
            },
            {
              "batter": "P Simran Singh",
              "bowler": "Ravi Bishnoi",
              "non_striker": "SS Iyer",
              "runs": {
                "batter": 1,
                "extras": 0,
                "total": 1
              }
            }
          ]
        },
        {
          "over": 6,
          "deliveries": [
            {
              "batter": "P Simran Singh",
              "bowler": "M Siddharth",
              "non_striker": "SS Iyer",
              "replacements": {
                "match": [
                  {
                    "in": "M Siddharth",
                    "out": "DA Miller",
                    "team": "Lucknow Super Giants",
                    "reason": "impact_player"
                  }
                ]
              },
              "runs": {
                "batter": 4,
                "extras": 0,
                "total": 4
              }
            },
            {
              "batter": "P Simran Singh",
              "bowler": "M Siddharth",
              "extras": {
                "legbyes": 1
              },
              "non_striker": "SS Iyer",
              "runs": {
                "batter": 0,
                "extras": 1,
                "total": 1
              }
            },
            {
              "batter": "SS Iyer",
              "bowler": "M Siddharth",
              "non_striker": "P Simran Singh",
              "runs": {
                "batter": 6,
                "extras": 0,
                "total": 6
              }
            },
            {
              "batter": "SS Iyer",
              "bowler": "M Siddharth",
              "non_striker": "P Simran Singh",
              "runs": {
                "batter": 1,
                "extras": 0,
                "total": 1
              }
            },
            {
              "batter": "P Simran Singh",
              "bowler": "M Siddharth",
              "extras": {
                "wides": 2
              },
              "non_striker": "SS Iyer",
              "runs": {
                "batter": 0,
                "extras": 2,
                "total": 2
              }
            },
            {
              "batter": "SS Iyer",
              "bowler": "M Siddharth",
              "non_striker": "P Simran Singh",
              "runs": {
                "batter": 1,
                "extras": 0,
                "total": 1
              }
            },
            {
              "batter": "P Simran Singh",
              "bowler": "M Siddharth",
              "non_striker": "SS Iyer",
              "runs": {
                "batter": 1,
                "extras": 0,
                "total": 1
              }
            }
          ]
        },
        {
          "over": 7,
          "deliveries": [
            {
              "batter": "P Simran Singh",
              "bowler": "Ravi Bishnoi",
              "non_striker": "SS Iyer",
              "runs": {
                "batter": 2,
                "extras": 0,
                "total": 2
              }
            },
            {
              "batter": "P Simran Singh",
              "bowler": "Ravi Bishnoi",
              "non_striker": "SS Iyer",
              "runs": {
                "batter": 1,
                "extras": 0,
                "total": 1
              }
            },
            {
              "batter": "SS Iyer",
              "bowler": "Ravi Bishnoi",
              "non_striker": "P Simran Singh",
              "runs": {
                "batter": 1,
                "extras": 0,
                "total": 1
              }
            },
            {
              "batter": "P Simran Singh",
              "bowler": "Ravi Bishnoi",
              "non_striker": "SS Iyer",
              "runs": {
                "batter": 0,
                "extras": 0,
                "total": 0
              }
            },
            {
              "batter": "P Simran Singh",
              "bowler": "Ravi Bishnoi",
              "non_striker": "SS Iyer",
              "runs": {
                "batter": 4,
                "extras": 0,
                "total": 4
              }
            },
            {
              "batter": "P Simran Singh",
              "bowler": "Ravi Bishnoi",
              "non_striker": "SS Iyer",
              "runs": {
                "batter": 4,
                "extras": 0,
                "total": 4
              }
            }
          ]
        },
        {
          "over": 8,
          "deliveries": [
            {
              "batter": "SS Iyer",
              "bowler": "M Siddharth",
              "non_striker": "P Simran Singh",
              "runs": {
                "batter": 1,
                "extras": 0,
                "total": 1
              }
            },
            {
              "batter": "P Simran Singh",
              "bowler": "M Siddharth",
              "non_striker": "SS Iyer",
              "runs": {
                "batter": 4,
                "extras": 0,
                "total": 4
              }
            },
            {
              "batter": "P Simran Singh",
              "bowler": "M Siddharth",
              "non_striker": "SS Iyer",
              "runs": {
                "batter": 1,
                "extras": 0,
                "total": 1
              }
            },
            {
              "batter": "SS Iyer",
              "bowler": "M Siddharth",
              "non_striker": "P Simran Singh",
              "runs": {
                "batter": 1,
                "extras": 0,
                "total": 1
              }
            },
            {
              "batter": "P Simran Singh",
              "bowler": "M Siddharth",
              "non_striker": "SS Iyer",
              "runs": {
                "batter": 1,
                "extras": 0,
                "total": 1
              }
            },
            {
              "batter": "SS Iyer",
              "bowler": "M Siddharth",
              "non_striker": "P Simran Singh",
              "runs": {
                "batter": 1,
                "extras": 0,
                "total": 1
              }
            }
          ]
        },
        {
          "over": 9,
          "deliveries": [
            {
              "batter": "SS Iyer",
              "bowler": "SN Thakur",
              "non_striker": "P Simran Singh",
              "runs": {
                "batter": 1,
                "extras": 0,
                "total": 1
              }
            },
            {
              "batter": "P Simran Singh",
              "bowler": "SN Thakur",
              "extras": {
                "wides": 1
              },
              "non_striker": "SS Iyer",
              "runs": {
                "batter": 0,
                "extras": 1,
                "total": 1
              }
            },
            {
              "batter": "P Simran Singh",
              "bowler": "SN Thakur",
              "non_striker": "SS Iyer",
              "runs": {
                "batter": 1,
                "extras": 0,
                "total": 1
              }
            },
            {
              "batter": "SS Iyer",
              "bowler": "SN Thakur",
              "non_striker": "P Simran Singh",
              "runs": {
                "batter": 6,
                "extras": 0,
                "total": 6
              }
            },
            {
              "batter": "SS Iyer",
              "bowler": "SN Thakur",
              "non_striker": "P Simran Singh",
              "runs": {
                "batter": 0,
                "extras": 0,
                "total": 0
              }
            },
            {
              "batter": "SS Iyer",
              "bowler": "SN Thakur",
              "non_striker": "P Simran Singh",
              "runs": {
                "batter": 1,
                "extras": 0,
                "total": 1
              }
            },
            {
              "batter": "P Simran Singh",
              "bowler": "SN Thakur",
              "non_striker": "SS Iyer",
              "runs": {
                "batter": 1,
                "extras": 0,
                "total": 1
              }
            }
          ]
        },
        {
          "over": 10,
          "deliveries": [
            {
              "batter": "P Simran Singh",
              "bowler": "DS Rathi",
              "non_striker": "SS Iyer",
              "runs": {
                "batter": 0,
                "extras": 0,
                "total": 0
              },
              "wickets": [
                {
                  "player_out": "P Simran Singh",
                  "fielders": [
                    {
                      "name": "Ravi Bishnoi"
                    }
                  ],
                  "kind": "caught"
                }
              ]
            },
            {
              "batter": "N Wadhera",
              "bowler": "DS Rathi",
              "non_striker": "SS Iyer",
              "runs": {
                "batter": 2,
                "extras": 0,
                "total": 2
              }
            },
            {
              "batter": "N Wadhera",
              "bowler": "DS Rathi",
              "non_striker": "SS Iyer",
              "runs": {
                "batter": 0,
                "extras": 0,
                "total": 0
              }
            },
            {
              "batter": "N Wadhera",
              "bowler": "DS Rathi",
              "non_striker": "SS Iyer",
              "runs": {
                "batter": 0,
                "extras": 0,
                "total": 0
              }
            },
            {
              "batter": "N Wadhera",
              "bowler": "DS Rathi",
              "non_striker": "SS Iyer",
              "runs": {
                "batter": 0,
                "extras": 0,
                "total": 0
              }
            },
            {
              "batter": "N Wadhera",
              "bowler": "DS Rathi",
              "non_striker": "SS Iyer",
              "runs": {
                "batter": 4,
                "extras": 0,
                "total": 4
              }
            }
          ]
        },
        {
          "over": 11,
          "deliveries": [
            {
              "batter": "SS Iyer",
              "bowler": "M Siddharth",
              "non_striker": "N Wadhera",
              "runs": {
                "batter": 1,
                "extras": 0,
                "total": 1
              }
            },
            {
              "batter": "N Wadhera",
              "bowler": "M Siddharth",
              "non_striker": "SS Iyer",
              "runs": {
                "batter": 0,
                "extras": 0,
                "total": 0
              }
            },
            {
              "batter": "N Wadhera",
              "bowler": "M Siddharth",
              "non_striker": "SS Iyer",
              "runs": {
                "batter": 0,
                "extras": 0,
                "total": 0
              }
            },
            {
              "batter": "N Wadhera",
              "bowler": "M Siddharth",
              "non_striker": "SS Iyer",
              "runs": {
                "batter": 1,
                "extras": 0,
                "total": 1
              }
            },
            {
              "batter": "SS Iyer",
              "bowler": "M Siddharth",
              "non_striker": "N Wadhera",
              "runs": {
                "batter": 1,
                "extras": 0,
                "total": 1
              }
            },
            {
              "batter": "N Wadhera",
              "bowler": "M Siddharth",
              "non_striker": "SS Iyer",
              "runs": {
                "batter": 1,
                "extras": 0,
                "total": 1
              }
            }
          ]
        },
        {
          "over": 12,
          "deliveries": [
            {
              "batter": "N Wadhera",
              "bowler": "DS Rathi",
              "non_striker": "SS Iyer",
              "runs": {
                "batter": 0,
                "extras": 0,
                "total": 0
              }
            },
            {
              "batter": "N Wadhera",
              "bowler": "DS Rathi",
              "non_striker": "SS Iyer",
              "runs": {
                "batter": 1,
                "extras": 0,
                "total": 1
              }
            },
            {
              "batter": "SS Iyer",
              "bowler": "DS Rathi",
              "non_striker": "N Wadhera",
              "runs": {
                "batter": 4,
                "extras": 0,
                "total": 4
              }
            },
            {
              "batter": "SS Iyer",
              "bowler": "DS Rathi",
              "non_striker": "N Wadhera",
              "runs": {
                "batter": 0,
                "extras": 0,
                "total": 0
              }
            },
            {
              "batter": "SS Iyer",
              "bowler": "DS Rathi",
              "non_striker": "N Wadhera",
              "runs": {
                "batter": 1,
                "extras": 0,
                "total": 1
              }
            },
            {
              "batter": "N Wadhera",
              "bowler": "DS Rathi",
              "non_striker": "SS Iyer",
              "runs": {
                "batter": 1,
                "extras": 0,
                "total": 1
              }
            }
          ]
        },
        {
          "over": 13,
          "deliveries": [
            {
              "batter": "N Wadhera",
              "bowler": "Ravi Bishnoi",
              "non_striker": "SS Iyer",
              "runs": {
                "batter": 0,
                "extras": 0,
                "total": 0
              }
            },
            {
              "batter": "N Wadhera",
              "bowler": "Ravi Bishnoi",
              "non_striker": "SS Iyer",
              "runs": {
                "batter": 6,
                "extras": 0,
                "total": 6
              }
            },
            {
              "batter": "N Wadhera",
              "bowler": "Ravi Bishnoi",
              "non_striker": "SS Iyer",
              "runs": {
                "batter": 4,
                "extras": 0,
                "total": 4
              }
            },
            {
              "batter": "N Wadhera",
              "bowler": "Ravi Bishnoi",
              "non_striker": "SS Iyer",
              "runs": {
                "batter": 0,
                "extras": 0,
                "total": 0
              }
            },
            {
              "batter": "N Wadhera",
              "bowler": "Ravi Bishnoi",
              "non_striker": "SS Iyer",
              "runs": {
                "batter": 0,
                "extras": 0,
                "total": 0
              }
            },
            {
              "batter": "N Wadhera",
              "bowler": "Ravi Bishnoi",
              "non_striker": "SS Iyer",
              "runs": {
                "batter": 6,
                "extras": 0,
                "total": 6
              }
            }
          ]
        },
        {
          "over": 14,
          "deliveries": [
            {
              "batter": "SS Iyer",
              "bowler": "Avesh Khan",
              "non_striker": "N Wadhera",
              "runs": {
                "batter": 0,
                "extras": 0,
                "total": 0
              }
            },
            {
              "batter": "SS Iyer",
              "bowler": "Avesh Khan",
              "non_striker": "N Wadhera",
              "runs": {
                "batter": 1,
                "extras": 0,
                "total": 1
              }
            },
            {
              "batter": "N Wadhera",
              "bowler": "Avesh Khan",
              "non_striker": "SS Iyer",
              "runs": {
                "batter": 1,
                "extras": 0,
                "total": 1
              }
            },
            {
              "batter": "SS Iyer",
              "bowler": "Avesh Khan",
              "non_striker": "N Wadhera",
              "runs": {
                "batter": 4,
                "extras": 0,
                "total": 4
              }
            },
            {
              "batter": "SS Iyer",
              "bowler": "Avesh Khan",
              "non_striker": "N Wadhera",
              "runs": {
                "batter": 0,
                "extras": 0,
                "total": 0
              }
            },
            {
              "batter": "SS Iyer",
              "bowler": "Avesh Khan",
              "non_striker": "N Wadhera",
              "runs": {
                "batter": 6,
                "extras": 0,
                "total": 6
              }
            }
          ]
        },
        {
          "over": 15,
          "deliveries": [
            {
              "batter": "N Wadhera",
              "bowler": "SN Thakur",
              "non_striker": "SS Iyer",
              "runs": {
                "batter": 0,
                "extras": 0,
                "total": 0
              }
            },
            {
              "batter": "N Wadhera",
              "bowler": "SN Thakur",
              "non_striker": "SS Iyer",
              "runs": {
                "batter": 0,
                "extras": 0,
                "total": 0
              }
            },
            {
              "batter": "N Wadhera",
              "bowler": "SN Thakur",
              "non_striker": "SS Iyer",
              "runs": {
                "batter": 6,
                "extras": 0,
                "total": 6
              }
            },
            {
              "batter": "N Wadhera",
              "bowler": "SN Thakur",
              "non_striker": "SS Iyer",
              "runs": {
                "batter": 6,
                "extras": 0,
                "total": 6
              }
            },
            {
              "batter": "N Wadhera",
              "bowler": "SN Thakur",
              "non_striker": "SS Iyer",
              "runs": {
                "batter": 4,
                "extras": 0,
                "total": 4
              }
            },
            {
              "batter": "N Wadhera",
              "bowler": "SN Thakur",
              "non_striker": "SS Iyer",
              "runs": {
                "batter": 0,
                "extras": 0,
                "total": 0
              }
            }
          ]
        },
        {
          "over": 16,
          "deliveries": [
            {
              "batter": "SS Iyer",
              "bowler": "Abdul Samad",
              "non_striker": "N Wadhera",
              "runs": {
                "batter": 0,
                "extras": 0,
                "total": 0
              }
            },
            {
              "batter": "SS Iyer",
              "bowler": "Abdul Samad",
              "non_striker": "N Wadhera",
              "runs": {
                "batter": 6,
                "extras": 0,
                "total": 6
              }
            }
          ]
        }
      ],
      "powerplays": [
        {
          "from": 0.1,
          "to": 5.6,
          "type": "mandatory"
        }
      ],
      "target": {
        "overs": 20,
        "runs": 172
      }
    }
  ]
}