{
  "meta": {
    "data_version": "1.1.0",
    "created": "2025-04-30",
    "revision": 1
  },
  "info": {
    "balls_per_over": 6,
    "city": "Jaipur",
    "dates": [
      "2025-04-28"
    ],
    "event": {
      "name": "Indian Premier League",
      "match_number": 47
    },
    "gender": "male",
    "match_type": "T20",
    "officials": {
      "match_referees": [
        "R Seth"
      ],
      "reserve_umpires": [
        "Abhijit Bhattacharya"
      ],
      "tv_umpires": [
        "UV Gandhe"
      ],
      "umpires": [
        "MA Gough",
        "VK Sharma"
      ]
    },
    "outcome": {
      "winner": "Rajasthan Royals",
      "by": {
        "wickets": 8
      }
    },
    "overs": 20,
    "player_of_match": [
      "V Suryavanshi"
    ],
    "players": {
      "Gujarat Titans": [
        "I Sharma",
        "B Sai Sudharsan",
        "Shubman Gill",
        "JC Buttler",
        "Washington Sundar",
        "R Tewatia",
        "M Shahrukh Khan",
        "Karim Janat",
        "Rashid Khan",
        "R Sai Kishore",
        "Mohammed Siraj",
        "M Prasidh Krishna"
      ],
      "Rajasthan Royals": [
        "YBK Jaiswal",
        "V Suryavanshi",
        "N Rana",
        "R Parag",
        "Dhruv Jurel",
        "SO Hetmyer",
        "PWH de Silva",
        "JC Archer",
        "M Theekshana",
        "Sandeep Sharma",
        "Yudhvir Singh"
      ]
    },
    "registry": {
      "people": {
        "Abhijit Bhattacharya": "59ec9638",
        "B Sai Sudharsan": "d5130a30",
        "Dhruv Jurel": "bcf325d2",
        "I Sharma": "5bb1a1c4",
        "JC Archer": "5574750c",
        "JC Buttler": "99b75528",
        "Karim Janat": "62175638",
        "M Prasidh Krishna": "85e0cf10",
        "M Shahrukh Khan": "7dcb9bc9",
        "M Theekshana": "f24c6701",
        "MA Gough": "76752ac8",
        "Mohammed Siraj": "2f49c897",
        "N Rana": "fb2d1dda",
        "PWH de Silva": "a97c8ec2",
        "R Parag": "04a418e8",
        "R Sai Kishore": "c7a995d3",
        "R Seth": "540a44ba",
        "R Tewatia": "39a2dfa8",
        "Rashid Khan": "5f547c8b",
        "SO Hetmyer": "48a1d7b7",
        "Sandeep Sharma": "ce820073",
        "Shubman Gill": "b4b99816",
        "UV Gandhe": "43dd4011",
        "V Suryavanshi": "470f446b",
        "VK Sharma": "a7a49df4",
        "Washington Sundar": "f19ccfad",
        "YBK Jaiswal": "6c19c6e5",
        "Yudhvir Singh": "4885bbe6"
      }
    },
    "season": "2025",
    "team_type": "club",
    "teams": [
      "Gujarat Titans",
      "Rajasthan Royals"
    ],
    "toss": {
      "decision": "field",
      "winner": "Rajasthan Royals"
    },
    "venue": "Sawai Mansingh Stadium, Jaipur"
  },
  "innings": [
    {
      "team": "Gujarat Titans",
      "overs": [
        {
          "over": 0,
          "deliveries": [
            {
              "batter": "B Sai Sudharsan",
              "bowler": "JC Archer",
              "non_striker": "Shubman Gill",
              "runs": {
                "batter": 1,
                "extras": 0,
                "total": 1
              }
            },
            {
              "batter": "Shubman Gill",
              "bowler": "JC Archer",
              "non_striker": "B Sai Sudharsan",
              "runs": {
                "batter": 0,
                "extras": 0,
                "total": 0
              }
            },
            {
              "batter": "Shubman Gill",
              "bowler": "JC Archer",
              "non_striker": "B Sai Sudharsan",
              "runs": {
                "batter": 1,
                "extras": 0,
                "total": 1
              }
            },
            {
              "batter": "B Sai Sudharsan",
              "bowler": "JC Archer",
              "non_striker": "Shubman Gill",
              "runs": {
                "batter": 0,
                "extras": 0,
                "total": 0
              }
            },
            {
              "batter": "B Sai Sudharsan",
              "bowler": "JC Archer",
              "non_striker": "Shubman Gill",
              "runs": {
                "batter": 0,
                "extras": 0,
                "total": 0
              }
            },
            {
              "batter": "B Sai Sudharsan",
              "bowler": "JC Archer",
              "non_striker": "Shubman Gill",
              "runs": {
                "batter": 4,
                "extras": 0,
                "total": 4
              }
            }
          ]
        },
        {
          "over": 1,
          "deliveries": [
            {
              "batter": "Shubman Gill",
              "bowler": "M Theekshana",
              "non_striker": "B Sai Sudharsan",
              "runs": {
                "batter": 2,
                "extras": 0,
                "total": 2
              }
            },
            {
              "batter": "Shubman Gill",
              "bowler": "M Theekshana",
              "non_striker": "B Sai Sudharsan",
              "runs": {
                "batter": 2,
                "extras": 0,
                "total": 2
              }
            },
            {
              "batter": "Shubman Gill",
              "bowler": "M Theekshana",
              "non_striker": "B Sai Sudharsan",
              "runs": {
                "batter": 1,
                "extras": 0,
                "total": 1
              }
            },
            {
              "batter": "B Sai Sudharsan",
              "bowler": "M Theekshana",
              "non_striker": "Shubman Gill",
              "runs": {
                "batter": 4,
                "extras": 0,
                "total": 4
              }
            },
            {
              "batter": "B Sai Sudharsan",
              "bowler": "M Theekshana",
              "non_striker": "Shubman Gill",
              "runs": {
                "batter": 1,
                "extras": 0,
                "total": 1
              }
            },
            {
              "batter": "Shubman Gill",
              "bowler": "M Theekshana",
              "non_striker": "B Sai Sudharsan",
              "runs": {
                "batter": 1,
                "extras": 0,
                "total": 1
              }
            }
          ]
        },
        {
          "over": 2,
          "deliveries": [
            {
              "batter": "Shubman Gill",
              "bowler": "Yudhvir Singh",
              "non_striker": "B Sai Sudharsan",
              "runs": {
                "batter": 1,
                "extras": 0,
                "total": 1
              }
            },
            {
              "batter": "B Sai Sudharsan",
              "bowler": "Yudhvir Singh",
              "non_striker": "Shubman Gill",
              "runs": {
                "batter": 1,
                "extras": 0,
                "total": 1
              }
            },
            {
              "batter": "Shubman Gill",
              "bowler": "Yudhvir Singh",
              "non_striker": "B Sai Sudharsan",
              "runs": {
                "batter": 0,
                "extras": 0,
                "total": 0
              }
            },
            {
              "batter": "Shubman Gill",
              "bowler": "Yudhvir Singh",
              "non_striker": "B Sai Sudharsan",
              "runs": {
                "batter": 0,
                "extras": 0,
                "total": 0
              }
            },
            {
              "batter": "Shubman Gill",
              "bowler": "Yudhvir Singh",
              "non_striker": "B Sai Sudharsan",
              "runs": {
                "batter": 4,
                "extras": 0,
                "total": 4
              }
            },
            {
              "batter": "Shubman Gill",
              "bowler": "Yudhvir Singh",
              "non_striker": "B Sai Sudharsan",
              "runs": {
                "batter": 4,
                "extras": 0,
                "total": 4
              }
            }
          ]
        },
        {
          "over": 3,
          "deliveries": [
            {
              "batter": "B Sai Sudharsan",
              "bowler": "JC Archer",
              "non_striker": "Shubman Gill",
              "runs": {
                "batter": 0,
                "extras": 0,
                "total": 0
              }
            },
            {
              "batter": "B Sai Sudharsan",
              "bowler": "JC Archer",
              "non_striker": "Shubman Gill",
              "runs": {
                "batter": 1,
                "extras": 0,
                "total": 1
              }
            },
            {
              "batter": "Shubman Gill",
              "bowler": "JC Archer",
              "non_striker": "B Sai Sudharsan",
              "runs": {
                "batter": 4,
                "extras": 0,
                "total": 4
              }
            },
            {
              "batter": "Shubman Gill",
              "bowler": "JC Archer",
              "non_striker": "B Sai Sudharsan",
              "runs": {
                "batter": 1,
                "extras": 0,
                "total": 1
              }
            },
            {
              "batter": "B Sai Sudharsan",
              "bowler": "JC Archer",
              "non_striker": "Shubman Gill",
              "runs": {
                "batter": 4,
                "extras": 0,
                "total": 4
              }
            },
            {
              "batter": "B Sai Sudharsan",
              "bowler": "JC Archer",
              "non_striker": "Shubman Gill",
              "runs": {
                "batter": 1,
                "extras": 0,
                "total": 1
              }
            }
          ]
        },
        {
          "over": 4,
          "deliveries": [
            {
              "batter": "B Sai Sudharsan",
              "bowler": "M Theekshana",
              "non_striker": "Shubman Gill",
              "runs": {
                "batter": 0,
                "extras": 0,
                "total": 0
              }
            },
            {
              "batter": "B Sai Sudharsan",
              "bowler": "M Theekshana",
              "non_striker": "Shubman Gill",
              "runs": {
                "batter": 4,
                "extras": 0,
                "total": 4
              }
            },
            {
              "batter": "B Sai Sudharsan",
              "bowler": "M Theekshana",
              "non_striker": "Shubman Gill",
              "runs": {
                "batter": 2,
                "extras": 0,
                "total": 2
              }
            },
            {
              "batter": "B Sai Sudharsan",
              "bowler": "M Theekshana",
              "non_striker": "Shubman Gill",
              "runs": {
                "batter": 1,
                "extras": 0,
                "total": 1
              }
            },
            {
              "batter": "Shubman Gill",
              "bowler": "M Theekshana",
              "non_striker": "B Sai Sudharsan",
              "runs": {
                "batter": 1,
                "extras": 0,
                "total": 1
              }
            },
            {
              "batter": "B Sai Sudharsan",
              "bowler": "M Theekshana",
              "non_striker": "Shubman Gill",
              "runs": {
                "batter": 1,
                "extras": 0,
                "total": 1
              }
            }
          ]
        },
        {
          "over": 5,
          "deliveries": [
            {
              "batter": "B Sai Sudharsan",
              "bowler": "Sandeep Sharma",
              "non_striker": "Shubman Gill",
              "runs": {
                "batter": 0,
                "extras": 0,
                "total": 0
              }
            },
            {
              "batter": "B Sai Sudharsan",
              "bowler": "Sandeep Sharma",
              "non_striker": "Shubman Gill",
              "runs": {
                "batter": 0,
                "extras": 0,
                "total": 0
              }
            },
            {
              "batter": "B Sai Sudharsan",
              "bowler": "Sandeep Sharma",
              "non_striker": "Shubman Gill",
              "runs": {
                "batter": 1,
                "extras": 0,
                "total": 1
              }
            },
            {
              "batter": "Shubman Gill",
              "bowler": "Sandeep Sharma",
              "non_striker": "B Sai Sudharsan",
              "runs": {
                "batter": 2,
                "extras": 0,
                "total": 2
              }
            },
            {
              "batter": "Shubman Gill",
              "bowler": "Sandeep Sharma",
              "extras": {
                "wides": 1
              },
              "non_striker": "B Sai Sudharsan",
              "runs": {
                "batter": 0,
                "extras": 1,
                "total": 1
              }
            },
            {
              "batter": "Shubman Gill",
              "bowler": "Sandeep Sharma",
              "non_striker": "B Sai Sudharsan",
              "runs": {
                "batter": 1,
                "extras": 0,
                "total": 1
              }
            },
            {
              "batter": "B Sai Sudharsan",
              "bowler": "Sandeep Sharma",
              "extras": {
                "legbyes": 1
              },
              "non_striker": "Shubman Gill",
              "runs": {
                "batter": 0,
                "extras": 1,
                "total": 1
              }
            }
          ]
        },
        {
          "over": 6,
          "deliveries": [
            {
              "batter": "B Sai Sudharsan",
              "bowler": "R Parag",
              "non_striker": "Shubman Gill",
              "runs": {
                "batter": 1,
                "extras": 0,
                "total": 1
              }
            },
            {
              "batter": "Shubman Gill",
              "bowler": "R Parag",
              "non_striker": "B Sai Sudharsan",
              "runs": {
                "batter": 2,
                "extras": 0,
                "total": 2
              }
            },
            {
              "batter": "Shubman Gill",
              "bowler": "R Parag",
              "non_striker": "B Sai Sudharsan",
              "runs": {
                "batter": 6,
                "extras": 0,
                "total": 6
              }
            },
            {
              "batter": "Shubman Gill",
              "bowler": "R Parag",
              "non_striker": "B Sai Sudharsan",
              "runs": {
                "batter": 2,
                "extras": 0,
                "total": 2
              }
            },
            {
              "batter": "Shubman Gill",
              "bowler": "R Parag",
              "non_striker": "B Sai Sudharsan",
              "runs": {
                "batter": 2,
                "extras": 0,
                "total": 2
              }
            },
            {
              "batter": "Shubman Gill",
              "bowler": "R Parag",
              "non_striker": "B Sai Sudharsan",
              "runs": {
                "batter": 1,
                "extras": 0,
                "total": 1
              }
            }
          ]
        },
        {
          "over": 7,
          "deliveries": [
            {
              "batter": "Shubman Gill",
              "bowler": "PWH de Silva",
              "non_striker": "B Sai Sudharsan",
              "runs": {
                "batter": 1,
                "extras": 0,
                "total": 1
              }
            },
            {
              "batter": "B Sai Sudharsan",
              "bowler": "PWH de Silva",
              "non_striker": "Shubman Gill",
              "runs": {
                "batter": 1,
                "extras": 0,
                "total": 1
              }
            },
            {
              "batter": "Shubman Gill",
              "bowler": "PWH de Silva",
              "non_striker": "B Sai Sudharsan",
              "runs": {
                "batter": 1,
                "extras": 0,
                "total": 1
              }
            },
            {
              "batter": "B Sai Sudharsan",
              "bowler": "PWH de Silva",
              "non_striker": "Shubman Gill",
              "runs": {
                "batter": 1,
                "extras": 0,
                "total": 1
              }
            },
            {
              "batter": "Shubman Gill",
              "bowler": "PWH de Silva",
              "non_striker": "B Sai Sudharsan",
              "runs": {
                "batter": 1,
                "extras": 0,
                "total": 1
              }
            },
            {
              "batter": "B Sai Sudharsan",
              "bowler": "PWH de Silva",
              "non_striker": "Shubman Gill",
              "runs": {
                "batter": 2,
                "extras": 0,
                "total": 2
              }
            }
          ]
        },
        {
          "over": 8,
          "deliveries": [
            {
              "batter": "Shubman Gill",
              "bowler": "Yudhvir Singh",
              "non_striker": "B Sai Sudharsan",
              "runs": {
                "batter": 4,
                "extras": 0,
                "total": 4
              }
            },
            {
              "batter": "Shubman Gill",
              "bowler": "Yudhvir Singh",
              "non_striker": "B Sai Sudharsan",
              "runs": {
                "batter": 2,
                "extras": 0,
                "total": 2
              }
            },
            {
              "batter": "Shubman Gill",
              "bowler": "Yudhvir Singh",
              "non_striker": "B Sai Sudharsan",
              "runs": {
                "batter": 1,
                "extras": 0,
                "total": 1
              }
            },
            {
              "batter": "B Sai Sudharsan",
              "bowler": "Yudhvir Singh",
              "non_striker": "Shubman Gill",
              "runs": {
                "batter": 0,
                "extras": 0,
                "total": 0
              }
            },
            {
              "batter": "B Sai Sudharsan",
              "bowler": "Yudhvir Singh",
              "non_striker": "Shubman Gill",
              "runs": {
                "batter": 0,
                "extras": 0,
                "total": 0
              }
            },
            {
              "batter": "B Sai Sudharsan",
              "bowler": "Yudhvir Singh",
              "non_striker": "Shubman Gill",
              "runs": {
                "batter": 6,
                "extras": 0,
                "total": 6
              }
            }
          ]
        },
        {
          "over": 9,
          "deliveries": [
            {
              "batter": "Shubman Gill",
              "bowler": "PWH de Silva",
              "non_striker": "B Sai Sudharsan",
              "runs": {
                "batter": 1,
                "extras": 0,
                "total": 1
              }
            },
            {
              "batter": "B Sai Sudharsan",
              "bowler": "PWH de Silva",
              "non_striker": "Shubman Gill",
              "runs": {
                "batter": 1,
                "extras": 0,
                "total": 1
              }
            },
            {
              "batter": "Shubman Gill",
              "bowler": "PWH de Silva",
              "non_striker": "B Sai Sudharsan",
              "runs": {
                "batter": 1,
                "extras": 0,
                "total": 1
              }
            },
            {
              "batter": "B Sai Sudharsan",
              "bowler": "PWH de Silva",
              "non_striker": "Shubman Gill",
              "runs": {
                "batter": 1,
                "extras": 0,
                "total": 1
              }
            },
            {
              "batter": "Shubman Gill",
              "bowler": "PWH de Silva",
              "non_striker": "B Sai Sudharsan",
              "runs": {
                "batter": 0,
                "extras": 0,
                "total": 0
              }
            },
            {
              "batter": "Shubman Gill",
              "bowler": "PWH de Silva",
              "non_striker": "B Sai Sudharsan",
              "runs": {
                "batter": 1,
                "extras": 0,
                "total": 1
              }
            }
          ]
        },
        {
          "over": 10,
          "deliveries": [
            {
              "batter": "Shubman Gill",
              "bowler": "M Theekshana",
              "non_striker": "B Sai Sudharsan",
              "runs": {
                "batter": 1,
                "extras": 0,
                "total": 1
              }
            },
            {
              "batter": "B Sai Sudharsan",
              "bowler": "M Theekshana",
              "non_striker": "Shubman Gill",
              "runs": {
                "batter": 0,
                "extras": 0,
                "total": 0
              },
              "wickets": [
                {
                  "player_out": "B Sai Sudharsan",
                  "fielders": [
                    {
                      "name": "R Parag"
                    }
                  ],
                  "kind": "caught"
                }
              ]
            },
            {
              "batter": "JC Buttler",
              "bowler": "M Theekshana",
              "non_striker": "Shubman Gill",
              "runs": {
                "batter": 1,
                "extras": 0,
                "total": 1
              }
            },
            {
              "batter": "Shubman Gill",
              "bowler": "M Theekshana",
              "non_striker": "JC Buttler",
              "runs": {
                "batter": 1,
                "extras": 0,
                "total": 1
              }
            },
            {
              "batter": "JC Buttler",
              "bowler": "M Theekshana",
              "non_striker": "Shubman Gill",
              "runs": {
                "batter": 1,
                "extras": 0,
                "total": 1
              }
            },
            {
              "batter": "Shubman Gill",
              "bowler": "M Theekshana",
              "non_striker": "JC Buttler",
              "runs": {
                "batter": 1,
                "extras": 0,
                "total": 1
              }
            }
          ]
        },
        {
          "over": 11,
          "deliveries": [
            {
              "batter": "Shubman Gill",
              "bowler": "Sandeep Sharma",
              "non_striker": "JC Buttler",
              "runs": {
                "batter": 0,
                "extras": 0,
                "total": 0
              }
            },
            {
              "batter": "Shubman Gill",
              "bowler": "Sandeep Sharma",
              "non_striker": "JC Buttler",
              "runs": {
                "batter": 1,
                "extras": 0,
                "total": 1
              }
            },
            {
              "batter": "JC Buttler",
              "bowler": "Sandeep Sharma",
              "non_striker": "Shubman Gill",
              "runs": {
                "batter": 1,
                "extras": 0,
                "total": 1
              }
            },
            {
              "batter": "Shubman Gill",
              "bowler": "Sandeep Sharma",
              "non_striker": "JC Buttler",
              "runs": {
                "batter": 6,
                "extras": 0,
                "total": 6
              }
            },
            {
              "batter": "Shubman Gill",
              "bowler": "Sandeep Sharma",
              "non_striker": "JC Buttler",
              "runs": {
                "batter": 1,
                "extras": 0,
                "total": 1
              }
            },
            {
              "batter": "JC Buttler",
              "bowler": "Sandeep Sharma",
              "non_striker": "Shubman Gill",
              "runs": {
                "batter": 1,
                "extras": 0,
                "total": 1
              }
            }
          ]
        },
        {
          "over": 12,
          "deliveries": [
            {
              "batter": "JC Buttler",
              "bowler": "PWH de Silva",
              "non_striker": "Shubman Gill",
              "runs": {
                "batter": 0,
                "extras": 0,
                "total": 0
              }
            },
            {
              "batter": "JC Buttler",
              "bowler": "PWH de Silva",
              "non_striker": "Shubman Gill",
              "runs": {
                "batter": 1,
                "extras": 0,
                "total": 1
              }
            },
            {
              "batter": "Shubman Gill",
              "bowler": "PWH de Silva",
              "non_striker": "JC Buttler",
              "runs": {
                "batter": 0,
                "extras": 0,
                "total": 0
              }
            },
            {
              "batter": "Shubman Gill",
              "bowler": "PWH de Silva",
              "non_striker": "JC Buttler",
              "runs": {
                "batter": 1,
                "extras": 0,
                "total": 1
              }
            },
            {
              "batter": "JC Buttler",
              "bowler": "PWH de Silva",
              "non_striker": "Shubman Gill",
              "runs": {
                "batter": 0,
                "extras": 0,
                "total": 0
              }
            },
            {
              "batter": "JC Buttler",
              "bowler": "PWH de Silva",
              "non_striker": "Shubman Gill",
              "runs": {
                "batter": 1,
                "extras": 0,
                "total": 1
              }
            }
          ]
        },
        {
          "over": 13,
          "deliveries": [
            {
              "batter": "JC Buttler",
              "bowler": "Yudhvir Singh",
              "non_striker": "Shubman Gill",
              "runs": {
                "batter": 1,
                "extras": 0,
                "total": 1
              }
            },
            {
              "batter": "Shubman Gill",
              "bowler": "Yudhvir Singh",
              "non_striker": "JC Buttler",
              "runs": {
                "batter": 0,
                "extras": 0,
                "total": 0
              }
            },
            {
              "batter": "Shubman Gill",
              "bowler": "Yudhvir Singh",
              "non_striker": "JC Buttler",
              "runs": {
                "batter": 6,
                "extras": 0,
                "total": 6
              }
            },
            {
              "batter": "Shubman Gill",
              "bowler": "Yudhvir Singh",
              "non_striker": "JC Buttler",
              "runs": {
                "batter": 2,
                "extras": 0,
                "total": 2
              }
            },
            {
              "batter": "Shubman Gill",
              "bowler": "Yudhvir Singh",
              "non_striker": "JC Buttler",
              "runs": {
                "batter": 0,
                "extras": 0,
                "total": 0
              }
            },
            {
              "batter": "Shubman Gill",
              "bowler": "Yudhvir Singh",
              "non_striker": "JC Buttler",
              "runs": {
                "batter": 6,
                "extras": 0,
                "total": 6
              }
            }
          ]
        },
        {
          "over": 14,
          "deliveries": [
            {
              "batter": "JC Buttler",
              "bowler": "PWH de Silva",
              "non_striker": "Shubman Gill",
              "runs": {
                "batter": 0,
                "extras": 0,
                "total": 0
              }
            },
            {
              "batter": "JC Buttler",
              "bowler": "PWH de Silva",
              "extras": {
                "wides": 1
              },
              "non_striker": "Shubman Gill",
              "runs": {
                "batter": 0,
                "extras": 1,
                "total": 1
              }
            },
            {
              "batter": "JC Buttler",
              "bowler": "PWH de Silva",
              "non_striker": "Shubman Gill",
              "runs": {
                "batter": 6,
                "extras": 0,
                "total": 6
              }
            },
            {
              "batter": "JC Buttler",
              "bowler": "PWH de Silva",
              "non_striker": "Shubman Gill",
              "runs": {
                "batter": 6,
                "extras": 0,
                "total": 6
              }
            },
            {
              "batter": "JC Buttler",
              "bowler": "PWH de Silva",
              "non_striker": "Shubman Gill",
              "runs": {
                "batter": 4,
                "extras": 0,
                "total": 4
              }
            },
            {
              "batter": "JC Buttler",
              "bowler": "PWH de Silva",
              "non_striker": "Shubman Gill",
              "runs": {
                "batter": 6,
                "extras": 0,
                "total": 6
              }
            },
            {
              "batter": "JC Buttler",
              "bowler": "PWH de Silva",
              "non_striker": "Shubman Gill",
              "runs": {
                "batter": 1,
                "extras": 0,
                "total": 1
              }
            }
          ]
        },
        {
          "over": 15,
          "deliveries": [
            {
              "batter": "JC Buttler",
              "bowler": "Sandeep Sharma",
              "non_striker": "Shubman Gill",
              "runs": {
                "batter": 1,
                "extras": 0,
                "total": 1
              }
            },
            {
              "batter": "Shubman Gill",
              "bowler": "Sandeep Sharma",
              "non_striker": "JC Buttler",
              "runs": {
                "batter": 1,
                "extras": 0,
                "total": 1
              }
            },
            {
              "batter": "JC Buttler",
              "bowler": "Sandeep Sharma",
              "non_striker": "Shubman Gill",
              "runs": {
                "batter": 1,
                "extras": 0,
                "total": 1
              }
            },
            {
              "batter": "Shubman Gill",
              "bowler": "Sandeep Sharma",
              "extras": {
                "wides": 1
              },
              "non_striker": "JC Buttler",
              "runs": {
                "batter": 0,
                "extras": 1,
                "total": 1
              }
            },
            {
              "batter": "Shubman Gill",
              "bowler": "Sandeep Sharma",
              "non_striker": "JC Buttler",
              "runs": {
                "batter": 1,
                "extras": 0,
                "total": 1
              }
            },
            {
              "batter": "JC Buttler",
              "bowler": "Sandeep Sharma",
              "non_striker": "Shubman Gill",
              "runs": {
                "batter": 4,
                "extras": 0,
                "total": 4
              }
            },
            {
              "batter": "JC Buttler",
              "bowler": "Sandeep Sharma",
              "non_striker": "Shubman Gill",
              "runs": {
                "batter": 0,
                "extras": 0,
                "total": 0
              }
            }
          ]
        },
        {
          "over": 16,
          "deliveries": [
            {
              "batter": "Shubman Gill",
              "bowler": "M Theekshana",
              "extras": {
                "wides": 1
              },
              "non_striker": "JC Buttler",
              "runs": {
                "batter": 0,
                "extras": 1,
                "total": 1
              }
            },
            {
              "batter": "Shubman Gill",
              "bowler": "M Theekshana",
              "extras": {
                "wides": 1
              },
              "non_striker": "JC Buttler",
              "runs": {
                "batter": 0,
                "extras": 1,
                "total": 1
              }
            },
            {
              "batter": "Shubman Gill",
              "bowler": "M Theekshana",
              "non_striker": "JC Buttler",
              "runs": {
                "batter": 4,
                "extras": 0,
                "total": 4
              }
            },
            {
              "batter": "Shubman Gill",
              "bowler": "M Theekshana",
              "extras": {
                "wides": 1
              },
              "non_striker": "JC Buttler",
              "runs": {
                "batter": 0,
                "extras": 1,
                "total": 1
              }
            },
            {
              "batter": "Shubman Gill",
              "bowler": "M Theekshana",
              "non_striker": "JC Buttler",
              "runs": {
                "batter": 1,
                "extras": 0,
                "total": 1
              }
            },
            {
              "batter": "JC Buttler",
              "bowler": "M Theekshana",
              "non_striker": "Shubman Gill",
              "runs": {
                "batter": 1,
                "extras": 0,
                "total": 1
              }
            },
            {
              "batter": "Shubman Gill",
              "bowler": "M Theekshana",
              "non_striker": "JC Buttler",
              "runs": {
                "batter": 0,
                "extras": 0,
                "total": 0
              },
              "wickets": [
                {
                  "player_out": "Shubman Gill",
                  "fielders": [
                    {
                      "name": "R Parag"
                    }
                  ],
                  "kind": "caught"
                }
              ]
            },
            {
              "batter": "Washington Sundar",
              "bowler": "M Theekshana",
              "non_striker": "JC Buttler",
              "runs": {
                "batter": 1,
                "extras": 0,
                "total": 1
              }
            },
            {
              "batter": "JC Buttler",
              "bowler": "M Theekshana",
              "non_striker": "Washington Sundar",
              "runs": {
                "batter": 0,
                "extras": 0,
                "total": 0
              }
            }
          ]
        },
        {
          "over": 17,
          "deliveries": [
            {
              "batter": "Washington Sundar",
              "bowler": "JC Archer",
              "non_striker": "JC Buttler",
              "runs": {
                "batter": 1,
                "extras": 0,
                "total": 1
              }
            },
            {
              "batter": "JC Buttler",
              "bowler": "JC Archer",
              "non_striker": "Washington Sundar",
              "runs": {
                "batter": 6,
                "extras": 0,
                "total": 6
              }
            },
            {
              "batter": "JC Buttler",
              "bowler": "JC Archer",
              "non_striker": "Washington Sundar",
              "runs": {
                "batter": 1,
                "extras": 0,
                "total": 1
              }
            },
            {
              "batter": "Washington Sundar",
              "bowler": "JC Archer",
              "non_striker": "JC Buttler",
              "runs": {
                "batter": 6,
                "extras": 0,
                "total": 6
              }
            },
            {
              "batter": "Washington Sundar",
              "bowler": "JC Archer",
              "non_striker": "JC Buttler",
              "runs": {
                "batter": 1,
                "extras": 0,
                "total": 1
              }
            },
            {
              "batter": "JC Buttler",
              "bowler": "JC Archer",
              "non_striker": "Washington Sundar",
              "runs": {
                "batter": 4,
                "extras": 0,
                "total": 4
              }
            }
          ]
        },
        {
          "over": 18,
          "deliveries": [
            {
              "batter": "Washington Sundar",
              "bowler": "Sandeep Sharma",
              "extras": {
                "wides": 1
              },
              "non_striker": "JC Buttler",
              "runs": {
                "batter": 0,
                "extras": 1,
                "total": 1
              }
            },
            {
              "batter": "Washington Sundar",
              "bowler": "Sandeep Sharma",
              "non_striker": "JC Buttler",
              "runs": {
                "batter": 2,
                "extras": 0,
                "total": 2
              }
            },
            {
              "batter": "Washington Sundar",
              "bowler": "Sandeep Sharma",
              "extras": {
                "wides": 1
              },
              "non_striker": "JC Buttler",
              "runs": {
                "batter": 0,
                "extras": 1,
                "total": 1
              }
            },
            {
              "batter": "Washington Sundar",
              "bowler": "Sandeep Sharma",
              "non_striker": "JC Buttler",
              "runs": {
                "batter": 2,
                "extras": 0,
                "total": 2
              }
            },
            {
              "batter": "Washington Sundar",
              "bowler": "Sandeep Sharma",
              "non_striker": "JC Buttler",
              "runs": {
                "batter": 0,
                "extras": 0,
                "total": 0
              }
            },
            {
              "batter": "Washington Sundar",
              "bowler": "Sandeep Sharma",
              "non_striker": "JC Buttler",
              "runs": {
                "batter": 0,
                "extras": 0,
                "total": 0
              },
              "wickets": [
                {
                  "player_out": "Washington Sundar",
                  "fielders": [
                    {
                      "name": "SO Hetmyer"
                    }
                  ],
                  "kind": "caught"
                }
              ]
            },
            {
              "batter": "R Tewatia",
              "bowler": "Sandeep Sharma",
              "non_striker": "JC Buttler",
              "runs": {
                "batter": 2,
                "extras": 0,
                "total": 2
              }
            },
            {
              "batter": "R Tewatia",
              "bowler": "Sandeep Sharma",
              "non_striker": "JC Buttler",
              "runs": {
                "batter": 1,
                "extras": 0,
                "total": 1
              }
            }
          ]
        },
        {
          "over": 19,
          "deliveries": [
            {
              "batter": "R Tewatia",
              "bowler": "JC Archer",
              "non_striker": "JC Buttler",
              "runs": {
                "batter": 6,
                "extras": 0,
                "total": 6
              }
            },
            {
              "batter": "R Tewatia",
              "bowler": "JC Archer",
              "non_striker": "JC Buttler",
              "review": {
                "by": "Gujarat Titans",
                "umpire": "VK Sharma",
                "batter": "R Tewatia",
                "decision": "struck down",
                "type": "wicket"
              },
              "runs": {
                "batter": 0,
                "extras": 0,
                "total": 0
              },
              "wickets": [
                {
                  "player_out": "R Tewatia",
                  "kind": "lbw"
                }
              ]
            },
            {
              "batter": "M Shahrukh Khan",
              "bowler": "JC Archer",
              "non_striker": "JC Buttler",
              "runs": {
                "batter": 4,
                "extras": 0,
                "total": 4
              }
            },
            {
              "batter": "M Shahrukh Khan",
              "bowler": "JC Archer",
              "non_striker": "JC Buttler",
              "runs": {
                "batter": 1,
                "extras": 0,
                "total": 1
              }
            },
            {
              "batter": "JC Buttler",
              "bowler": "JC Archer",
              "non_striker": "M Shahrukh Khan",
              "runs": {
                "batter": 0,
                "extras": 0,
                "total": 0
              }
            },
            {
              "batter": "JC Buttler",
              "bowler": "JC Archer",
              "non_striker": "M Shahrukh Khan",
              "runs": {
                "batter": 2,
                "extras": 0,
                "total": 2
              }
            }
          ]
        }
      ],
      "powerplays": [
        {
          "from": 0.1,
          "to": 5.7,
          "type": "mandatory"
        }
      ]
    },
    {
      "team": "Rajasthan Royals",
      "overs": [
        {
          "over": 0,
          "deliveries": [
            {
              "batter": "YBK Jaiswal",
              "bowler": "Mohammed Siraj",
              "non_striker": "V Suryavanshi",
              "replacements": {
                "match": [
                  {
                    "in": "I Sharma",
                    "out": "Shubman Gill",
                    "team": "Gujarat Titans",
                    "reason": "impact_player"
                  }
                ]
              },
              "runs": {
                "batter": 1,
                "extras": 0,
                "total": 1
              }
            },
            {
              "batter": "V Suryavanshi",
              "bowler": "Mohammed Siraj",
              "extras": {
                "wides": 1
              },
              "non_striker": "YBK Jaiswal",
              "runs": {
                "batter": 0,
                "extras": 1,
                "total": 1
              }
            },
            {
              "batter": "V Suryavanshi",
              "bowler": "Mohammed Siraj",
              "extras": {
                "wides": 1
              },
              "non_striker": "YBK Jaiswal",
              "runs": {
                "batter": 0,
                "extras": 1,
                "total": 1
              }
            },
            {
              "batter": "V Suryavanshi",
              "bowler": "Mohammed Siraj",
              "non_striker": "YBK Jaiswal",
              "runs": {
                "batter": 0,
                "extras": 0,
                "total": 0
              }
            },
            {
              "batter": "V Suryavanshi",
              "bowler": "Mohammed Siraj",
              "non_striker": "YBK Jaiswal",
              "runs": {
                "batter": 6,
                "extras": 0,
                "total": 6
              }
            },
            {
              "batter": "V Suryavanshi",
              "bowler": "Mohammed Siraj",
              "non_striker": "YBK Jaiswal",
              "runs": {
                "batter": 1,
                "extras": 0,
                "total": 1
              }
            },
            {
              "batter": "YBK Jaiswal",
              "bowler": "Mohammed Siraj",
              "non_striker": "V Suryavanshi",
              "runs": {
                "batter": 1,
                "extras": 0,
                "total": 1
              }
            },
            {
              "batter": "V Suryavanshi",
              "bowler": "Mohammed Siraj",
              "non_striker": "YBK Jaiswal",
              "runs": {
                "batter": 0,
                "extras": 0,
                "total": 0
              }
            }
          ]
        },
        {
          "over": 1,
          "deliveries": [
            {
              "batter": "YBK Jaiswal",
              "bowler": "I Sharma",
              "non_striker": "V Suryavanshi",
              "runs": {
                "batter": 1,
                "extras": 0,
                "total": 1
              }
            },
            {
              "batter": "V Suryavanshi",
              "bowler": "I Sharma",
              "non_striker": "YBK Jaiswal",
              "runs": {
                "batter": 1,
                "extras": 0,
                "total": 1
              }
            },
            {
              "batter": "YBK Jaiswal",
              "bowler": "I Sharma",
              "non_striker": "V Suryavanshi",
              "runs": {
                "batter": 0,
                "extras": 0,
                "total": 0
              }
            },
            {
              "batter": "YBK Jaiswal",
              "bowler": "I Sharma",
              "non_striker": "V Suryavanshi",
              "runs": {
                "batter": 0,
                "extras": 0,
                "total": 0
              }
            },
            {
              "batter": "YBK Jaiswal",
              "bowler": "I Sharma",
              "non_striker": "V Suryavanshi",
              "runs": {
                "batter": 0,
                "extras": 0,
                "total": 0
              }
            },
            {
              "batter": "YBK Jaiswal",
              "bowler": "I Sharma",
              "non_striker": "V Suryavanshi",
              "runs": {
                "batter": 6,
                "extras": 0,
                "total": 6
              }
            }
          ]
        },
        {
          "over": 2,
          "deliveries": [
            {
              "batter": "V Suryavanshi",
              "bowler": "Mohammed Siraj",
              "non_striker": "YBK Jaiswal",
              "runs": {
                "batter": 0,
                "extras": 0,
                "total": 0
              }
            },
            {
              "batter": "V Suryavanshi",
              "bowler": "Mohammed Siraj",
              "non_striker": "YBK Jaiswal",
              "runs": {
                "batter": 1,
                "extras": 0,
                "total": 1
              }
            },
            {
              "batter": "YBK Jaiswal",
              "bowler": "Mohammed Siraj",
              "non_striker": "V Suryavanshi",
              "runs": {
                "batter": 4,
                "extras": 0,
                "total": 4
              }
            },
            {
              "batter": "YBK Jaiswal",
              "bowler": "Mohammed Siraj",
              "non_striker": "V Suryavanshi",
              "runs": {
                "batter": 4,
                "extras": 0,
                "total": 4
              }
            },
            {
              "batter": "YBK Jaiswal",
              "bowler": "Mohammed Siraj",
              "non_striker": "V Suryavanshi",
              "runs": {
                "batter": 0,
                "extras": 0,
                "total": 0
              }
            },
            {
              "batter": "YBK Jaiswal",
              "bowler": "Mohammed Siraj",
              "non_striker": "V Suryavanshi",
              "runs": {
                "batter": 4,
                "extras": 0,
                "total": 4
              }
            }
          ]
        },
        {
          "over": 3,
          "deliveries": [
            {
              "batter": "V Suryavanshi",
              "bowler": "I Sharma",
              "non_striker": "YBK Jaiswal",
              "runs": {
                "batter": 6,
                "extras": 0,
                "total": 6
              }
            },
            {
              "batter": "V Suryavanshi",
              "bowler": "I Sharma",
              "non_striker": "YBK Jaiswal",
              "runs": {
                "batter": 6,
                "extras": 0,
                "total": 6
              }
            },
            {
              "batter": "V Suryavanshi",
              "bowler": "I Sharma",
              "non_striker": "YBK Jaiswal",
              "runs": {
                "batter": 4,
                "extras": 0,
                "total": 4
              }
            },
            {
              "batter": "V Suryavanshi",
              "bowler": "I Sharma",
              "non_striker": "YBK Jaiswal",
              "runs": {
                "batter": 0,
                "extras": 0,
                "total": 0
              }
            },
            {
              "batter": "V Suryavanshi",
              "bowler": "I Sharma",
              "non_striker": "YBK Jaiswal",
              "runs": {
                "batter": 6,
                "extras": 0,
                "total": 6
              }
            },
            {
              "batter": "V Suryavanshi",
              "bowler": "I Sharma",
              "extras": {
                "wides": 1
              },
              "non_striker": "YBK Jaiswal",
              "runs": {
                "batter": 0,
                "extras": 1,
                "total": 1
              }
            },
            {
              "batter": "V Suryavanshi",
              "bowler": "I Sharma",
              "extras": {
                "wides": 1
              },
              "non_striker": "YBK Jaiswal",
              "runs": {
                "batter": 0,
                "extras": 1,
                "total": 1
              }
            },
            {
              "batter": "V Suryavanshi",
              "bowler": "I Sharma",
              "non_striker": "YBK Jaiswal",
              "runs": {
                "batter": 4,
                "extras": 0,
                "total": 4
              }
            }
          ]
        },
        {
          "over": 4,
          "deliveries": [
            {
              "batter": "YBK Jaiswal",
              "bowler": "Washington Sundar",
              "non_striker": "V Suryavanshi",
              "runs": {
                "batter": 4,
                "extras": 0,
                "total": 4
              }
            },
            {
              "batter": "YBK Jaiswal",
              "bowler": "Washington Sundar",
              "non_striker": "V Suryavanshi",
              "runs": {
                "batter": 1,
                "extras": 0,
                "total": 1
              }
            },
            {
              "batter": "V Suryavanshi",
              "bowler": "Washington Sundar",
              "non_striker": "YBK Jaiswal",
              "runs": {
                "batter": 6,
                "extras": 0,
                "total": 6
              }
            },
            {
              "batter": "V Suryavanshi",
              "bowler": "Washington Sundar",
              "non_striker": "YBK Jaiswal",
              "runs": {
                "batter": 0,
                "extras": 0,
                "total": 0
              }
            },
            {
              "batter": "V Suryavanshi",
              "bowler": "Washington Sundar",
              "non_striker": "YBK Jaiswal",
              "runs": {
                "batter": 6,
                "extras": 0,
                "total": 6
              }
            },
            {
              "batter": "V Suryavanshi",
              "bowler": "Washington Sundar",
              "non_striker": "YBK Jaiswal",
              "runs": {
                "batter": 4,
                "extras": 0,
                "total": 4
              }
            }
          ]
        },
        {
          "over": 5,
          "deliveries": [
            {
              "batter": "YBK Jaiswal",
              "bowler": "M Prasidh Krishna",
              "non_striker": "V Suryavanshi",
              "runs": {
                "batter": 1,
                "extras": 0,
                "total": 1
              }
            },
            {
              "batter": "V Suryavanshi",
              "bowler": "M Prasidh Krishna",
              "non_striker": "YBK Jaiswal",
              "runs": {
                "batter": 0,
                "extras": 0,
                "total": 0
              }
            },
            {
              "batter": "V Suryavanshi",
              "bowler": "M Prasidh Krishna",
              "non_striker": "YBK Jaiswal",
              "runs": {
                "batter": 0,
                "extras": 0,
                "total": 0
              }
            },
            {
              "batter": "V Suryavanshi",
              "bowler": "M Prasidh Krishna",
              "non_striker": "YBK Jaiswal",
              "runs": {
                "batter": 1,
                "extras": 0,
                "total": 1
              }
            },
            {
              "batter": "YBK Jaiswal",
              "bowler": "M Prasidh Krishna",
              "non_striker": "V Suryavanshi",
              "runs": {
                "batter": 4,
                "extras": 0,
                "total": 4
              }
            },
            {
              "batter": "YBK Jaiswal",
              "bowler": "M Prasidh Krishna",
              "non_striker": "V Suryavanshi",
              "runs": {
                "batter": 0,
                "extras": 0,
                "total": 0
              }
            }
          ]
        },
        {
          "over": 6,
          "deliveries": [
            {
              "batter": "V Suryavanshi",
              "bowler": "Rashid Khan",
              "non_striker": "YBK Jaiswal",
              "review": {
                "by": "Gujarat Titans",
                "umpire": "VK Sharma",
                "batter": "V Suryavanshi",
                "decision": "struck down",
                "type": "wicket"
              },
              "runs": {
                "batter": 0,
                "extras": 0,
                "total": 0
              }
            },
            {
              "batter": "V Suryavanshi",
              "bowler": "Rashid Khan",
              "extras": {
                "legbyes": 1
              },
              "non_striker": "YBK Jaiswal",
              "runs": {
                "batter": 0,
                "extras": 1,
                "total": 1
              }
            },
            {
              "batter": "YBK Jaiswal",
              "bowler": "Rashid Khan",
              "non_striker": "V Suryavanshi",
              "runs": {
                "batter": 1,
                "extras": 0,
                "total": 1
              }
            },
            {
              "batter": "V Suryavanshi",
              "bowler": "Rashid Khan",
              "non_striker": "YBK Jaiswal",
              "runs": {
                "batter": 1,
                "extras": 0,
                "total": 1
              }
            },
            {
              "batter": "YBK Jaiswal",
              "bowler": "Rashid Khan",
              "non_striker": "V Suryavanshi",
              "runs": {
                "batter": 1,
                "extras": 0,
                "total": 1
              }
            },
            {
              "batter": "V Suryavanshi",
              "bowler": "Rashid Khan",
              "non_striker": "YBK Jaiswal",
              "runs": {
                "batter": 0,
                "extras": 0,
                "total": 0
              }
            }
          ]
        },
        {
          "over": 7,
          "deliveries": [
            {
              "batter": "YBK Jaiswal",
              "bowler": "M Prasidh Krishna",
              "non_striker": "V Suryavanshi",
              "runs": {
                "batter": 0,
                "extras": 0,
                "total": 0
              }
            },
            {
              "batter": "YBK Jaiswal",
              "bowler": "M Prasidh Krishna",
              "non_striker": "V Suryavanshi",
              "runs": {
                "batter": 4,
                "extras": 0,
                "total": 4
              }
            },
            {
              "batter": "YBK Jaiswal",
              "bowler": "M Prasidh Krishna",
              "non_striker": "V Suryavanshi",
              "runs": {
                "batter": 4,
                "extras": 0,
                "total": 4
              }
            },
            {
              "batter": "YBK Jaiswal",
              "bowler": "M Prasidh Krishna",
              "non_striker": "V Suryavanshi",
              "runs": {
                "batter": 2,
                "extras": 0,
                "total": 2
              }
            },
            {
              "batter": "YBK Jaiswal",
              "bowler": "M Prasidh Krishna",
              "non_striker": "V Suryavanshi",
              "runs": {
                "batter": 1,
                "extras": 0,
                "total": 1
              }
            },
            {
              "batter": "V Suryavanshi",
              "bowler": "M Prasidh Krishna",
              "non_striker": "YBK Jaiswal",
              "runs": {
                "batter": 6,
                "extras": 0,
                "total": 6
              }
            }
          ]
        },
        {
          "over": 8,
          "deliveries": [
            {
              "batter": "YBK Jaiswal",
              "bowler": "Rashid Khan",
              "non_striker": "V Suryavanshi",
              "runs": {
                "batter": 1,
                "extras": 0,
                "total": 1
              }
            },
            {
              "batter": "V Suryavanshi",
              "bowler": "Rashid Khan",
              "non_striker": "YBK Jaiswal",
              "runs": {
                "batter": 0,
                "extras": 0,
                "total": 0
              }
            },
            {
              "batter": "V Suryavanshi",
              "bowler": "Rashid Khan",
              "non_striker": "YBK Jaiswal",
              "runs": {
                "batter": 4,
                "extras": 0,
                "total": 4
              }
            },
            {
              "batter": "V Suryavanshi",
              "bowler": "Rashid Khan",
              "non_striker": "YBK Jaiswal",
              "runs": {
                "batter": 1,
                "extras": 0,
                "total": 1
              }
            },
            {
              "batter": "YBK Jaiswal",
              "bowler": "Rashid Khan",
              "non_striker": "V Suryavanshi",
              "runs": {
                "batter": 0,
                "extras": 0,
                "total": 0
              }
            },
            {
              "batter": "YBK Jaiswal",
              "bowler": "Rashid Khan",
              "non_striker": "V Suryavanshi",
              "runs": {
                "batter": 0,
                "extras": 0,
                "total": 0
              }
            }
          ]
        },
        {
          "over": 9,
          "deliveries": [
            {
              "batter": "V Suryavanshi",
              "bowler": "Karim Janat",
              "non_striker": "YBK Jaiswal",
              "runs": {
                "batter": 6,
                "extras": 0,
                "total": 6
              }
            },
            {
              "batter": "V Suryavanshi",
              "bowler": "Karim Janat",
              "non_striker": "YBK Jaiswal",
              "runs": {
                "batter": 4,
                "extras": 0,
                "total": 4
              }
            },
            {
              "batter": "V Suryavanshi",
              "bowler": "Karim Janat",
              "non_striker": "YBK Jaiswal",
              "runs": {
                "batter": 6,
                "extras": 0,
                "total": 6
              }
            },
            {
              "batter": "V Suryavanshi",
              "bowler": "Karim Janat",
              "non_striker": "YBK Jaiswal",
              "runs": {
                "batter": 4,
                "extras": 0,
                "total": 4
              }
            },
            {
              "batter": "V Suryavanshi",
              "bowler": "Karim Janat",
              "non_striker": "YBK Jaiswal",
              "runs": {
                "batter": 4,
                "extras": 0,
                "total": 4
              }
            },
            {
              "batter": "V Suryavanshi",
              "bowler": "Karim Janat",
              "non_striker": "YBK Jaiswal",
              "runs": {
                "batter": 6,
                "extras": 0,
                "total": 6
              }
            }
          ]
        },
        {
          "over": 10,
          "deliveries": [
            {
              "batter": "YBK Jaiswal",
              "bowler": "Rashid Khan",
              "non_striker": "V Suryavanshi",
              "runs": {
                "batter": 1,
                "extras": 0,
                "total": 1
              }
            },
            {
              "batter": "V Suryavanshi",
              "bowler": "Rashid Khan",
              "non_striker": "YBK Jaiswal",
              "runs": {
                "batter": 6,
                "extras": 0,
                "total": 6
              }
            },
            {
              "batter": "V Suryavanshi",
              "bowler": "Rashid Khan",
              "non_striker": "YBK Jaiswal",
              "runs": {
                "batter": 1,
                "extras": 0,
                "total": 1
              }
            },
            {
              "batter": "YBK Jaiswal",
              "bowler": "Rashid Khan",
              "non_striker": "V Suryavanshi",
              "runs": {
                "batter": 0,
                "extras": 0,
                "total": 0
              }
            },
            {
              "batter": "YBK Jaiswal",
              "bowler": "Rashid Khan",
              "non_striker": "V Suryavanshi",
              "runs": {
                "batter": 2,
                "extras": 0,
                "total": 2
              }
            },
            {
              "batter": "YBK Jaiswal",
              "bowler": "Rashid Khan",
              "non_striker": "V Suryavanshi",
              "runs": {
                "batter": 1,
                "extras": 0,
                "total": 1
              }
            }
          ]
        },
        {
          "over": 11,
          "deliveries": [
            {
              "batter": "YBK Jaiswal",
              "bowler": "M Prasidh Krishna",
              "non_striker": "V Suryavanshi",
              "runs": {
                "batter": 4,
                "extras": 0,
                "total": 4
              }
            },
            {
              "batter": "YBK Jaiswal",
              "bowler": "M Prasidh Krishna",
              "non_striker": "V Suryavanshi",
              "runs": {
                "batter": 6,
                "extras": 0,
                "total": 6
              }
            },
            {
              "batter": "YBK Jaiswal",
              "bowler": "M Prasidh Krishna",
              "non_striker": "V Suryavanshi",
              "runs": {
                "batter": 1,
                "extras": 0,
                "total": 1
              }
            },
            {
              "batter": "V Suryavanshi",
              "bowler": "M Prasidh Krishna",
              "non_striker": "YBK Jaiswal",
              "runs": {
                "batter": 0,
                "extras": 0,
                "total": 0
              }
            },
            {
              "batter": "V Suryavanshi",
              "bowler": "M Prasidh Krishna",
              "non_striker": "YBK Jaiswal",
              "runs": {
                "batter": 0,
                "extras": 0,
                "total": 0
              },
              "wickets": [
                {
                  "player_out": "V Suryavanshi",
                  "kind": "bowled"
                }
              ]
            },
            {
              "batter": "N Rana",
              "bowler": "M Prasidh Krishna",
              "non_striker": "YBK Jaiswal",
              "runs": {
                "batter": 4,
                "extras": 0,
                "total": 4
              }
            }
          ]
        },
        {
          "over": 12,
          "deliveries": [
            {
              "batter": "YBK Jaiswal",
              "bowler": "Rashid Khan",
              "non_striker": "N Rana",
              "runs": {
                "batter": 0,
                "extras": 0,
                "total": 0
              }
            },
            {
              "batter": "YBK Jaiswal",
              "bowler": "Rashid Khan",
              "non_striker": "N Rana",
              "runs": {
                "batter": 1,
                "extras": 0,
                "total": 1
              }
            },
            {
              "batter": "N Rana",
              "bowler": "Rashid Khan",
              "non_striker": "YBK Jaiswal",
              "review": {
                "by": "Rajasthan Royals",
                "umpire": "VK Sharma",
                "batter": "N Rana",
                "decision": "struck down",
                "type": "wicket"
              },
              "runs": {
                "batter": 0,
                "extras": 0,
                "total": 0
              },
              "wickets": [
                {
                  "player_out": "N Rana",
                  "kind": "lbw"
                }
              ]
            },
            {
              "batter": "R Parag",
              "bowler": "Rashid Khan",
              "non_striker": "YBK Jaiswal",
              "runs": {
                "batter": 2,
                "extras": 0,
                "total": 2
              }
            },
            {
              "batter": "R Parag",
              "bowler": "Rashid Khan",
              "non_striker": "YBK Jaiswal",
              "runs": {
                "batter": 1,
                "extras": 0,
                "total": 1
              }
            },
            {
              "batter": "YBK Jaiswal",
              "bowler": "Rashid Khan",
              "non_striker": "R Parag",
              "runs": {
                "batter": 0,
                "extras": 0,
                "total": 0
              }
            }
          ]
        },
        {
          "over": 13,
          "deliveries": [
            {
              "batter": "R Parag",
              "bowler": "M Prasidh Krishna",
              "non_striker": "YBK Jaiswal",
              "runs": {
                "batter": 2,
                "extras": 0,
                "total": 2
              }
            },
            {
              "batter": "R Parag",
              "bowler": "M Prasidh Krishna",
              "non_striker": "YBK Jaiswal",
              "runs": {
                "batter": 2,
                "extras": 0,
                "total": 2
              }
            },
            {
              "batter": "R Parag",
              "bowler": "M Prasidh Krishna",
              "non_striker": "YBK Jaiswal",
              "runs": {
                "batter": 0,
                "extras": 0,
                "total": 0
              }
            },
            {
              "batter": "R Parag",
              "bowler": "M Prasidh Krishna",
              "non_striker": "YBK Jaiswal",
              "runs": {
                "batter": 1,
                "extras": 0,
                "total": 1
              }
            },
            {
              "batter": "YBK Jaiswal",
              "bowler": "M Prasidh Krishna",
              "non_striker": "R Parag",
              "runs": {
                "batter": 3,
                "extras": 0,
                "total": 3
              }
            },
            {
              "batter": "R Parag",
              "bowler": "M Prasidh Krishna",
              "non_striker": "YBK Jaiswal",
              "runs": {
                "batter": 1,
                "extras": 0,
                "total": 1
              }
            }
          ]
        },
        {
          "over": 14,
          "deliveries": [
            {
              "batter": "R Parag",
              "bowler": "R Sai Kishore",
              "non_striker": "YBK Jaiswal",
              "runs": {
                "batter": 4,
                "extras": 0,
                "total": 4
              }
            },
            {
              "batter": "R Parag",
              "bowler": "R Sai Kishore",
              "non_striker": "YBK Jaiswal",
              "runs": {
                "batter": 0,
                "extras": 0,
                "total": 0
              }
            },
            {
              "batter": "R Parag",
              "bowler": "R Sai Kishore",
              "non_striker": "YBK Jaiswal",
              "runs": {
                "batter": 6,
                "extras": 0,
                "total": 6
              }
            },
            {
              "batter": "R Parag",
              "bowler": "R Sai Kishore",
              "non_striker": "YBK Jaiswal",
              "runs": {
                "batter": 2,
                "extras": 0,
                "total": 2
              }
            },
            {
              "batter": "R Parag",
              "bowler": "R Sai Kishore",
              "non_striker": "YBK Jaiswal",
              "runs": {
                "batter": 0,
                "extras": 0,
                "total": 0
              }
            },
            {
              "batter": "R Parag",
              "bowler": "R Sai Kishore",
              "non_striker": "YBK Jaiswal",
              "runs": {
                "batter": 4,
                "extras": 0,
                "total": 4
              }
            }
          ]
        },
        {
          "over": 15,
          "deliveries": [
            {
              "batter": "YBK Jaiswal",
              "bowler": "Washington Sundar",
              "non_striker": "R Parag",
              "runs": {
                "batter": 1,
                "extras": 0,
                "total": 1
              }
            },
            {
              "batter": "R Parag",
              "bowler": "Washington Sundar",
              "non_striker": "YBK Jaiswal",
              "runs": {
                "batter": 1,
                "extras": 0,
                "total": 1
              }
            },
            {
              "batter": "YBK Jaiswal",
              "bowler": "Washington Sundar",
              "non_striker": "R Parag",
              "runs": {
                "batter": 4,
                "extras": 0,
                "total": 4
              }
            },
            {
              "batter": "YBK Jaiswal",
              "bowler": "Washington Sundar",
              "non_striker": "R Parag",
              "runs": {
                "batter": 1,
                "extras": 0,
                "total": 1
              }
            },
            {
              "batter": "R Parag",
              "bowler": "Washington Sundar",
              "non_striker": "YBK Jaiswal",
              "runs": {
                "batter": 6,
                "extras": 0,
                "total": 6
              }
            }
          ]
        }
      ],
      "powerplays": [
        {
          "from": 0.1,
          "to": 5.6,
          "type": "mandatory"
        }
      ],
      "target": {
        "overs": 20,
        "runs": 210
      }
    }
  ]
}