{
  "meta": {
    "data_version": "1.1.0",
    "created": "2025-04-24",
    "revision": 1
  },
  "info": {
    "balls_per_over": 6,
    "city": "Bengaluru",
    "dates": [
      "2025-04-18"
    ],
    "event": {
      "name": "Indian Premier League",
      "match_number": 34
    },
    "gender": "male",
    "match_type": "T20",
    "officials": {
      "match_referees": [
        "V Narayan Kutty"
      ],
      "reserve_umpires": [
        "K Swaroopanand"
      ],
      "tv_umpires": [
        "MA Gough"
      ],
      "umpires": [
        "UV Gandhe",
        "VK Sharma"
      ]
    },
    "outcome": {
      "winner": "Punjab Kings",
      "by": {
        "wickets": 5
      }
    },
    "overs": 20,
    "player_of_match": [
      "TH David"
    ],
    "players": {
      "Royal Challengers Bengaluru": [
        "PD Salt",
        "V Kohli",
        "RM Patidar",
        "LS Livingstone",
        "JM Sharma",
        "KH Pandya",
        "TH David",
        "MS Bhandage",
        "B Kumar",
        "Yash Dayal",
        "JR Hazlewood",
        "Suyash Sharma"
      ],
      "Punjab Kings": [
        "YS Chahal",
        "Priyansh Arya",
        "P Simran Singh",
        "SS Iyer",
        "JP Inglis",
        "N Wadhera",
        "Shashank Singh",
        "MP Stoinis",
        "Harpreet Brar",
        "M Jansen",
        "XC Bartlett",
        "Arshdeep Singh"
      ]
    },
    "registry": {
      "people": {
        "Arshdeep Singh": "244048f6",
        "B Kumar": "2e81a32d",
        "Harpreet Brar": "c05edf8e",
        "JM Sharma": "800d2d97",
        "JP Inglis": "989889ff",
        "JR Hazlewood": "03806cf8",
        "K Swaroopanand": "aa2a4962",
        "KH Pandya": "5b8c830e",
        "LS Livingstone": "50c6bc2b",
        "M Jansen": "81c36ee9",
        "MA Gough": "76752ac8",
        "MP Stoinis": "d9273ee7",
        "MS Bhandage": "e96801ea",
        "N Wadhera": "d1a60072",
        "P Simran Singh": "9418198b",
        "PD Salt": "3d284ca3",
        "Priyansh Arya": "b5797845",
        "RM Patidar": "c740ea83",
        "SS Iyer": "85ec8e33",
        "Shashank Singh": "26989d80",
        "Suyash Sharma": "9440ef41",
        "TH David": "f1f99156",
        "UV Gandhe": "43dd4011",
        "V Kohli": "ba607b88",
        "V Narayan Kutty": "4bacee3d",
        "VK Sharma": "a7a49df4",
        "XC Bartlett": "3b53243a",
        "YS Chahal": "57ee1fde",
        "Yash Dayal": "7210d461"
      }
    },
    "season": "2025",
    "team_type": "club",
    "teams": [
      "Royal Challengers Bengaluru",
      "Punjab Kings"
    ],
    "toss": {
      "decision": "field",
      "winner": "Punjab Kings"
    },
    "venue": "M Chinnaswamy Stadium, Bengaluru"
  },
  "innings": [
    {
      "team": "Royal Challengers Bengaluru",
      "overs": [
        {
          "over": 0,
          "deliveries": [
            {
              "batter": "PD Salt",
              "bowler": "Arshdeep Singh",
              "non_striker": "V Kohli",
              "runs": {
                "batter": 4,
                "extras": 0,
                "total": 4
              }
            },
            {
              "batter": "PD Salt",
              "bowler": "Arshdeep Singh",
              "non_striker": "V Kohli",
              "runs": {
                "batter": 0,
                "extras": 0,
                "total": 0
              }
            },
            {
              "batter": "PD Salt",
              "bowler": "Arshdeep Singh",
              "non_striker": "V Kohli",
              "runs": {
                "batter": 0,
                "extras": 0,
                "total": 0
              }
            },
            {
              "batter": "PD Salt",
              "bowler": "Arshdeep Singh",
              "non_striker": "V Kohli",
              "runs": {
                "batter": 0,
                "extras": 0,
                "total": 0
              },
              "wickets": [
                {
                  "player_out": "PD Salt",
                  "fielders": [
                    {
                      "name": "JP Inglis"
                    }
                  ],
                  "kind": "caught"
                }
              ]
            },
            {
              "batter": "RM Patidar",
              "bowler": "Arshdeep Singh",
              "non_striker": "V Kohli",
              "runs": {
                "batter": 4,
                "extras": 0,
                "total": 4
              }
            },
            {
              "batter": "RM Patidar",
              "bowler": "Arshdeep Singh",
              "non_striker": "V Kohli",
              "runs": {
                "batter": 1,
                "extras": 0,
                "total": 1
              }
            }
          ]
        },
        {
          "over": 1,
          "deliveries": [
            {
              "batter": "RM Patidar",
              "bowler": "XC Bartlett",
              "non_striker": "V Kohli",
              "runs": {
                "batter": 0,
                "extras": 0,
                "total": 0
              }
            },
            {
              "batter": "RM Patidar",
              "bowler": "XC Bartlett",
              "non_striker": "V Kohli",
              "runs": {
                "batter": 0,
                "extras": 0,
                "total": 0
              }
            },
            {
              "batter": "RM Patidar",
              "bowler": "XC Bartlett",
              "non_striker": "V Kohli",
              "runs": {
                "batter": 0,
                "extras": 0,
                "total": 0
              }
            },
            {
              "batter": "RM Patidar",
              "bowler": "XC Bartlett",
              "non_striker": "V Kohli",
              "runs": {
                "batter": 2,
                "extras": 0,
                "total": 2
              }
            },
            {
              "batter": "RM Patidar",
              "bowler": "XC Bartlett",
              "non_striker": "V Kohli",
              "runs": {
                "batter": 6,
                "extras": 0,
                "total": 6
              }
            },
            {
              "batter": "RM Patidar",
              "bowler": "XC Bartlett",
              "non_striker": "V Kohli",
              "runs": {
                "batter": 2,
                "extras": 0,
                "total": 2
              }
            }
          ]
        },
        {
          "over": 2,
          "deliveries": [
            {
              "batter": "V Kohli",
              "bowler": "Arshdeep Singh",
              "non_striker": "RM Patidar",
              "runs": {
                "batter": 0,
                "extras": 0,
                "total": 0
              }
            },
            {
              "batter": "V Kohli",
              "bowler": "Arshdeep Singh",
              "non_striker": "RM Patidar",
              "runs": {
                "batter": 1,
                "extras": 0,
                "total": 1
              }
            },
            {
              "batter": "RM Patidar",
              "bowler": "Arshdeep Singh",
              "non_striker": "V Kohli",
              "runs": {
                "batter": 1,
                "extras": 0,
                "total": 1
              }
            },
            {
              "batter": "V Kohli",
              "bowler": "Arshdeep Singh",
              "non_striker": "RM Patidar",
              "runs": {
                "batter": 0,
                "extras": 0,
                "total": 0
              },
              "wickets": [
                {
                  "player_out": "V Kohli",
                  "fielders": [
                    {
                      "name": "M Jansen"
                    }
                  ],
                  "kind": "caught"
                }
              ]
            },
            {
              "batter": "LS Livingstone",
              "bowler": "Arshdeep Singh",
              "non_striker": "RM Patidar",
              "runs": {
                "batter": 0,
                "extras": 0,
                "total": 0
              }
            },
            {
              "batter": "LS Livingstone",
              "bowler": "Arshdeep Singh",
              "non_striker": "RM Patidar",
              "runs": {
                "batter": 0,
                "extras": 0,
                "total": 0
              }
            }
          ]
        },
        {
          "over": 3,
          "deliveries": [
            {
              "batter": "RM Patidar",
              "bowler": "XC Bartlett",
              "non_striker": "LS Livingstone",
              "runs": {
                "batter": 0,
                "extras": 0,
                "total": 0
              }
            },
            {
              "batter": "RM Patidar",
              "bowler": "XC Bartlett",
              "non_striker": "LS Livingstone",
              "runs": {
                "batter": 1,
                "extras": 0,
                "total": 1
              }
            },
            {
              "batter": "LS Livingstone",
              "bowler": "XC Bartlett",
              "non_striker": "RM Patidar",
              "runs": {
                "batter": 0,
                "extras": 0,
                "total": 0
              }
            },
            {
              "batter": "LS Livingstone",
              "bowler": "XC Bartlett",
              "non_striker": "RM Patidar",
              "runs": {
                "batter": 4,
                "extras": 0,
                "total": 4
              }
            },
            {
              "batter": "LS Livingstone",
              "bowler": "XC Bartlett",
              "non_striker": "RM Patidar",
              "runs": {
                "batter": 0,
                "extras": 0,
                "total": 0
              }
            },
            {
              "batter": "LS Livingstone",
              "bowler": "XC Bartlett",
              "non_striker": "RM Patidar",
              "runs": {
                "batter": 0,
                "extras": 0,
                "total": 0
              },
              "wickets": [
                {
                  "player_out": "LS Livingstone",
                  "fielders": [
                    {
                      "name": "Priyansh Arya"
                    }
                  ],
                  "kind": "caught"
                }
              ]
            }
          ]
        },
        {
          "over": 4,
          "deliveries": [
            {
              "batter": "RM Patidar",
              "bowler": "M Jansen",
              "non_striker": "JM Sharma",
              "runs": {
                "batter": 1,
                "extras": 0,
                "total": 1
              }
            },
            {
              "batter": "JM Sharma",
              "bowler": "M Jansen",
              "non_striker": "RM Patidar",
              "runs": {
                "batter": 0,
                "extras": 0,
                "total": 0
              }
            },
            {
              "batter": "JM Sharma",
              "bowler": "M Jansen",
              "non_striker": "RM Patidar",
              "runs": {
                "batter": 1,
                "extras": 0,
                "total": 1
              }
            },
            {
              "batter": "RM Patidar",
              "bowler": "M Jansen",
              "non_striker": "JM Sharma",
              "runs": {
                "batter": 1,
                "extras": 0,
                "total": 1
              }
            },
            {
              "batter": "JM Sharma",
              "bowler": "M Jansen",
              "non_striker": "RM Patidar",
              "runs": {
                "batter": 0,
                "extras": 0,
                "total": 0
              }
            },
            {
              "batter": "JM Sharma",
              "bowler": "M Jansen",
              "non_striker": "RM Patidar",
              "runs": {
                "batter": 0,
                "extras": 0,
                "total": 0
              }
            }
          ]
        },
        {
          "over": 5,
          "deliveries": [
            {
              "batter": "RM Patidar",
              "bowler": "YS Chahal",
              "non_striker": "JM Sharma",
              "runs": {
                "batter": 1,
                "extras": 0,
                "total": 1
              }
            },
            {
              "batter": "JM Sharma",
              "bowler": "YS Chahal",
              "non_striker": "RM Patidar",
              "runs": {
                "batter": 0,
                "extras": 0,
                "total": 0
              }
            },
            {
              "batter": "JM Sharma",
              "bowler": "YS Chahal",
              "non_striker": "RM Patidar",
              "runs": {
                "batter": 1,
                "extras": 0,
                "total": 1
              }
            },
            {
              "batter": "RM Patidar",
              "bowler": "YS Chahal",
              "non_striker": "JM Sharma",
              "runs": {
                "batter": 1,
                "extras": 0,
                "total": 1
              }
            },
            {
              "batter": "JM Sharma",
              "bowler": "YS Chahal",
              "non_striker": "RM Patidar",
              "runs": {
                "batter": 0,
                "extras": 0,
                "total": 0
              },
              "wickets": [
                {
                  "player_out": "JM Sharma",
                  "fielders": [
                    {
                      "name": "N Wadhera"
                    }
                  ],
                  "kind": "caught"
                }
              ]
            },
            {
              "batter": "KH Pandya",
              "bowler": "YS Chahal",
              "non_striker": "RM Patidar",
              "runs": {
                "batter": 1,
                "extras": 0,
                "total": 1
              }
            }
          ]
        },
        {
          "over": 6,
          "deliveries": [
            {
              "batter": "KH Pandya",
              "bowler": "M Jansen",
              "non_striker": "RM Patidar",
              "review": {
                "by": "Punjab Kings",
                "umpire": "VK Sharma",
                "batter": "KH Pandya",
                "decision": "upheld",
                "type": "wicket"
              },
              "runs": {
                "batter": 0,
                "extras": 0,
                "total": 0
              },
              "wickets": [
                {
                  "player_out": "KH Pandya",
                  "kind": "caught and bowled"
                }
              ]
            },
            {
              "batter": "TH David",
              "bowler": "M Jansen",
              "non_striker": "RM Patidar",
              "runs": {
                "batter": 4,
                "extras": 0,
                "total": 4
              }
            },
            {
              "batter": "TH David",
              "bowler": "M Jansen",
              "non_striker": "RM Patidar",
              "runs": {
                "batter": 1,
                "extras": 0,
                "total": 1
              }
            },
            {
              "batter": "RM Patidar",
              "bowler": "M Jansen",
              "non_striker": "TH David",
              "runs": {
                "batter": 1,
                "extras": 0,
                "total": 1
              }
            },
            {
              "batter": "TH David",
              "bowler": "M Jansen",
              "non_striker": "RM Patidar",
              "runs": {
                "batter": 0,
                "extras": 0,
                "total": 0
              }
            },
            {
              "batter": "TH David",
              "bowler": "M Jansen",
              "non_striker": "RM Patidar",
              "runs": {
                "batter": 0,
                "extras": 0,
                "total": 0
              }
            }
          ]
        },
        {
          "over": 7,
          "deliveries": [
            {
              "batter": "RM Patidar",
              "bowler": "YS Chahal",
              "non_striker": "TH David",
              "runs": {
                "batter": 1,
                "extras": 0,
                "total": 1
              }
            },
            {
              "batter": "TH David",
              "bowler": "YS Chahal",
              "non_striker": "RM Patidar",
              "runs": {
                "batter": 0,
                "extras": 0,
                "total": 0
              }
            },
            {
              "batter": "TH David",
              "bowler": "YS Chahal",
              "non_striker": "RM Patidar",
              "runs": {
                "batter": 1,
                "extras": 0,
                "total": 1
              }
            },
            {
              "batter": "RM Patidar",
              "bowler": "YS Chahal",
              "non_striker": "TH David",
              "runs": {
                "batter": 0,
                "extras": 0,
                "total": 0
              },
              "wickets": [
                {
                  "player_out": "RM Patidar",
                  "fielders": [
                    {
                      "name": "XC Bartlett"
                    }
                  ],
                  "kind": "caught"
                }
              ]
            },
            {
              "batter": "MS Bhandage",
              "bowler": "YS Chahal",
              "non_striker": "TH David",
              "replacements": {
                "match": [
                  {
                    "in": "MS Bhandage",
                    "out": "LS Livingstone",
                    "team": "Royal Challengers Bengaluru",
                    "reason": "impact_player"
                  }
                ]
              },
              "runs": {
                "batter": 0,
                "extras": 0,
                "total": 0
              }
            },
            {
              "batter": "MS Bhandage",
              "bowler": "YS Chahal",
              "non_striker": "TH David",
              "runs": {
                "batter": 1,
                "extras": 0,
                "total": 1
              }
            }
          ]
        },
        {
          "over": 8,
          "deliveries": [
            {
              "batter": "MS Bhandage",
              "bowler": "M Jansen",
              "non_striker": "TH David",
              "runs": {
                "batter": 0,
                "extras": 0,
                "total": 0
              }
            },
            {
              "batter": "MS Bhandage",
              "bowler": "M Jansen",
              "non_striker": "TH David",
              "review": {
                "by": "Royal Challengers Bengaluru",
                "umpire": "VK Sharma",
                "batter": "MS Bhandage",
                "decision": "struck down",
                "type": "wicket",
                "umpires_call": true
              },
              "runs": {
                "batter": 0,
                "extras": 0,
                "total": 0
              },
              "wickets": [
                {
                  "player_out": "MS Bhandage",
                  "kind": "lbw"
                }
              ]
            },
            {
              "batter": "B Kumar",
              "bowler": "M Jansen",
              "non_striker": "TH David",
              "runs": {
                "batter": 0,
                "extras": 0,
                "total": 0
              }
            },
            {
              "batter": "B Kumar",
              "bowler": "M Jansen",
              "non_striker": "TH David",
              "runs": {
                "batter": 0,
                "extras": 0,
                "total": 0
              }
            },
            {
              "batter": "B Kumar",
              "bowler": "M Jansen",
              "non_striker": "TH David",
              "runs": {
                "batter": 0,
                "extras": 0,
                "total": 0
              }
            },
            {
              "batter": "B Kumar",
              "bowler": "M Jansen",
              "non_striker": "TH David",
              "runs": {
                "batter": 1,
                "extras": 0,
                "total": 1
              }
            }
          ]
        },
        {
          "over": 9,
          "deliveries": [
            {
              "batter": "B Kumar",
              "bowler": "YS Chahal",
              "non_striker": "TH David",
              "runs": {
                "batter": 1,
                "extras": 0,
                "total": 1
              }
            },
            {
              "batter": "TH David",
              "bowler": "YS Chahal",
              "non_striker": "B Kumar",
              "runs": {
                "batter": 1,
                "extras": 0,
                "total": 1
              }
            },
            {
              "batter": "B Kumar",
              "bowler": "YS Chahal",
              "non_striker": "TH David",
              "runs": {
                "batter": 0,
                "extras": 0,
                "total": 0
              }
            },
            {
              "batter": "B Kumar",
              "bowler": "YS Chahal",
              "non_striker": "TH David",
              "runs": {
                "batter": 0,
                "extras": 0,
                "total": 0
              }
            },
            {
              "batter": "B Kumar",
              "bowler": "YS Chahal",
              "non_striker": "TH David",
              "runs": {
                "batter": 1,
                "extras": 0,
                "total": 1
              }
            },
            {
              "batter": "TH David",
              "bowler": "YS Chahal",
              "non_striker": "B Kumar",
              "runs": {
                "batter": 1,
                "extras": 0,
                "total": 1
              }
            }
          ]
        },
        {
          "over": 10,
          "deliveries": [
            {
              "batter": "TH David",
              "bowler": "Arshdeep Singh",
              "non_striker": "B Kumar",
              "runs": {
                "batter": 4,
                "extras": 0,
                "total": 4
              }
            },
            {
              "batter": "TH David",
              "bowler": "Arshdeep Singh",
              "non_striker": "B Kumar",
              "runs": {
                "batter": 0,
                "extras": 0,
                "total": 0
              }
            },
            {
              "batter": "TH David",
              "bowler": "Arshdeep Singh",
              "non_striker": "B Kumar",
              "runs": {
                "batter": 4,
                "extras": 0,
                "total": 4
              }
            },
            {
              "batter": "TH David",
              "bowler": "Arshdeep Singh",
              "non_striker": "B Kumar",
              "runs": {
                "batter": 2,
                "extras": 0,
                "total": 2
              }
            },
            {
              "batter": "TH David",
              "bowler": "Arshdeep Singh",
              "non_striker": "B Kumar",
              "runs": {
                "batter": 1,
                "extras": 0,
                "total": 1
              }
            },
            {
              "batter": "B Kumar",
              "bowler": "Arshdeep Singh",
              "non_striker": "TH David",
              "runs": {
                "batter": 1,
                "extras": 0,
                "total": 1
              }
            }
          ]
        },
        {
          "over": 11,
          "deliveries": [
            {
              "batter": "B Kumar",
              "bowler": "Harpreet Brar",
              "non_striker": "TH David",
              "runs": {
                "batter": 0,
                "extras": 0,
                "total": 0
              }
            },
            {
              "batter": "B Kumar",
              "bowler": "Harpreet Brar",
              "non_striker": "TH David",
              "runs": {
                "batter": 0,
                "extras": 0,
                "total": 0
              }
            },
            {
              "batter": "B Kumar",
              "bowler": "Harpreet Brar",
              "non_striker": "TH David",
              "runs": {
                "batter": 4,
                "extras": 0,
                "total": 4
              }
            },
            {
              "batter": "B Kumar",
              "bowler": "Harpreet Brar",
              "non_striker": "TH David",
              "runs": {
                "batter": 0,
                "extras": 0,
                "total": 0
              },
              "wickets": [
                {
                  "player_out": "B Kumar",
                  "fielders": [
                    {
                      "name": "XC Bartlett"
                    }
                  ],
                  "kind": "caught"
                }
              ]
            },
            {
              "batter": "Yash Dayal",
              "bowler": "Harpreet Brar",
              "non_striker": "TH David",
              "runs": {
                "batter": 0,
                "extras": 0,
                "total": 0
              },
              "wickets": [
                {
                  "player_out": "Yash Dayal",
                  "kind": "lbw"
                }
              ]
            },
            {
              "batter": "JR Hazlewood",
              "bowler": "Harpreet Brar",
              "non_striker": "TH David",
              "runs": {
                "batter": 0,
                "extras": 0,
                "total": 0
              }
            }
          ]
        },
        {
          "over": 12,
          "deliveries": [
            {
              "batter": "TH David",
              "bowler": "XC Bartlett",
              "non_striker": "JR Hazlewood",
              "runs": {
                "batter": 0,
                "extras": 0,
                "total": 0
              }
            },
            {
              "batter": "TH David",
              "bowler": "XC Bartlett",
              "non_striker": "JR Hazlewood",
              "runs": {
                "batter": 4,
                "extras": 0,
                "total": 4
              }
            },
            {
              "batter": "TH David",
              "bowler": "XC Bartlett",
              "non_striker": "JR Hazlewood",
              "runs": {
                "batter": 2,
                "extras": 0,
                "total": 2
              }
            },
            {
              "batter": "TH David",
              "bowler": "XC Bartlett",
              "non_striker": "JR Hazlewood",
              "runs": {
                "batter": 4,
                "extras": 0,
                "total": 4
              }
            },
            {
              "batter": "TH David",
              "bowler": "XC Bartlett",
              "non_striker": "JR Hazlewood",
              "runs": {
                "batter": 0,
                "extras": 0,
                "total": 0
              }
            },
            {
              "batter": "TH David",
              "bowler": "XC Bartlett",
              "non_striker": "JR Hazlewood",
              "runs": {
                "batter": 1,
                "extras": 0,
                "total": 1
              }
            }
          ]
        },
        {
          "over": 13,
          "deliveries": [
            {
              "batter": "TH David",
              "bowler": "Harpreet Brar",
              "non_striker": "JR Hazlewood",
              "runs": {
                "batter": 0,
                "extras": 0,
                "total": 0
              }
            },
            {
              "batter": "TH David",
              "bowler": "Harpreet Brar",
              "non_striker": "JR Hazlewood",
              "runs": {
                "batter": 0,
                "extras": 0,
                "total": 0
              }
            },
            {
              "batter": "TH David",
              "bowler": "Harpreet Brar",
              "non_striker": "JR Hazlewood",
              "runs": {
                "batter": 0,
                "extras": 0,
                "total": 0
              }
            },
            {
              "batter": "TH David",
              "bowler": "Harpreet Brar",
              "non_striker": "JR Hazlewood",
              "runs": {
                "batter": 6,
                "extras": 0,
                "total": 6
              }
            },
            {
              "batter": "TH David",
              "bowler": "Harpreet Brar",
              "non_striker": "JR Hazlewood",
              "runs": {
                "batter": 6,
                "extras": 0,
                "total": 6
              }
            },
            {
              "batter": "TH David",
              "bowler": "Harpreet Brar",
              "extras": {
                "noballs": 1
              },
              "non_striker": "JR Hazlewood",
              "runs": {
                "batter": 6,
                "extras": 1,
                "total": 7
              }
            },
            {
              "batter": "TH David",
              "bowler": "Harpreet Brar",
              "non_striker": "JR Hazlewood",
              "runs": {
                "batter": 2,
                "extras": 0,
                "total": 2
              }
            }
          ]
        }
      ],
      "powerplays": [
        {
          "from": 0.1,
          "to": 3.6,
          "type": "mandatory"
        }
      ]
    },
    {
      "team": "Punjab Kings",
      "overs": [
        {
          "over": 0,
          "deliveries": [
            {
              "batter": "Priyansh Arya",
              "bowler": "B Kumar",
              "non_striker": "P Simran Singh",
              "replacements": {
                "match": [
                  {
                    "in": "P Simran Singh",
                    "out": "YS Chahal",
                    "team": "Punjab Kings",
                    "reason": "impact_player"
                  }
                ]
              },
              "runs": {
                "batter": 0,
                "extras": 0,
                "total": 0
              }
            },
            {
              "batter": "Priyansh Arya",
              "bowler": "B Kumar",
              "non_striker": "P Simran Singh",
              "runs": {
                "batter": 1,
                "extras": 0,
                "total": 1
              }
            },
            {
              "batter": "P Simran Singh",
              "bowler": "B Kumar",
              "non_striker": "Priyansh Arya",
              "runs": {
                "batter": 1,
                "extras": 0,
                "total": 1
              }
            },
            {
              "batter": "Priyansh Arya",
              "bowler": "B Kumar",
              "non_striker": "P Simran Singh",
              "runs": {
                "batter": 1,
                "extras": 0,
                "total": 1
              }
            },
            {
              "batter": "P Simran Singh",
              "bowler": "B Kumar",
              "non_striker": "Priyansh Arya",
              "runs": {
                "batter": 0,
                "extras": 0,
                "total": 0
              }
            },
            {
              "batter": "P Simran Singh",
              "bowler": "B Kumar",
              "non_striker": "Priyansh Arya",
              "runs": {
                "batter": 0,
                "extras": 0,
                "total": 0
              }
            }
          ]
        },
        {
          "over": 1,
          "deliveries": [
            {
              "batter": "Priyansh Arya",
              "bowler": "Yash Dayal",
              "non_striker": "P Simran Singh",
              "runs": {
                "batter": 0,
                "extras": 0,
                "total": 0
              }
            },
            {
              "batter": "Priyansh Arya",
              "bowler": "Yash Dayal",
              "non_striker": "P Simran Singh",
              "runs": {
                "batter": 1,
                "extras": 0,
                "total": 1
              }
            },
            {
              "batter": "P Simran Singh",
              "bowler": "Yash Dayal",
              "non_striker": "Priyansh Arya",
              "runs": {
                "batter": 1,
                "extras": 0,
                "total": 1
              }
            },
            {
              "batter": "Priyansh Arya",
              "bowler": "Yash Dayal",
              "extras": {
                "wides": 1
              },
              "non_striker": "P Simran Singh",
              "runs": {
                "batter": 0,
                "extras": 1,
                "total": 1
              }
            },
            {
              "batter": "Priyansh Arya",
              "bowler": "Yash Dayal",
              "non_striker": "P Simran Singh",
              "runs": {
                "batter": 1,
                "extras": 0,
                "total": 1
              }
            },
            {
              "batter": "P Simran Singh",
              "bowler": "Yash Dayal",
              "non_striker": "Priyansh Arya",
              "runs": {
                "batter": 1,
                "extras": 0,
                "total": 1
              }
            },
            {
              "batter": "Priyansh Arya",
              "bowler": "Yash Dayal",
              "non_striker": "P Simran Singh",
              "runs": {
                "batter": 4,
                "extras": 0,
                "total": 4
              }
            }
          ]
        },
        {
          "over": 2,
          "deliveries": [
            {
              "batter": "P Simran Singh",
              "bowler": "B Kumar",
              "non_striker": "Priyansh Arya",
              "runs": {
                "batter": 2,
                "extras": 0,
                "total": 2
              }
            },
            {
              "batter": "P Simran Singh",
              "bowler": "B Kumar",
              "non_striker": "Priyansh Arya",
              "runs": {
                "batter": 4,
                "extras": 0,
                "total": 4
              }
            },
            {
              "batter": "P Simran Singh",
              "bowler": "B Kumar",
              "non_striker": "Priyansh Arya",
              "runs": {
                "batter": 4,
                "extras": 0,
                "total": 4
              }
            },
            {
              "batter": "P Simran Singh",
              "bowler": "B Kumar",
              "non_striker": "Priyansh Arya",
              "runs": {
                "batter": 0,
                "extras": 0,
                "total": 0
              },
              "wickets": [
                {
                  "player_out": "P Simran Singh",
                  "fielders": [
                    {
                      "name": "TH David"
                    }
                  ],
                  "kind": "caught"
                }
              ]
            },
            {
              "batter": "SS Iyer",
              "bowler": "B Kumar",
              "non_striker": "Priyansh Arya",
              "runs": {
                "batter": 1,
                "extras": 0,
                "total": 1
              }
            },
            {
              "batter": "Priyansh Arya",
              "bowler": "B Kumar",
              "non_striker": "SS Iyer",
              "runs": {
                "batter": 0,
                "extras": 0,
                "total": 0
              }
            }
          ]
        },
        {
          "over": 3,
          "deliveries": [
            {
              "batter": "SS Iyer",
              "bowler": "JR Hazlewood",
              "non_striker": "Priyansh Arya",
              "runs": {
                "batter": 1,
                "extras": 0,
                "total": 1
              }
            },
            {
              "batter": "Priyansh Arya",
              "bowler": "JR Hazlewood",
              "non_striker": "SS Iyer",
              "runs": {
                "batter": 2,
                "extras": 0,
                "total": 2
              }
            },
            {
              "batter": "Priyansh Arya",
              "bowler": "JR Hazlewood",
              "non_striker": "SS Iyer",
              "runs": {
                "batter": 6,
                "extras": 0,
                "total": 6
              }
            },
            {
              "batter": "Priyansh Arya",
              "bowler": "JR Hazlewood",
              "non_striker": "SS Iyer",
              "runs": {
                "batter": 0,
                "extras": 0,
                "total": 0
              },
              "wickets": [
                {
                  "player_out": "Priyansh Arya",
                  "fielders": [
                    {
                      "name": "TH David"
                    }
                  ],
                  "kind": "caught"
                }
              ]
            },
            {
              "batter": "JP Inglis",
              "bowler": "JR Hazlewood",
              "non_striker": "SS Iyer",
              "runs": {
                "batter": 0,
                "extras": 0,
                "total": 0
              }
            },
            {
              "batter": "JP Inglis",
              "bowler": "JR Hazlewood",
              "non_striker": "SS Iyer",
              "runs": {
                "batter": 1,
                "extras": 0,
                "total": 1
              }
            }
          ]
        },
        {
          "over": 4,
          "deliveries": [
            {
              "batter": "JP Inglis",
              "bowler": "Yash Dayal",
              "extras": {
                "wides": 1
              },
              "non_striker": "SS Iyer",
              "runs": {
                "batter": 0,
                "extras": 1,
                "total": 1
              }
            },
            {
              "batter": "JP Inglis",
              "bowler": "Yash Dayal",
              "non_striker": "SS Iyer",
              "runs": {
                "batter": 0,
                "extras": 0,
                "total": 0
              }
            },
            {
              "batter": "JP Inglis",
              "bowler": "Yash Dayal",
              "non_striker": "SS Iyer",
              "runs": {
                "batter": 1,
                "extras": 0,
                "total": 1
              }
            },
            {
              "batter": "SS Iyer",
              "bowler": "Yash Dayal",
              "non_striker": "JP Inglis",
              "runs": {
                "batter": 1,
                "extras": 0,
                "total": 1
              }
            },
            {
              "batter": "JP Inglis",
              "bowler": "Yash Dayal",
              "non_striker": "SS Iyer",
              "runs": {
                "batter": 0,
                "extras": 0,
                "total": 0
              }
            },
            {
              "batter": "JP Inglis",
              "bowler": "Yash Dayal",
              "non_striker": "SS Iyer",
              "runs": {
                "batter": 0,
                "extras": 0,
                "total": 0
              }
            },
            {
              "batter": "JP Inglis",
              "bowler": "Yash Dayal",
              "non_striker": "SS Iyer",
              "runs": {
                "batter": 0,
                "extras": 0,
                "total": 0
              }
            }
          ]
        },
        {
          "over": 5,
          "deliveries": [
            {
              "batter": "SS Iyer",
              "bowler": "KH Pandya",
              "non_striker": "JP Inglis",
              "runs": {
                "batter": 1,
                "extras": 0,
                "total": 1
              }
            },
            {
              "batter": "JP Inglis",
              "bowler": "KH Pandya",
              "non_striker": "SS Iyer",
              "runs": {
                "batter": 4,
                "extras": 0,
                "total": 4
              }
            },
            {
              "batter": "JP Inglis",
              "bowler": "KH Pandya",
              "non_striker": "SS Iyer",
              "runs": {
                "batter": 4,
                "extras": 0,
                "total": 4
              }
            },
            {
              "batter": "JP Inglis",
              "bowler": "KH Pandya",
              "non_striker": "SS Iyer",
              "runs": {
                "batter": 0,
                "extras": 0,
                "total": 0
              }
            },
            {
              "batter": "JP Inglis",
              "bowler": "KH Pandya",
              "non_striker": "SS Iyer",
              "runs": {
                "batter": 0,
                "extras": 0,
                "total": 0
              }
            },
            {
              "batter": "JP Inglis",
              "bowler": "KH Pandya",
              "non_striker": "SS Iyer",
              "runs": {
                "batter": 1,
                "extras": 0,
                "total": 1
              }
            }
          ]
        },
        {
          "over": 6,
          "deliveries": [
            {
              "batter": "JP Inglis",
              "bowler": "Suyash Sharma",
              "non_striker": "SS Iyer",
              "runs": {
                "batter": 1,
                "extras": 0,
                "total": 1
              }
            },
            {
              "batter": "SS Iyer",
              "bowler": "Suyash Sharma",
              "non_striker": "JP Inglis",
              "runs": {
                "batter": 0,
                "extras": 0,
                "total": 0
              }
            },
            {
              "batter": "SS Iyer",
              "bowler": "Suyash Sharma",
              "non_striker": "JP Inglis",
              "runs": {
                "batter": 1,
                "extras": 0,
                "total": 1
              }
            },
            {
              "batter": "JP Inglis",
              "bowler": "Suyash Sharma",
              "non_striker": "SS Iyer",
              "runs": {
                "batter": 0,
                "extras": 0,
                "total": 0
              }
            },
            {
              "batter": "JP Inglis",
              "bowler": "Suyash Sharma",
              "non_striker": "SS Iyer",
              "runs": {
                "batter": 1,
                "extras": 0,
                "total": 1
              }
            },
            {
              "batter": "SS Iyer",
              "bowler": "Suyash Sharma",
              "non_striker": "JP Inglis",
              "runs": {
                "batter": 1,
                "extras": 0,
                "total": 1
              }
            }
          ]
        },
        {
          "over": 7,
          "deliveries": [
            {
              "batter": "SS Iyer",
              "bowler": "JR Hazlewood",
              "non_striker": "JP Inglis",
              "runs": {
                "batter": 1,
                "extras": 0,
                "total": 1
              }
            },
            {
              "batter": "JP Inglis",
              "bowler": "JR Hazlewood",
              "non_striker": "SS Iyer",
              "runs": {
                "batter": 1,
                "extras": 0,
                "total": 1
              }
            },
            {
              "batter": "SS Iyer",
              "bowler": "JR Hazlewood",
              "non_striker": "JP Inglis",
              "runs": {
                "batter": 0,
                "extras": 0,
                "total": 0
              }
            },
            {
              "batter": "SS Iyer",
              "bowler": "JR Hazlewood",
              "non_striker": "JP Inglis",
              "runs": {
                "batter": 0,
                "extras": 0,
                "total": 0
              },
              "wickets": [
                {
                  "player_out": "SS Iyer",
                  "fielders": [
                    {
                      "name": "JM Sharma"
                    }
                  ],
                  "kind": "caught"
                }
              ]
            },
            {
              "batter": "N Wadhera",
              "bowler": "JR Hazlewood",
              "non_striker": "JP Inglis",
              "runs": {
                "batter": 1,
                "extras": 0,
                "total": 1
              }
            },
            {
              "batter": "JP Inglis",
              "bowler": "JR Hazlewood",
              "non_striker": "N Wadhera",
              "runs": {
                "batter": 0,
                "extras": 0,
                "total": 0
              },
              "wickets": [
                {
                  "player_out": "JP Inglis",
                  "fielders": [
                    {
                      "name": "Suyash Sharma"
                    }
                  ],
                  "kind": "caught"
                }
              ]
            }
          ]
        },
        {
          "over": 8,
          "deliveries": [
            {
              "batter": "N Wadhera",
              "bowler": "Suyash Sharma",
              "non_striker": "Shashank Singh",
              "runs": {
                "batter": 0,
                "extras": 0,
                "total": 0
              }
            },
            {
              "batter": "N Wadhera",
              "bowler": "Suyash Sharma",
              "non_striker": "Shashank Singh",
              "runs": {
                "batter": 0,
                "extras": 0,
                "total": 0
              }
            },
            {
              "batter": "N Wadhera",
              "bowler": "Suyash Sharma",
              "non_striker": "Shashank Singh",
              "runs": {
                "batter": 0,
                "extras": 0,
                "total": 0
              }
            },
            {
              "batter": "N Wadhera",
              "bowler": "Suyash Sharma",
              "non_striker": "Shashank Singh",
              "runs": {
                "batter": 0,
                "extras": 0,
                "total": 0
              }
            },
            {
              "batter": "N Wadhera",
              "bowler": "Suyash Sharma",
              "non_striker": "Shashank Singh",
              "runs": {
                "batter": 4,
                "extras": 0,
                "total": 4
              }
            },
            {
              "batter": "N Wadhera",
              "bowler": "Suyash Sharma",
              "non_striker": "Shashank Singh",
              "runs": {
                "batter": 6,
                "extras": 0,
                "total": 6
              }
            }
          ]
        },
        {
          "over": 9,
          "deliveries": [
            {
              "batter": "Shashank Singh",
              "bowler": "JR Hazlewood",
              "non_striker": "N Wadhera",
              "runs": {
                "batter": 0,
                "extras": 0,
                "total": 0
              }
            },
            {
              "batter": "Shashank Singh",
              "bowler": "JR Hazlewood",
              "non_striker": "N Wadhera",
              "runs": {
                "batter": 0,
                "extras": 0,
                "total": 0
              }
            },
            {
              "batter": "Shashank Singh",
              "bowler": "JR Hazlewood",
              "non_striker": "N Wadhera",
              "runs": {
                "batter": 1,
                "extras": 0,
                "total": 1
              }
            },
            {
              "batter": "N Wadhera",
              "bowler": "JR Hazlewood",
              "non_striker": "Shashank Singh",
              "runs": {
                "batter": 0,
                "extras": 0,
                "total": 0
              }
            },
            {
              "batter": "N Wadhera",
              "bowler": "JR Hazlewood",
              "extras": {
                "legbyes": 1
              },
              "non_striker": "Shashank Singh",
              "runs": {
                "batter": 0,
                "extras": 1,
                "total": 1
              }
            },
            {
              "batter": "Shashank Singh",
              "bowler": "JR Hazlewood",
              "non_striker": "N Wadhera",
              "runs": {
                "batter": 0,
                "extras": 0,
                "total": 0
              }
            }
          ]
        },
        {
          "over": 10,
          "deliveries": [
            {
              "batter": "N Wadhera",
              "bowler": "Suyash Sharma",
              "non_striker": "Shashank Singh",
              "runs": {
                "batter": 6,
                "extras": 0,
                "total": 6
              }
            },
            {
              "batter": "N Wadhera",
              "bowler": "Suyash Sharma",
              "extras": {
                "byes": 4
              },
              "non_striker": "Shashank Singh",
              "runs": {
                "batter": 0,
                "extras": 4,
                "total": 4
              }
            },
            {
              "batter": "N Wadhera",
              "bowler": "Suyash Sharma",
              "non_striker": "Shashank Singh",
              "runs": {
                "batter": 4,
                "extras": 0,
                "total": 4
              }
            },
            {
              "batter": "N Wadhera",
              "bowler": "Suyash Sharma",
              "non_striker": "Shashank Singh",
              "runs": {
                "batter": 0,
                "extras": 0,
                "total": 0
              }
            },
            {
              "batter": "N Wadhera",
              "bowler": "Suyash Sharma",
              "non_striker": "Shashank Singh",
              "runs": {
                "batter": 0,
                "extras": 0,
                "total": 0
              }
            },
            {
              "batter": "N Wadhera",
              "bowler": "Suyash Sharma",
              "non_striker": "Shashank Singh",
              "runs": {
                "batter": 1,
                "extras": 0,
                "total": 1
              }
            }
          ]
        },
        {
          "over": 11,
          "deliveries": [
            {
              "batter": "N Wadhera",
              "bowler": "B Kumar",
              "non_striker": "Shashank Singh",
              "runs": {
                "batter": 0,
                "extras": 0,
                "total": 0
              }
            },
            {
              "batter": "N Wadhera",
              "bowler": "B Kumar",
              "non_striker": "Shashank Singh",
              "runs": {
                "batter": 1,
                "extras": 0,
                "total": 1
              }
            },
            {
              "batter": "Shashank Singh",
              "bowler": "B Kumar",
              "non_striker": "N Wadhera",
              "runs": {
                "batter": 0,
                "extras": 0,
                "total": 0
              },
              "wickets": [
                {
                  "player_out": "Shashank Singh",
                  "fielders": [
                    {
                      "name": "PD Salt"
                    }
                  ],
                  "kind": "caught"
                }
              ]
            },
            {
              "batter": "MP Stoinis",
              "bowler": "B Kumar",
              "non_striker": "N Wadhera",
              "runs": {
                "batter": 1,
                "extras": 0,
                "total": 1
              }
            },
            {
              "batter": "N Wadhera",
              "bowler": "B Kumar",
              "non_striker": "MP Stoinis",
              "runs": {
                "batter": 6,
                "extras": 0,
                "total": 6
              }
            },
            {
              "batter": "N Wadhera",
              "bowler": "B Kumar",
              "non_striker": "MP Stoinis",
              "runs": {
                "batter": 4,
                "extras": 0,
                "total": 4
              }
            }
          ]
        },
        {
          "over": 12,
          "deliveries": [
            {
              "batter": "MP Stoinis",
              "bowler": "Yash Dayal",
              "non_striker": "N Wadhera",
              "runs": {
                "batter": 6,
                "extras": 0,
                "total": 6
              }
            }
          ]
        }
      ],
      "powerplays": [
        {
          "from": 0.1,
          "to": 3.6,
          "type": "mandatory"
        }
      ],
      "target": {
        "overs": 14,
        "runs": 96
      }
    }
  ]
}