{
  "meta": {
    "data_version": "1.1.0",
    "created": "2025-05-23",
    "revision": 1
  },
  "info": {
    "balls_per_over": 6,
    "city": "Lucknow",
    "dates": [
      "2025-05-23"
    ],
    "event": {
      "name": "Indian Premier League",
      "match_number": 65
    },
    "gender": "male",
    "match_type": "T20",
    "officials": {
      "match_referees": [
        "P Dharmani"
      ],
      "reserve_umpires": [
        "Abhijit Bhattacharya"
      ],
      "tv_umpires": [
        "UV Gandhe"
      ],
      "umpires": [
        "K Swaroopanand",
        "MA Gough"
      ]
    },
    "outcome": {
      "winner": "Sunrisers Hyderabad",
      "by": {
        "runs": 42
      }
    },
    "overs": 20,
    "player_of_match": [
      "Ishan Kishan"
    ],
    "players": {
      "Sunrisers Hyderabad": [
        "Abhishek Sharma",
        "TM Head",
        "Ishan Kishan",
        "H Klaasen",
        "Aniket Verma",
        "Nithish Kumar Reddy",
        "A Manohar",
        "PJ Cummins",
        "HV Patel",
        "JD Unadkat",
        "E Malinga",
        "Harsh Dubey"
      ],
      "Royal Challengers Bengaluru": [
        "PD Salt",
        "V Kohli",
        "MA Agarwal",
        "RM Patidar",
        "JM Sharma",
        "R Shepherd",
        "KH Pandya",
        "TH David",
        "B Kumar",
        "Yash Dayal",
        "L Ngidi",
        "Suyash Sharma"
      ]
    },
    "registry": {
      "people": {
        "A Manohar": "0890552f",
        "Abhijit Bhattacharya": "59ec9638",
        "Abhishek Sharma": "f29185a1",
        "Aniket Verma": "a3b0600d",
        "B Kumar": "2e81a32d",
        "E Malinga": "5750bcb4",
        "H Klaasen": "235c2bb6",
        "HV Patel": "f986ca1a",
        "Harsh Dubey": "25228673",
        "Ishan Kishan": "752f7486",
        "JD Unadkat": "1e66c162",
        "JM Sharma": "800d2d97",
        "K Swaroopanand": "aa2a4962",
        "KH Pandya": "5b8c830e",
        "L Ngidi": "f834dcfc",
        "MA Agarwal": "00ea847a",
        "MA Gough": "76752ac8",
        "Nithish Kumar Reddy": "aad0c365",
        "P Dharmani": "eaa90ab4",
        "PD Salt": "3d284ca3",
        "PJ Cummins": "ded9240e",
        "R Shepherd": "c5aef772",
        "RM Patidar": "c740ea83",
        "Suyash Sharma": "9440ef41",
        "TH David": "f1f99156",
        "TM Head": "12b610c2",
        "UV Gandhe": "43dd4011",
        "V Kohli": "ba607b88",
        "Yash Dayal": "7210d461"
      }
    },
    "season": "2025",
    "team_type": "club",
    "teams": [
      "Sunrisers Hyderabad",
      "Royal Challengers Bengaluru"
    ],
    "toss": {
      "decision": "field",
      "winner": "Royal Challengers Bengaluru"
    },
    "venue": "Bharat Ratna Shri Atal Bihari Vajpayee Ekana Cricket Stadium, Lucknow"
  },
  "innings": [
    {
      "team": "Sunrisers Hyderabad",
      "overs": [
        {
          "over": 0,
          "deliveries": [
            {
              "batter": "Abhishek Sharma",
              "bowler": "Yash Dayal",
              "non_striker": "TM Head",
              "runs": {
                "batter": 1,
                "extras": 0,
                "total": 1
              }
            },
            {
              "batter": "TM Head",
              "bowler": "Yash Dayal",
              "non_striker": "Abhishek Sharma",
              "runs": {
                "batter": 4,
                "extras": 0,
                "total": 4
              }
            },
            {
              "batter": "TM Head",
              "bowler": "Yash Dayal",
              "non_striker": "Abhishek Sharma",
              "runs": {
                "batter": 1,
                "extras": 0,
                "total": 1
              }
            },
            {
              "batter": "Abhishek Sharma",
              "bowler": "Yash Dayal",
              "non_striker": "TM Head",
              "runs": {
                "batter": 0,
                "extras": 0,
                "total": 0
              }
            },
            {
              "batter": "Abhishek Sharma",
              "bowler": "Yash Dayal",
              "non_striker": "TM Head",
              "runs": {
                "batter": 1,
                "extras": 0,
                "total": 1
              }
            },
            {
              "batter": "TM Head",
              "bowler": "Yash Dayal",
              "non_striker": "Abhishek Sharma",
              "runs": {
                "batter": 1,
                "extras": 0,
                "total": 1
              }
            }
          ]
        },
        {
          "over": 1,
          "deliveries": [
            {
              "batter": "TM Head",
              "bowler": "B Kumar",
              "non_striker": "Abhishek Sharma",
              "runs": {
                "batter": 4,
                "extras": 0,
                "total": 4
              }
            },
            {
              "batter": "TM Head",
              "bowler": "B Kumar",
              "non_striker": "Abhishek Sharma",
              "runs": {
                "batter": 2,
                "extras": 0,
                "total": 2
              }
            },
            {
              "batter": "TM Head",
              "bowler": "B Kumar",
              "extras": {
                "legbyes": 1
              },
              "non_striker": "Abhishek Sharma",
              "runs": {
                "batter": 0,
                "extras": 1,
                "total": 1
              }
            },
            {
              "batter": "Abhishek Sharma",
              "bowler": "B Kumar",
              "non_striker": "TM Head",
              "runs": {
                "batter": 4,
                "extras": 0,
                "total": 4
              }
            },
            {
              "batter": "Abhishek Sharma",
              "bowler": "B Kumar",
              "non_striker": "TM Head",
              "runs": {
                "batter": 6,
                "extras": 0,
                "total": 6
              }
            },
            {
              "batter": "Abhishek Sharma",
              "bowler": "B Kumar",
              "extras": {
                "legbyes": 1
              },
              "non_striker": "TM Head",
              "runs": {
                "batter": 0,
                "extras": 1,
                "total": 1
              }
            }
          ]
        },
        {
          "over": 2,
          "deliveries": [
            {
              "batter": "Abhishek Sharma",
              "bowler": "Yash Dayal",
              "non_striker": "TM Head",
              "runs": {
                "batter": 2,
                "extras": 0,
                "total": 2
              }
            },
            {
              "batter": "Abhishek Sharma",
              "bowler": "Yash Dayal",
              "non_striker": "TM Head",
              "runs": {
                "batter": 4,
                "extras": 0,
                "total": 4
              }
            },
            {
              "batter": "Abhishek Sharma",
              "bowler": "Yash Dayal",
              "extras": {
                "noballs": 1
              },
              "non_striker": "TM Head",
              "runs": {
                "batter": 0,
                "extras": 1,
                "total": 1
              }
            },
            {
              "batter": "Abhishek Sharma",
              "bowler": "Yash Dayal",
              "non_striker": "TM Head",
              "runs": {
                "batter": 0,
                "extras": 0,
                "total": 0
              }
            },
            {
              "batter": "Abhishek Sharma",
              "bowler": "Yash Dayal",
              "non_striker": "TM Head",
              "runs": {
                "batter": 6,
                "extras": 0,
                "total": 6
              }
            },
            {
              "batter": "Abhishek Sharma",
              "bowler": "Yash Dayal",
              "non_striker": "TM Head",
              "runs": {
                "batter": 0,
                "extras": 0,
                "total": 0
              }
            },
            {
              "batter": "Abhishek Sharma",
              "bowler": "Yash Dayal",
              "non_striker": "TM Head",
              "runs": {
                "batter": 0,
                "extras": 0,
                "total": 0
              }
            }
          ]
        },
        {
          "over": 3,
          "deliveries": [
            {
              "batter": "TM Head",
              "bowler": "L Ngidi",
              "non_striker": "Abhishek Sharma",
              "runs": {
                "batter": 4,
                "extras": 0,
                "total": 4
              }
            },
            {
              "batter": "TM Head",
              "bowler": "L Ngidi",
              "non_striker": "Abhishek Sharma",
              "runs": {
                "batter": 1,
                "extras": 0,
                "total": 1
              }
            },
            {
              "batter": "Abhishek Sharma",
              "bowler": "L Ngidi",
              "non_striker": "TM Head",
              "runs": {
                "batter": 6,
                "extras": 0,
                "total": 6
              }
            },
            {
              "batter": "Abhishek Sharma",
              "bowler": "L Ngidi",
              "non_striker": "TM Head",
              "runs": {
                "batter": 0,
                "extras": 0,
                "total": 0
              }
            },
            {
              "batter": "Abhishek Sharma",
              "bowler": "L Ngidi",
              "non_striker": "TM Head",
              "runs": {
                "batter": 4,
                "extras": 0,
                "total": 4
              }
            },
            {
              "batter": "Abhishek Sharma",
              "bowler": "L Ngidi",
              "non_striker": "TM Head",
              "runs": {
                "batter": 0,
                "extras": 0,
                "total": 0
              },
              "wickets": [
                {
                  "player_out": "Abhishek Sharma",
                  "fielders": [
                    {
                      "name": "PD Salt"
                    }
                  ],
                  "kind": "caught"
                }
              ]
            }
          ]
        },
        {
          "over": 4,
          "deliveries": [
            {
              "batter": "TM Head",
              "bowler": "B Kumar",
              "non_striker": "Ishan Kishan",
              "runs": {
                "batter": 0,
                "extras": 0,
                "total": 0
              }
            },
            {
              "batter": "TM Head",
              "bowler": "B Kumar",
              "non_striker": "Ishan Kishan",
              "runs": {
                "batter": 0,
                "extras": 0,
                "total": 0
              },
              "wickets": [
                {
                  "player_out": "TM Head",
                  "fielders": [
                    {
                      "name": "R Shepherd"
                    }
                  ],
                  "kind": "caught"
                }
              ]
            },
            {
              "batter": "H Klaasen",
              "bowler": "B Kumar",
              "non_striker": "Ishan Kishan",
              "runs": {
                "batter": 0,
                "extras": 0,
                "total": 0
              }
            },
            {
              "batter": "H Klaasen",
              "bowler": "B Kumar",
              "non_striker": "Ishan Kishan",
              "runs": {
                "batter": 0,
                "extras": 0,
                "total": 0
              }
            },
            {
              "batter": "H Klaasen",
              "bowler": "B Kumar",
              "non_striker": "Ishan Kishan",
              "runs": {
                "batter": 1,
                "extras": 0,
                "total": 1
              }
            },
            {
              "batter": "Ishan Kishan",
              "bowler": "B Kumar",
              "non_striker": "H Klaasen",
              "runs": {
                "batter": 2,
                "extras": 0,
                "total": 2
              }
            }
          ]
        },
        {
          "over": 5,
          "deliveries": [
            {
              "batter": "H Klaasen",
              "bowler": "L Ngidi",
              "non_striker": "Ishan Kishan",
              "runs": {
                "batter": 1,
                "extras": 0,
                "total": 1
              }
            },
            {
              "batter": "Ishan Kishan",
              "bowler": "L Ngidi",
              "non_striker": "H Klaasen",
              "runs": {
                "batter": 2,
                "extras": 0,
                "total": 2
              }
            },
            {
              "batter": "Ishan Kishan",
              "bowler": "L Ngidi",
              "non_striker": "H Klaasen",
              "runs": {
                "batter": 0,
                "extras": 0,
                "total": 0
              }
            },
            {
              "batter": "Ishan Kishan",
              "bowler": "L Ngidi",
              "non_striker": "H Klaasen",
              "runs": {
                "batter": 4,
                "extras": 0,
                "total": 4
              }
            },
            {
              "batter": "Ishan Kishan",
              "bowler": "L Ngidi",
              "non_striker": "H Klaasen",
              "runs": {
                "batter": 1,
                "extras": 0,
                "total": 1
              }
            },
            {
              "batter": "H Klaasen",
              "bowler": "L Ngidi",
              "non_striker": "Ishan Kishan",
              "runs": {
                "batter": 6,
                "extras": 0,
                "total": 6
              }
            }
          ]
        },
        {
          "over": 6,
          "deliveries": [
            {
              "batter": "Ishan Kishan",
              "bowler": "Suyash Sharma",
              "non_striker": "H Klaasen",
              "runs": {
                "batter": 0,
                "extras": 0,
                "total": 0
              }
            },
            {
              "batter": "Ishan Kishan",
              "bowler": "Suyash Sharma",
              "non_striker": "H Klaasen",
              "runs": {
                "batter": 1,
                "extras": 0,
                "total": 1
              }
            },
            {
              "batter": "H Klaasen",
              "bowler": "Suyash Sharma",
              "non_striker": "Ishan Kishan",
              "runs": {
                "batter": 4,
                "extras": 0,
                "total": 4
              }
            },
            {
              "batter": "H Klaasen",
              "bowler": "Suyash Sharma",
              "non_striker": "Ishan Kishan",
              "runs": {
                "batter": 6,
                "extras": 0,
                "total": 6
              }
            },
            {
              "batter": "H Klaasen",
              "bowler": "Suyash Sharma",
              "extras": {
                "legbyes": 1
              },
              "non_striker": "Ishan Kishan",
              "runs": {
                "batter": 0,
                "extras": 1,
                "total": 1
              }
            },
            {
              "batter": "Ishan Kishan",
              "bowler": "Suyash Sharma",
              "non_striker": "H Klaasen",
              "runs": {
                "batter": 1,
                "extras": 0,
                "total": 1
              }
            }
          ]
        },
        {
          "over": 7,
          "deliveries": [
            {
              "batter": "Ishan Kishan",
              "bowler": "KH Pandya",
              "non_striker": "H Klaasen",
              "runs": {
                "batter": 1,
                "extras": 0,
                "total": 1
              }
            },
            {
              "batter": "H Klaasen",
              "bowler": "KH Pandya",
              "non_striker": "Ishan Kishan",
              "runs": {
                "batter": 1,
                "extras": 0,
                "total": 1
              }
            },
            {
              "batter": "Ishan Kishan",
              "bowler": "KH Pandya",
              "non_striker": "H Klaasen",
              "runs": {
                "batter": 1,
                "extras": 0,
                "total": 1
              }
            },
            {
              "batter": "H Klaasen",
              "bowler": "KH Pandya",
              "non_striker": "Ishan Kishan",
              "runs": {
                "batter": 0,
                "extras": 0,
                "total": 0
              }
            },
            {
              "batter": "H Klaasen",
              "bowler": "KH Pandya",
              "non_striker": "Ishan Kishan",
              "runs": {
                "batter": 1,
                "extras": 0,
                "total": 1
              }
            },
            {
              "batter": "Ishan Kishan",
              "bowler": "KH Pandya",
              "non_striker": "H Klaasen",
              "runs": {
                "batter": 1,
                "extras": 0,
                "total": 1
              }
            }
          ]
        },
        {
          "over": 8,
          "deliveries": [
            {
              "batter": "Ishan Kishan",
              "bowler": "Suyash Sharma",
              "non_striker": "H Klaasen",
              "runs": {
                "batter": 4,
                "extras": 0,
                "total": 4
              }
            },
            {
              "batter": "Ishan Kishan",
              "bowler": "Suyash Sharma",
              "non_striker": "H Klaasen",
              "runs": {
                "batter": 4,
                "extras": 0,
                "total": 4
              }
            },
            {
              "batter": "Ishan Kishan",
              "bowler": "Suyash Sharma",
              "non_striker": "H Klaasen",
              "runs": {
                "batter": 1,
                "extras": 0,
                "total": 1
              }
            },
            {
              "batter": "H Klaasen",
              "bowler": "Suyash Sharma",
              "non_striker": "Ishan Kishan",
              "runs": {
                "batter": 4,
                "extras": 0,
                "total": 4
              }
            },
            {
              "batter": "H Klaasen",
              "bowler": "Suyash Sharma",
              "non_striker": "Ishan Kishan",
              "runs": {
                "batter": 0,
                "extras": 0,
                "total": 0
              },
              "wickets": [
                {
                  "player_out": "H Klaasen",
                  "fielders": [
                    {
                      "name": "R Shepherd"
                    }
                  ],
                  "kind": "caught"
                }
              ]
            },
            {
              "batter": "Aniket Verma",
              "bowler": "Suyash Sharma",
              "non_striker": "Ishan Kishan",
              "runs": {
                "batter": 1,
                "extras": 0,
                "total": 1
              }
            }
          ]
        },
        {
          "over": 9,
          "deliveries": [
            {
              "batter": "Aniket Verma",
              "bowler": "KH Pandya",
              "non_striker": "Ishan Kishan",
              "runs": {
                "batter": 1,
                "extras": 0,
                "total": 1
              }
            },
            {
              "batter": "Ishan Kishan",
              "bowler": "KH Pandya",
              "non_striker": "Aniket Verma",
              "runs": {
                "batter": 0,
                "extras": 0,
                "total": 0
              }
            },
            {
              "batter": "Ishan Kishan",
              "bowler": "KH Pandya",
              "non_striker": "Aniket Verma",
              "runs": {
                "batter": 6,
                "extras": 0,
                "total": 6
              }
            },
            {
              "batter": "Ishan Kishan",
              "bowler": "KH Pandya",
              "non_striker": "Aniket Verma",
              "runs": {
                "batter": 1,
                "extras": 0,
                "total": 1
              }
            },
            {
              "batter": "Aniket Verma",
              "bowler": "KH Pandya",
              "non_striker": "Ishan Kishan",
              "runs": {
                "batter": 1,
                "extras": 0,
                "total": 1
              }
            },
            {
              "batter": "Ishan Kishan",
              "bowler": "KH Pandya",
              "non_striker": "Aniket Verma",
              "runs": {
                "batter": 1,
                "extras": 0,
                "total": 1
              }
            }
          ]
        },
        {
          "over": 10,
          "deliveries": [
            {
              "batter": "Ishan Kishan",
              "bowler": "Suyash Sharma",
              "non_striker": "Aniket Verma",
              "runs": {
                "batter": 1,
                "extras": 0,
                "total": 1
              }
            },
            {
              "batter": "Aniket Verma",
              "bowler": "Suyash Sharma",
              "non_striker": "Ishan Kishan",
              "runs": {
                "batter": 6,
                "extras": 0,
                "total": 6
              }
            },
            {
              "batter": "Aniket Verma",
              "bowler": "Suyash Sharma",
              "non_striker": "Ishan Kishan",
              "runs": {
                "batter": 1,
                "extras": 0,
                "total": 1
              }
            },
            {
              "batter": "Ishan Kishan",
              "bowler": "Suyash Sharma",
              "non_striker": "Aniket Verma",
              "runs": {
                "batter": 1,
                "extras": 0,
                "total": 1
              }
            },
            {
              "batter": "Aniket Verma",
              "bowler": "Suyash Sharma",
              "non_striker": "Ishan Kishan",
              "runs": {
                "batter": 4,
                "extras": 0,
                "total": 4
              }
            },
            {
              "batter": "Aniket Verma",
              "bowler": "Suyash Sharma",
              "non_striker": "Ishan Kishan",
              "runs": {
                "batter": 6,
                "extras": 0,
                "total": 6
              }
            }
          ]
        },
        {
          "over": 11,
          "deliveries": [
            {
              "batter": "Ishan Kishan",
              "bowler": "KH Pandya",
              "non_striker": "Aniket Verma",
              "runs": {
                "batter": 6,
                "extras": 0,
                "total": 6
              }
            },
            {
              "batter": "Ishan Kishan",
              "bowler": "KH Pandya",
              "non_striker": "Aniket Verma",
              "runs": {
                "batter": 1,
                "extras": 0,
                "total": 1
              }
            },
            {
              "batter": "Aniket Verma",
              "bowler": "KH Pandya",
              "non_striker": "Ishan Kishan",
              "runs": {
                "batter": 6,
                "extras": 0,
                "total": 6
              }
            },
            {
              "batter": "Aniket Verma",
              "bowler": "KH Pandya",
              "non_striker": "Ishan Kishan",
              "runs": {
                "batter": 0,
                "extras": 0,
                "total": 0
              },
              "wickets": [
                {
                  "player_out": "Aniket Verma",
                  "fielders": [
                    {
                      "name": "B Kumar"
                    }
                  ],
                  "kind": "caught"
                }
              ]
            },
            {
              "batter": "Nithish Kumar Reddy",
              "bowler": "KH Pandya",
              "non_striker": "Ishan Kishan",
              "runs": {
                "batter": 1,
                "extras": 0,
                "total": 1
              }
            },
            {
              "batter": "Ishan Kishan",
              "bowler": "KH Pandya",
              "non_striker": "Nithish Kumar Reddy",
              "runs": {
                "batter": 1,
                "extras": 0,
                "total": 1
              }
            }
          ]
        },
        {
          "over": 12,
          "deliveries": [
            {
              "batter": "Ishan Kishan",
              "bowler": "L Ngidi",
              "non_striker": "Nithish Kumar Reddy",
              "runs": {
                "batter": 1,
                "extras": 0,
                "total": 1
              }
            },
            {
              "batter": "Nithish Kumar Reddy",
              "bowler": "L Ngidi",
              "non_striker": "Ishan Kishan",
              "runs": {
                "batter": 1,
                "extras": 0,
                "total": 1
              }
            },
            {
              "batter": "Ishan Kishan",
              "bowler": "L Ngidi",
              "non_striker": "Nithish Kumar Reddy",
              "runs": {
                "batter": 4,
                "extras": 0,
                "total": 4
              }
            },
            {
              "batter": "Ishan Kishan",
              "bowler": "L Ngidi",
              "non_striker": "Nithish Kumar Reddy",
              "runs": {
                "batter": 1,
                "extras": 0,
                "total": 1
              }
            },
            {
              "batter": "Nithish Kumar Reddy",
              "bowler": "L Ngidi",
              "non_striker": "Ishan Kishan",
              "runs": {
                "batter": 1,
                "extras": 0,
                "total": 1
              }
            },
            {
              "batter": "Ishan Kishan",
              "bowler": "L Ngidi",
              "non_striker": "Nithish Kumar Reddy",
              "runs": {
                "batter": 1,
                "extras": 0,
                "total": 1
              }
            }
          ]
        },
        {
          "over": 13,
          "deliveries": [
            {
              "batter": "Ishan Kishan",
              "bowler": "KH Pandya",
              "non_striker": "Nithish Kumar Reddy",
              "runs": {
                "batter": 2,
                "extras": 0,
                "total": 2
              }
            },
            {
              "batter": "Ishan Kishan",
              "bowler": "KH Pandya",
              "non_striker": "Nithish Kumar Reddy",
              "runs": {
                "batter": 1,
                "extras": 0,
                "total": 1
              }
            },
            {
              "batter": "Nithish Kumar Reddy",
              "bowler": "KH Pandya",
              "non_striker": "Ishan Kishan",
              "runs": {
                "batter": 0,
                "extras": 0,
                "total": 0
              }
            },
            {
              "batter": "Nithish Kumar Reddy",
              "bowler": "KH Pandya",
              "non_striker": "Ishan Kishan",
              "runs": {
                "batter": 1,
                "extras": 0,
                "total": 1
              }
            },
            {
              "batter": "Ishan Kishan",
              "bowler": "KH Pandya",
              "non_striker": "Nithish Kumar Reddy",
              "runs": {
                "batter": 4,
                "extras": 0,
                "total": 4
              }
            },
            {
              "batter": "Ishan Kishan",
              "bowler": "KH Pandya",
              "non_striker": "Nithish Kumar Reddy",
              "runs": {
                "batter": 0,
                "extras": 0,
                "total": 0
              }
            }
          ]
        },
        {
          "over": 14,
          "deliveries": [
            {
              "batter": "Nithish Kumar Reddy",
              "bowler": "R Shepherd",
              "non_striker": "Ishan Kishan",
              "runs": {
                "batter": 0,
                "extras": 0,
                "total": 0
              }
            },
            {
              "batter": "Nithish Kumar Reddy",
              "bowler": "R Shepherd",
              "non_striker": "Ishan Kishan",
              "runs": {
                "batter": 0,
                "extras": 0,
                "total": 0
              },
              "wickets": [
                {
                  "player_out": "Nithish Kumar Reddy",
                  "fielders": [
                    {
                      "name": "KH Pandya"
                    }
                  ],
                  "kind": "caught"
                }
              ]
            },
            {
              "batter": "A Manohar",
              "bowler": "R Shepherd",
              "extras": {
                "legbyes": 1
              },
              "non_striker": "Ishan Kishan",
              "runs": {
                "batter": 0,
                "extras": 1,
                "total": 1
              }
            },
            {
              "batter": "Ishan Kishan",
              "bowler": "R Shepherd",
              "non_striker": "A Manohar",
              "runs": {
                "batter": 1,
                "extras": 0,
                "total": 1
              }
            },
            {
              "batter": "A Manohar",
              "bowler": "R Shepherd",
              "non_striker": "Ishan Kishan",
              "runs": {
                "batter": 0,
                "extras": 0,
                "total": 0
              }
            },
            {
              "batter": "A Manohar",
              "bowler": "R Shepherd",
              "extras": {
                "wides": 1
              },
              "non_striker": "Ishan Kishan",
              "runs": {
                "batter": 0,
                "extras": 1,
                "total": 1
              }
            },
            {
              "batter": "A Manohar",
              "bowler": "R Shepherd",
              "non_striker": "Ishan Kishan",
              "runs": {
                "batter": 1,
                "extras": 0,
                "total": 1
              }
            }
          ]
        },
        {
          "over": 15,
          "deliveries": [
            {
              "batter": "A Manohar",
              "bowler": "B Kumar",
              "non_striker": "Ishan Kishan",
              "runs": {
                "batter": 0,
                "extras": 0,
                "total": 0
              }
            },
            {
              "batter": "A Manohar",
              "bowler": "B Kumar",
              "non_striker": "Ishan Kishan",
              "runs": {
                "batter": 0,
                "extras": 0,
                "total": 0
              }
            },
            {
              "batter": "A Manohar",
              "bowler": "B Kumar",
              "non_striker": "Ishan Kishan",
              "runs": {
                "batter": 6,
                "extras": 0,
                "total": 6
              }
            },
            {
              "batter": "A Manohar",
              "bowler": "B Kumar",
              "non_striker": "Ishan Kishan",
              "runs": {
                "batter": 1,
                "extras": 0,
                "total": 1
              }
            },
            {
              "batter": "Ishan Kishan",
              "bowler": "B Kumar",
              "non_striker": "A Manohar",
              "runs": {
                "batter": 1,
                "extras": 0,
                "total": 1
              }
            },
            {
              "batter": "A Manohar",
              "bowler": "B Kumar",
              "non_striker": "Ishan Kishan",
              "runs": {
                "batter": 1,
                "extras": 0,
                "total": 1
              }
            }
          ]
        },
        {
          "over": 16,
          "deliveries": [
            {
              "batter": "A Manohar",
              "bowler": "R Shepherd",
              "non_striker": "Ishan Kishan",
              "runs": {
                "batter": 2,
                "extras": 0,
                "total": 2
              }
            },
            {
              "batter": "A Manohar",
              "bowler": "R Shepherd",
              "non_striker": "Ishan Kishan",
              "runs": {
                "batter": 1,
                "extras": 0,
                "total": 1
              }
            },
            {
              "batter": "Ishan Kishan",
              "bowler": "R Shepherd",
              "extras": {
                "wides": 1
              },
              "non_striker": "A Manohar",
              "runs": {
                "batter": 0,
                "extras": 1,
                "total": 1
              }
            },
            {
              "batter": "Ishan Kishan",
              "bowler": "R Shepherd",
              "non_striker": "A Manohar",
              "runs": {
                "batter": 0,
                "extras": 0,
                "total": 0
              }
            },
            {
              "batter": "Ishan Kishan",
              "bowler": "R Shepherd",
              "non_striker": "A Manohar",
              "runs": {
                "batter": 6,
                "extras": 0,
                "total": 6
              }
            },
            {
              "batter": "Ishan Kishan",
              "bowler": "R Shepherd",
              "non_striker": "A Manohar",
              "runs": {
                "batter": 1,
                "extras": 0,
                "total": 1
              }
            },
            {
              "batter": "A Manohar",
              "bowler": "R Shepherd",
              "non_striker": "Ishan Kishan",
              "runs": {
                "batter": 0,
                "extras": 0,
                "total": 0
              },
              "wickets": [
                {
                  "player_out": "A Manohar",
                  "fielders": [
                    {
                      "name": "PD Salt"
                    }
                  ],
                  "kind": "caught"
                }
              ]
            }
          ]
        },
        {
          "over": 17,
          "deliveries": [
            {
              "batter": "Ishan Kishan",
              "bowler": "B Kumar",
              "non_striker": "PJ Cummins",
              "runs": {
                "batter": 2,
                "extras": 0,
                "total": 2
              }
            },
            {
              "batter": "Ishan Kishan",
              "bowler": "B Kumar",
              "non_striker": "PJ Cummins",
              "runs": {
                "batter": 4,
                "extras": 0,
                "total": 4
              }
            },
            {
              "batter": "Ishan Kishan",
              "bowler": "B Kumar",
              "non_striker": "PJ Cummins",
              "runs": {
                "batter": 2,
                "extras": 0,
                "total": 2
              }
            },
            {
              "batter": "Ishan Kishan",
              "bowler": "B Kumar",
              "non_striker": "PJ Cummins",
              "runs": {
                "batter": 0,
                "extras": 0,
                "total": 0
              }
            },
            {
              "batter": "Ishan Kishan",
              "bowler": "B Kumar",
              "non_striker": "PJ Cummins",
              "runs": {
                "batter": 6,
                "extras": 0,
                "total": 6
              }
            },
            {
              "batter": "Ishan Kishan",
              "bowler": "B Kumar",
              "non_striker": "PJ Cummins",
              "runs": {
                "batter": 1,
                "extras": 0,
                "total": 1
              }
            }
          ]
        },
        {
          "over": 18,
          "deliveries": [
            {
              "batter": "Ishan Kishan",
              "bowler": "L Ngidi",
              "non_striker": "PJ Cummins",
              "runs": {
                "batter": 1,
                "extras": 0,
                "total": 1
              }
            },
            {
              "batter": "PJ Cummins",
              "bowler": "L Ngidi",
              "non_striker": "Ishan Kishan",
              "runs": {
                "batter": 2,
                "extras": 0,
                "total": 2
              }
            },
            {
              "batter": "PJ Cummins",
              "bowler": "L Ngidi",
              "non_striker": "Ishan Kishan",
              "runs": {
                "batter": 2,
                "extras": 0,
                "total": 2
              }
            },
            {
              "batter": "PJ Cummins",
              "bowler": "L Ngidi",
              "non_striker": "Ishan Kishan",
              "runs": {
                "batter": 0,
                "extras": 0,
                "total": 0
              }
            },
            {
              "batter": "PJ Cummins",
              "bowler": "L Ngidi",
              "non_striker": "Ishan Kishan",
              "runs": {
                "batter": 6,
                "extras": 0,
                "total": 6
              }
            },
            {
              "batter": "PJ Cummins",
              "bowler": "L Ngidi",
              "non_striker": "Ishan Kishan",
              "runs": {
                "batter": 2,
                "extras": 0,
                "total": 2
              }
            }
          ]
        },
        {
          "over": 19,
          "deliveries": [
            {
              "batter": "Ishan Kishan",
              "bowler": "Yash Dayal",
              "non_striker": "PJ Cummins",
              "runs": {
                "batter": 1,
                "extras": 0,
                "total": 1
              }
            },
            {
              "batter": "PJ Cummins",
              "bowler": "Yash Dayal",
              "non_striker": "Ishan Kishan",
              "runs": {
                "batter": 1,
                "extras": 0,
                "total": 1
              }
            },
            {
              "batter": "Ishan Kishan",
              "bowler": "Yash Dayal",
              "non_striker": "PJ Cummins",
              "runs": {
                "batter": 2,
                "extras": 0,
                "total": 2
              }
            },
            {
              "batter": "Ishan Kishan",
              "bowler": "Yash Dayal",
              "non_striker": "PJ Cummins",
              "runs": {
                "batter": 4,
                "extras": 0,
                "total": 4
              }
            },
            {
              "batter": "Ishan Kishan",
              "bowler": "Yash Dayal",
              "non_striker": "PJ Cummins",
              "runs": {
                "batter": 6,
                "extras": 0,
                "total": 6
              }
            },
            {
              "batter": "Ishan Kishan",
              "bowler": "Yash Dayal",
              "non_striker": "PJ Cummins",
              "runs": {
                "batter": 1,
                "extras": 0,
                "total": 1
              }
            }
          ]
        }
      ],
      "powerplays": [
        {
          "from": 0.1,
          "to": 5.6,
          "type": "mandatory"
        }
      ]
    },
    {
      "team": "Royal Challengers Bengaluru",
      "overs": [
        {
          "over": 0,
          "deliveries": [
            {
              "batter": "PD Salt",
              "bowler": "PJ Cummins",
              "extras": {
                "legbyes": 1
              },
              "non_striker": "V Kohli",
              "replacements": {
                "match": [
                  {
                    "in": "Harsh Dubey",
                    "out": "TM Head",
                    "team": "Sunrisers Hyderabad",
                    "reason": "impact_player"
                  }
                ]
              },
              "runs": {
                "batter": 0,
                "extras": 1,
                "total": 1
              }
            },
            {
              "batter": "V Kohli",
              "bowler": "PJ Cummins",
              "non_striker": "PD Salt",
              "runs": {
                "batter": 4,
                "extras": 0,
                "total": 4
              }
            },
            {
              "batter": "V Kohli",
              "bowler": "PJ Cummins",
              "non_striker": "PD Salt",
              "runs": {
                "batter": 0,
                "extras": 0,
                "total": 0
              }
            },
            {
              "batter": "V Kohli",
              "bowler": "PJ Cummins",
              "non_striker": "PD Salt",
              "runs": {
                "batter": 1,
                "extras": 0,
                "total": 1
              }
            },
            {
              "batter": "PD Salt",
              "bowler": "PJ Cummins",
              "extras": {
                "legbyes": 4
              },
              "non_striker": "V Kohli",
              "runs": {
                "batter": 0,
                "extras": 4,
                "total": 4
              }
            },
            {
              "batter": "PD Salt",
              "bowler": "PJ Cummins",
              "non_striker": "V Kohli",
              "runs": {
                "batter": 0,
                "extras": 0,
                "total": 0
              }
            }
          ]
        },
        {
          "over": 1,
          "deliveries": [
            {
              "batter": "V Kohli",
              "bowler": "JD Unadkat",
              "non_striker": "PD Salt",
              "runs": {
                "batter": 0,
                "extras": 0,
                "total": 0
              }
            },
            {
              "batter": "V Kohli",
              "bowler": "JD Unadkat",
              "non_striker": "PD Salt",
              "runs": {
                "batter": 4,
                "extras": 0,
                "total": 4
              }
            },
            {
              "batter": "V Kohli",
              "bowler": "JD Unadkat",
              "non_striker": "PD Salt",
              "runs": {
                "batter": 2,
                "extras": 0,
                "total": 2
              }
            },
            {
              "batter": "V Kohli",
              "bowler": "JD Unadkat",
              "extras": {
                "legbyes": 1
              },
              "non_striker": "PD Salt",
              "runs": {
                "batter": 0,
                "extras": 1,
                "total": 1
              }
            },
            {
              "batter": "PD Salt",
              "bowler": "JD Unadkat",
              "non_striker": "V Kohli",
              "runs": {
                "batter": 0,
                "extras": 0,
                "total": 0
              }
            },
            {
              "batter": "PD Salt",
              "bowler": "JD Unadkat",
              "non_striker": "V Kohli",
              "runs": {
                "batter": 2,
                "extras": 0,
                "total": 2
              }
            }
          ]
        },
        {
          "over": 2,
          "deliveries": [
            {
              "batter": "V Kohli",
              "bowler": "PJ Cummins",
              "non_striker": "PD Salt",
              "runs": {
                "batter": 4,
                "extras": 0,
                "total": 4
              }
            },
            {
              "batter": "V Kohli",
              "bowler": "PJ Cummins",
              "extras": {
                "legbyes": 1
              },
              "non_striker": "PD Salt",
              "runs": {
                "batter": 0,
                "extras": 1,
                "total": 1
              }
            },
            {
              "batter": "PD Salt",
              "bowler": "PJ Cummins",
              "non_striker": "V Kohli",
              "runs": {
                "batter": 1,
                "extras": 0,
                "total": 1
              }
            },
            {
              "batter": "V Kohli",
              "bowler": "PJ Cummins",
              "non_striker": "PD Salt",
              "runs": {
                "batter": 4,
                "extras": 0,
                "total": 4
              }
            },
            {
              "batter": "V Kohli",
              "bowler": "PJ Cummins",
              "non_striker": "PD Salt",
              "runs": {
                "batter": 0,
                "extras": 0,
                "total": 0
              }
            },
            {
              "batter": "V Kohli",
              "bowler": "PJ Cummins",
              "non_striker": "PD Salt",
              "runs": {
                "batter": 2,
                "extras": 0,
                "total": 2
              }
            }
          ]
        },
        {
          "over": 3,
          "deliveries": [
            {
              "batter": "PD Salt",
              "bowler": "HV Patel",
              "extras": {
                "noballs": 1
              },
              "non_striker": "V Kohli",
              "runs": {
                "batter": 0,
                "extras": 1,
                "total": 1
              }
            },
            {
              "batter": "PD Salt",
              "bowler": "HV Patel",
              "non_striker": "V Kohli",
              "runs": {
                "batter": 1,
                "extras": 0,
                "total": 1
              }
            },
            {
              "batter": "V Kohli",
              "bowler": "HV Patel",
              "non_striker": "PD Salt",
              "runs": {
                "batter": 4,
                "extras": 0,
                "total": 4
              }
            },
            {
              "batter": "V Kohli",
              "bowler": "HV Patel",
              "non_striker": "PD Salt",
              "runs": {
                "batter": 4,
                "extras": 0,
                "total": 4
              }
            },
            {
              "batter": "V Kohli",
              "bowler": "HV Patel",
              "extras": {
                "wides": 1
              },
              "non_striker": "PD Salt",
              "runs": {
                "batter": 0,
                "extras": 1,
                "total": 1
              }
            },
            {
              "batter": "V Kohli",
              "bowler": "HV Patel",
              "non_striker": "PD Salt",
              "runs": {
                "batter": 0,
                "extras": 0,
                "total": 0
              }
            },
            {
              "batter": "V Kohli",
              "bowler": "HV Patel",
              "non_striker": "PD Salt",
              "runs": {
                "batter": 0,
                "extras": 0,
                "total": 0
              }
            },
            {
              "batter": "V Kohli",
              "bowler": "HV Patel",
              "non_striker": "PD Salt",
              "runs": {
                "batter": 0,
                "extras": 0,
                "total": 0
              }
            }
          ]
        },
        {
          "over": 4,
          "deliveries": [
            {
              "batter": "PD Salt",
              "bowler": "JD Unadkat",
              "non_striker": "V Kohli",
              "runs": {
                "batter": 1,
                "extras": 0,
                "total": 1
              }
            },
            {
              "batter": "V Kohli",
              "bowler": "JD Unadkat",
              "non_striker": "PD Salt",
              "runs": {
                "batter": 4,
                "extras": 0,
                "total": 4
              }
            },
            {
              "batter": "V Kohli",
              "bowler": "JD Unadkat",
              "non_striker": "PD Salt",
              "runs": {
                "batter": 1,
                "extras": 0,
                "total": 1
              }
            },
            {
              "batter": "PD Salt",
              "bowler": "JD Unadkat",
              "extras": {
                "wides": 1
              },
              "non_striker": "V Kohli",
              "runs": {
                "batter": 0,
                "extras": 1,
                "total": 1
              }
            },
            {
              "batter": "PD Salt",
              "bowler": "JD Unadkat",
              "non_striker": "V Kohli",
              "runs": {
                "batter": 4,
                "extras": 0,
                "total": 4
              }
            },
            {
              "batter": "PD Salt",
              "bowler": "JD Unadkat",
              "non_striker": "V Kohli",
              "runs": {
                "batter": 1,
                "extras": 0,
                "total": 1
              }
            },
            {
              "batter": "V Kohli",
              "bowler": "JD Unadkat",
              "non_striker": "PD Salt",
              "runs": {
                "batter": 1,
                "extras": 0,
                "total": 1
              }
            }
          ]
        },
        {
          "over": 5,
          "deliveries": [
            {
              "batter": "V Kohli",
              "bowler": "E Malinga",
              "non_striker": "PD Salt",
              "runs": {
                "batter": 6,
                "extras": 0,
                "total": 6
              }
            },
            {
              "batter": "V Kohli",
              "bowler": "E Malinga",
              "non_striker": "PD Salt",
              "runs": {
                "batter": 1,
                "extras": 0,
                "total": 1
              }
            },
            {
              "batter": "PD Salt",
              "bowler": "E Malinga",
              "non_striker": "V Kohli",
              "runs": {
                "batter": 4,
                "extras": 0,
                "total": 4
              }
            },
            {
              "batter": "PD Salt",
              "bowler": "E Malinga",
              "non_striker": "V Kohli",
              "runs": {
                "batter": 0,
                "extras": 0,
                "total": 0
              }
            },
            {
              "batter": "PD Salt",
              "bowler": "E Malinga",
              "non_striker": "V Kohli",
              "runs": {
                "batter": 6,
                "extras": 0,
                "total": 6
              }
            },
            {
              "batter": "PD Salt",
              "bowler": "E Malinga",
              "non_striker": "V Kohli",
              "runs": {
                "batter": 0,
                "extras": 0,
                "total": 0
              }
            }
          ]
        },
        {
          "over": 6,
          "deliveries": [
            {
              "batter": "V Kohli",
              "bowler": "Harsh Dubey",
              "non_striker": "PD Salt",
              "runs": {
                "batter": 0,
                "extras": 0,
                "total": 0
              }
            },
            {
              "batter": "V Kohli",
              "bowler": "Harsh Dubey",
              "non_striker": "PD Salt",
              "runs": {
                "batter": 1,
                "extras": 0,
                "total": 1
              }
            },
            {
              "batter": "PD Salt",
              "bowler": "Harsh Dubey",
              "non_striker": "V Kohli",
              "runs": {
                "batter": 0,
                "extras": 0,
                "total": 0
              }
            },
            {
              "batter": "PD Salt",
              "bowler": "Harsh Dubey",
              "non_striker": "V Kohli",
              "runs": {
                "batter": 6,
                "extras": 0,
                "total": 6
              }
            },
            {
              "batter": "PD Salt",
              "bowler": "Harsh Dubey",
              "non_striker": "V Kohli",
              "runs": {
                "batter": 1,
                "extras": 0,
                "total": 1
              }
            },
            {
              "batter": "V Kohli",
              "bowler": "Harsh Dubey",
              "non_striker": "PD Salt",
              "runs": {
                "batter": 0,
                "extras": 0,
                "total": 0
              },
              "wickets": [
                {
                  "player_out": "V Kohli",
                  "fielders": [
                    {
                      "name": "Abhishek Sharma"
                    }
                  ],
                  "kind": "caught"
                }
              ]
            }
          ]
        },
        {
          "over": 7,
          "deliveries": [
            {
              "batter": "PD Salt",
              "bowler": "HV Patel",
              "non_striker": "MA Agarwal",
              "runs": {
                "batter": 4,
                "extras": 0,
                "total": 4
              }
            },
            {
              "batter": "PD Salt",
              "bowler": "HV Patel",
              "non_striker": "MA Agarwal",
              "runs": {
                "batter": 1,
                "extras": 0,
                "total": 1
              }
            },
            {
              "batter": "MA Agarwal",
              "bowler": "HV Patel",
              "non_striker": "PD Salt",
              "runs": {
                "batter": 0,
                "extras": 0,
                "total": 0
              }
            },
            {
              "batter": "MA Agarwal",
              "bowler": "HV Patel",
              "non_striker": "PD Salt",
              "runs": {
                "batter": 4,
                "extras": 0,
                "total": 4
              }
            },
            {
              "batter": "MA Agarwal",
              "bowler": "HV Patel",
              "non_striker": "PD Salt",
              "runs": {
                "batter": 1,
                "extras": 0,
                "total": 1
              }
            },
            {
              "batter": "PD Salt",
              "bowler": "HV Patel",
              "non_striker": "MA Agarwal",
              "runs": {
                "batter": 6,
                "extras": 0,
                "total": 6
              }
            }
          ]
        },
        {
          "over": 8,
          "deliveries": [
            {
              "batter": "MA Agarwal",
              "bowler": "Harsh Dubey",
              "non_striker": "PD Salt",
              "runs": {
                "batter": 1,
                "extras": 0,
                "total": 1
              }
            },
            {
              "batter": "PD Salt",
              "bowler": "Harsh Dubey",
              "non_striker": "MA Agarwal",
              "runs": {
                "batter": 6,
                "extras": 0,
                "total": 6
              }
            },
            {
              "batter": "PD Salt",
              "bowler": "Harsh Dubey",
              "non_striker": "MA Agarwal",
              "runs": {
                "batter": 1,
                "extras": 0,
                "total": 1
              }
            },
            {
              "batter": "MA Agarwal",
              "bowler": "Harsh Dubey",
              "non_striker": "PD Salt",
              "runs": {
                "batter": 2,
                "extras": 0,
                "total": 2
              }
            },
            {
              "batter": "MA Agarwal",
              "bowler": "Harsh Dubey",
              "non_striker": "PD Salt",
              "runs": {
                "batter": 1,
                "extras": 0,
                "total": 1
              }
            },
            {
              "batter": "PD Salt",
              "bowler": "Harsh Dubey",
              "non_striker": "MA Agarwal",
              "runs": {
                "batter": 1,
                "extras": 0,
                "total": 1
              }
            }
          ]
        },
        {
          "over": 9,
          "deliveries": [
            {
              "batter": "PD Salt",
              "bowler": "E Malinga",
              "non_striker": "MA Agarwal",
              "runs": {
                "batter": 2,
                "extras": 0,
                "total": 2
              }
            },
            {
              "batter": "PD Salt",
              "bowler": "E Malinga",
              "non_striker": "MA Agarwal",
              "runs": {
                "batter": 1,
                "extras": 0,
                "total": 1
              }
            },
            {
              "batter": "MA Agarwal",
              "bowler": "E Malinga",
              "non_striker": "PD Salt",
              "runs": {
                "batter": 1,
                "extras": 0,
                "total": 1
              }
            },
            {
              "batter": "PD Salt",
              "bowler": "E Malinga",
              "non_striker": "MA Agarwal",
              "runs": {
                "batter": 4,
                "extras": 0,
                "total": 4
              }
            },
            {
              "batter": "PD Salt",
              "bowler": "E Malinga",
              "non_striker": "MA Agarwal",
              "runs": {
                "batter": 0,
                "extras": 0,
                "total": 0
              }
            },
            {
              "batter": "PD Salt",
              "bowler": "E Malinga",
              "non_striker": "MA Agarwal",
              "runs": {
                "batter": 2,
                "extras": 0,
                "total": 2
              }
            }
          ]
        },
        {
          "over": 10,
          "deliveries": [
            {
              "batter": "MA Agarwal",
              "bowler": "Nithish Kumar Reddy",
              "non_striker": "PD Salt",
              "runs": {
                "batter": 1,
                "extras": 0,
                "total": 1
              }
            },
            {
              "batter": "PD Salt",
              "bowler": "Nithish Kumar Reddy",
              "non_striker": "MA Agarwal",
              "runs": {
                "batter": 1,
                "extras": 0,
                "total": 1
              }
            },
            {
              "batter": "MA Agarwal",
              "bowler": "Nithish Kumar Reddy",
              "non_striker": "PD Salt",
              "runs": {
                "batter": 0,
                "extras": 0,
                "total": 0
              }
            },
            {
              "batter": "MA Agarwal",
              "bowler": "Nithish Kumar Reddy",
              "non_striker": "PD Salt",
              "runs": {
                "batter": 0,
                "extras": 0,
                "total": 0
              },
              "wickets": [
                {
                  "player_out": "MA Agarwal",
                  "fielders": [
                    {
                      "name": "Ishan Kishan"
                    }
                  ],
                  "kind": "caught"
                }
              ]
            },
            {
              "batter": "RM Patidar",
              "bowler": "Nithish Kumar Reddy",
              "non_striker": "PD Salt",
              "replacements": {
                "match": [
                  {
                    "in": "RM Patidar",
                    "out": "Suyash Sharma",
                    "team": "Royal Challengers Bengaluru",
                    "reason": "impact_player"
                  }
                ]
              },
              "runs": {
                "batter": 1,
                "extras": 0,
                "total": 1
              }
            },
            {
              "batter": "PD Salt",
              "bowler": "Nithish Kumar Reddy",
              "non_striker": "RM Patidar",
              "runs": {
                "batter": 6,
                "extras": 0,
                "total": 6
              }
            }
          ]
        },
        {
          "over": 11,
          "deliveries": [
            {
              "batter": "RM Patidar",
              "bowler": "PJ Cummins",
              "non_striker": "PD Salt",
              "runs": {
                "batter": 1,
                "extras": 0,
                "total": 1
              }
            },
            {
              "batter": "PD Salt",
              "bowler": "PJ Cummins",
              "extras": {
                "wides": 1
              },
              "non_striker": "RM Patidar",
              "runs": {
                "batter": 0,
                "extras": 1,
                "total": 1
              }
            },
            {
              "batter": "PD Salt",
              "bowler": "PJ Cummins",
              "non_striker": "RM Patidar",
              "runs": {
                "batter": 0,
                "extras": 0,
                "total": 0
              },
              "wickets": [
                {
                  "player_out": "PD Salt",
                  "fielders": [
                    {
                      "name": "HV Patel"
                    }
                  ],
                  "kind": "caught"
                }
              ]
            },
            {
              "batter": "JM Sharma",
              "bowler": "PJ Cummins",
              "non_striker": "RM Patidar",
              "runs": {
                "batter": 6,
                "extras": 0,
                "total": 6
              }
            },
            {
              "batter": "JM Sharma",
              "bowler": "PJ Cummins",
              "non_striker": "RM Patidar",
              "runs": {
                "batter": 1,
                "extras": 0,
                "total": 1
              }
            },
            {
              "batter": "RM Patidar",
              "bowler": "PJ Cummins",
              "non_striker": "JM Sharma",
              "runs": {
                "batter": 1,
                "extras": 0,
                "total": 1
              }
            },
            {
              "batter": "JM Sharma",
              "bowler": "PJ Cummins",
              "extras": {
                "wides": 1
              },
              "non_striker": "RM Patidar",
              "runs": {
                "batter": 0,
                "extras": 1,
                "total": 1
              }
            },
            {
              "batter": "JM Sharma",
              "bowler": "PJ Cummins",
              "non_striker": "RM Patidar",
              "runs": {
                "batter": 0,
                "extras": 0,
                "total": 0
              }
            }
          ]
        },
        {
          "over": 12,
          "deliveries": [
            {
              "batter": "RM Patidar",
              "bowler": "HV Patel",
              "non_striker": "JM Sharma",
              "runs": {
                "batter": 4,
                "extras": 0,
                "total": 4
              }
            },
            {
              "batter": "RM Patidar",
              "bowler": "HV Patel",
              "non_striker": "JM Sharma",
              "runs": {
                "batter": 0,
                "extras": 0,
                "total": 0
              }
            },
            {
              "batter": "RM Patidar",
              "bowler": "HV Patel",
              "non_striker": "JM Sharma",
              "runs": {
                "batter": 2,
                "extras": 0,
                "total": 2
              }
            },
            {
              "batter": "RM Patidar",
              "bowler": "HV Patel",
              "non_striker": "JM Sharma",
              "runs": {
                "batter": 2,
                "extras": 0,
                "total": 2
              }
            },
            {
              "batter": "RM Patidar",
              "bowler": "HV Patel",
              "non_striker": "JM Sharma",
              "runs": {
                "batter": 1,
                "extras": 0,
                "total": 1
              }
            },
            {
              "batter": "JM Sharma",
              "bowler": "HV Patel",
              "non_striker": "RM Patidar",
              "runs": {
                "batter": 1,
                "extras": 0,
                "total": 1
              }
            }
          ]
        },
        {
          "over": 13,
          "deliveries": [
            {
              "batter": "JM Sharma",
              "bowler": "JD Unadkat",
              "non_striker": "RM Patidar",
              "runs": {
                "batter": 4,
                "extras": 0,
                "total": 4
              }
            },
            {
              "batter": "JM Sharma",
              "bowler": "JD Unadkat",
              "non_striker": "RM Patidar",
              "runs": {
                "batter": 6,
                "extras": 0,
                "total": 6
              }
            },
            {
              "batter": "JM Sharma",
              "bowler": "JD Unadkat",
              "non_striker": "RM Patidar",
              "runs": {
                "batter": 1,
                "extras": 0,
                "total": 1
              }
            },
            {
              "batter": "RM Patidar",
              "bowler": "JD Unadkat",
              "non_striker": "JM Sharma",
              "runs": {
                "batter": 2,
                "extras": 0,
                "total": 2
              }
            },
            {
              "batter": "RM Patidar",
              "bowler": "JD Unadkat",
              "non_striker": "JM Sharma",
              "runs": {
                "batter": 1,
                "extras": 0,
                "total": 1
              }
            },
            {
              "batter": "JM Sharma",
              "bowler": "JD Unadkat",
              "non_striker": "RM Patidar",
              "runs": {
                "batter": 1,
                "extras": 0,
                "total": 1
              }
            }
          ]
        },
        {
          "over": 14,
          "deliveries": [
            {
              "batter": "JM Sharma",
              "bowler": "Nithish Kumar Reddy",
              "non_striker": "RM Patidar",
              "runs": {
                "batter": 1,
                "extras": 0,
                "total": 1
              }
            },
            {
              "batter": "RM Patidar",
              "bowler": "Nithish Kumar Reddy",
              "non_striker": "JM Sharma",
              "runs": {
                "batter": 1,
                "extras": 0,
                "total": 1
              }
            },
            {
              "batter": "JM Sharma",
              "bowler": "Nithish Kumar Reddy",
              "non_striker": "RM Patidar",
              "runs": {
                "batter": 0,
                "extras": 0,
                "total": 0
              }
            },
            {
              "batter": "JM Sharma",
              "bowler": "Nithish Kumar Reddy",
              "non_striker": "RM Patidar",
              "runs": {
                "batter": 1,
                "extras": 0,
                "total": 1
              }
            },
            {
              "batter": "RM Patidar",
              "bowler": "Nithish Kumar Reddy",
              "non_striker": "JM Sharma",
              "runs": {
                "batter": 0,
                "extras": 0,
                "total": 0
              }
            },
            {
              "batter": "RM Patidar",
              "bowler": "Nithish Kumar Reddy",
              "non_striker": "JM Sharma",
              "runs": {
                "batter": 1,
                "extras": 0,
                "total": 1
              }
            }
          ]
        },
        {
          "over": 15,
          "deliveries": [
            {
              "batter": "RM Patidar",
              "bowler": "E Malinga",
              "extras": {
                "legbyes": 4
              },
              "non_striker": "JM Sharma",
              "runs": {
                "batter": 0,
                "extras": 4,
                "total": 4
              }
            },
            {
              "batter": "RM Patidar",
              "bowler": "E Malinga",
              "non_striker": "JM Sharma",
              "runs": {
                "batter": 1,
                "extras": 0,
                "total": 1
              }
            },
            {
              "batter": "JM Sharma",
              "bowler": "E Malinga",
              "non_striker": "RM Patidar",
              "runs": {
                "batter": 1,
                "extras": 0,
                "total": 1
              }
            },
            {
              "batter": "RM Patidar",
              "bowler": "E Malinga",
              "non_striker": "JM Sharma",
              "runs": {
                "batter": 0,
                "extras": 0,
                "total": 0
              },
              "wickets": [
                {
                  "player_out": "RM Patidar",
                  "fielders": [
                    {
                      "name": "E Malinga"
                    }
                  ],
                  "kind": "run out"
                }
              ]
            },
            {
              "batter": "JM Sharma",
              "bowler": "E Malinga",
              "non_striker": "R Shepherd",
              "runs": {
                "batter": 1,
                "extras": 0,
                "total": 1
              }
            },
            {
              "batter": "R Shepherd",
              "bowler": "E Malinga",
              "non_striker": "JM Sharma",
              "runs": {
                "batter": 0,
                "extras": 0,
                "total": 0
              },
              "wickets": [
                {
                  "player_out": "R Shepherd",
                  "kind": "caught and bowled"
                }
              ]
            }
          ]
        },
        {
          "over": 16,
          "deliveries": [
            {
              "batter": "JM Sharma",
              "bowler": "JD Unadkat",
              "non_striker": "KH Pandya",
              "runs": {
                "batter": 0,
                "extras": 0,
                "total": 0
              }
            },
            {
              "batter": "JM Sharma",
              "bowler": "JD Unadkat",
              "non_striker": "KH Pandya",
              "runs": {
                "batter": 0,
                "extras": 0,
                "total": 0
              },
              "wickets": [
                {
                  "player_out": "JM Sharma",
                  "fielders": [
                    {
                      "name": "A Manohar"
                    }
                  ],
                  "kind": "caught"
                }
              ]
            },
            {
              "batter": "TH David",
              "bowler": "JD Unadkat",
              "non_striker": "KH Pandya",
              "runs": {
                "batter": 1,
                "extras": 0,
                "total": 1
              }
            },
            {
              "batter": "KH Pandya",
              "bowler": "JD Unadkat",
              "non_striker": "TH David",
              "runs": {
                "batter": 0,
                "extras": 0,
                "total": 0
              }
            },
            {
              "batter": "KH Pandya",
              "bowler": "JD Unadkat",
              "non_striker": "TH David",
              "runs": {
                "batter": 0,
                "extras": 0,
                "total": 0
              }
            },
            {
              "batter": "KH Pandya",
              "bowler": "JD Unadkat",
              "non_striker": "TH David",
              "runs": {
                "batter": 4,
                "extras": 0,
                "total": 4
              }
            }
          ]
        },
        {
          "over": 17,
          "deliveries": [
            {
              "batter": "TH David",
              "bowler": "E Malinga",
              "non_striker": "KH Pandya",
              "runs": {
                "batter": 0,
                "extras": 0,
                "total": 0
              }
            },
            {
              "batter": "TH David",
              "bowler": "E Malinga",
              "non_striker": "KH Pandya",
              "runs": {
                "batter": 0,
                "extras": 0,
                "total": 0
              }
            },
            {
              "batter": "TH David",
              "bowler": "E Malinga",
              "non_striker": "KH Pandya",
              "runs": {
                "batter": 0,
                "extras": 0,
                "total": 0
              }
            },
            {
              "batter": "TH David",
              "bowler": "E Malinga",
              "non_striker": "KH Pandya",
              "runs": {
                "batter": 0,
                "extras": 0,
                "total": 0
              },
              "wickets": [
                {
                  "player_out": "TH David",
                  "fielders": [
                    {
                      "name": "H Klaasen"
                    }
                  ],
                  "kind": "caught"
                }
              ]
            },
            {
              "batter": "B Kumar",
              "bowler": "E Malinga",
              "non_striker": "KH Pandya",
              "runs": {
                "batter": 3,
                "extras": 0,
                "total": 3
              }
            },
            {
              "batter": "KH Pandya",
              "bowler": "E Malinga",
              "non_striker": "B Kumar",
              "runs": {
                "batter": 4,
                "extras": 0,
                "total": 4
              }
            }
          ]
        },
        {
          "over": 18,
          "deliveries": [
            {
              "batter": "B Kumar",
              "bowler": "PJ Cummins",
              "non_striker": "KH Pandya",
              "runs": {
                "batter": 0,
                "extras": 0,
                "total": 0
              },
              "wickets": [
                {
                  "player_out": "B Kumar",
                  "kind": "bowled"
                }
              ]
            },
            {
              "batter": "Yash Dayal",
              "bowler": "PJ Cummins",
              "non_striker": "KH Pandya",
              "runs": {
                "batter": 1,
                "extras": 0,
                "total": 1
              }
            },
            {
              "batter": "KH Pandya",
              "bowler": "PJ Cummins",
              "non_striker": "Yash Dayal",
              "runs": {
                "batter": 0,
                "extras": 0,
                "total": 0
              }
            },
            {
              "batter": "KH Pandya",
              "bowler": "PJ Cummins",
              "non_striker": "Yash Dayal",
              "runs": {
                "batter": 0,
                "extras": 0,
                "total": 0
              },
              "wickets": [
                {
                  "player_out": "KH Pandya",
                  "kind": "hit wicket"
                }
              ]
            },
            {
              "batter": "L Ngidi",
              "bowler": "PJ Cummins",
              "non_striker": "Yash Dayal",
              "runs": {
                "batter": 0,
                "extras": 0,
                "total": 0
              }
            },
            {
              "batter": "L Ngidi",
              "bowler": "PJ Cummins",
              "non_striker": "Yash Dayal",
              "runs": {
                "batter": 0,
                "extras": 0,
                "total": 0
              }
            }
          ]
        },
        {
          "over": 19,
          "deliveries": [
            {
              "batter": "Yash Dayal",
              "bowler": "HV Patel",
              "non_striker": "L Ngidi",
              "runs": {
                "batter": 0,
                "extras": 0,
                "total": 0
              }
            },
            {
              "batter": "Yash Dayal",
              "bowler": "HV Patel",
              "non_striker": "L Ngidi",
              "runs": {
                "batter": 0,
                "extras": 0,
                "total": 0
              }
            },
            {
              "batter": "Yash Dayal",
              "bowler": "HV Patel",
              "non_striker": "L Ngidi",
              "runs": {
                "batter": 2,
                "extras": 0,
                "total": 2
              }
            },
            {
              "batter": "Yash Dayal",
              "bowler": "HV Patel",
              "non_striker": "L Ngidi",
              "runs": {
                "batter": 0,
                "extras": 0,
                "total": 0
              }
            },
            {
              "batter": "Yash Dayal",
              "bowler": "HV Patel",
              "non_striker": "L Ngidi",
              "runs": {
                "batter": 0,
                "extras": 0,
                "total": 0
              },
              "wickets": [
                {
                  "player_out": "Yash Dayal",
                  "fielders": [
                    {
                      "name": "Aniket Verma"
                    }
                  ],
                  "kind": "caught"
                }
              ]
            }
          ]
        }
      ],
      "powerplays": [
        {
          "from": 0.1,
          "to": 5.6,
          "type": "mandatory"
        }
      ],
      "target": {
        "overs": 20,
        "runs": 232
      }
    }
  ]
}