{
  "meta": {
    "data_version": "1.1.0",
    "created": "2025-04-01",
    "revision": 1
  },
  "info": {
    "balls_per_over": 6,
    "city": "Visakhapatnam",
    "dates": [
      "2025-03-30"
    ],
    "event": {
      "name": "Indian Premier League",
      "match_number": 10
    },
    "gender": "male",
    "match_type": "T20",
    "officials": {
      "match_referees": [
        "V Narayan Kutty"
      ],
      "reserve_umpires": [
        "AK Argal"
      ],
      "tv_umpires": [
        "VK Sharma"
      ],
      "umpires": [
        "Abhijit Bhattacharya",
        "UV Gandhe"
      ]
    },
    "outcome": {
      "winner": "Delhi Capitals",
      "by": {
        "wickets": 7
      }
    },
    "overs": 20,
    "player_of_match": [
      "MA Starc"
    ],
    "players": {
      "Sunrisers Hyderabad": [
        "Abhishek Sharma",
        "TM Head",
        "Ishan Kishan",
        "Nithish Kumar Reddy",
        "Aniket Verma",
        "H Klaasen",
        "A Manohar",
        "PJ Cummins",
        "PWA Mulder",
        "HV Patel",
        "Mohammed Shami",
        "Zeeshan Ansari"
      ],
      "Delhi Capitals": [
        "J Fraser-McGurk",
        "F du Plessis",
        "Abishek Porel",
        "KL Rahul",
        "T Stubbs",
        "AR Patel",
        "V Nigam",
        "MA Starc",
        "Kuldeep Yadav",
        "MM Sharma",
        "Mukesh Kumar"
      ]
    },
    "registry": {
      "people": {
        "A Manohar": "0890552f",
        "AK Argal": "0ee78cf3",
        "AR Patel": "2e171977",
        "Abhijit Bhattacharya": "59ec9638",
        "Abhishek Sharma": "f29185a1",
        "Abishek Porel": "ad3b6e95",
        "Aniket Verma": "a3b0600d",
        "F du Plessis": "3355b542",
        "H Klaasen": "235c2bb6",
        "HV Patel": "f986ca1a",
        "Ishan Kishan": "752f7486",
        "J Fraser-McGurk": "9b6e1b3f",
        "KL Rahul": "b17e2f24",
        "Kuldeep Yadav": "8d2c70ad",
        "MA Starc": "3fb19989",
        "MM Sharma": "759ac88f",
        "Mohammed Shami": "8cf9814c",
        "Mukesh Kumar": "2cffab74",
        "Nithish Kumar Reddy": "aad0c365",
        "PJ Cummins": "ded9240e",
        "PWA Mulder": "c96f6ac5",
        "T Stubbs": "85b3fab2",
        "TM Head": "12b610c2",
        "UV Gandhe": "43dd4011",
        "V Narayan Kutty": "4bacee3d",
        "V Nigam": "5ffc0565",
        "VK Sharma": "a7a49df4",
        "Zeeshan Ansari": "36619795"
      }
    },
    "season": "2025",
    "team_type": "club",
    "teams": [
      "Sunrisers Hyderabad",
      "Delhi Capitals"
    ],
    "toss": {
      "decision": "bat",
      "winner": "Sunrisers Hyderabad"
    },
    "venue": "Dr. Y.S. Rajasekhara Reddy ACA-VDCA Cricket Stadium, Visakhapatnam"
  },
  "innings": [
    {
      "team": "Sunrisers Hyderabad",
      "overs": [
        {
          "over": 0,
          "deliveries": [
            {
              "batter": "Abhishek Sharma",
              "bowler": "MA Starc",
              "non_striker": "TM Head",
              "runs": {
                "batter": 1,
                "extras": 0,
                "total": 1
              }
            },
            {
              "batter": "TM Head",
              "bowler": "MA Starc",
              "non_striker": "Abhishek Sharma",
              "runs": {
                "batter": 4,
                "extras": 0,
                "total": 4
              }
            },
            {
              "batter": "TM Head",
              "bowler": "MA Starc",
              "non_striker": "Abhishek Sharma",
              "runs": {
                "batter": 4,
                "extras": 0,
                "total": 4
              }
            },
            {
              "batter": "TM Head",
              "bowler": "MA Starc",
              "non_striker": "Abhishek Sharma",
              "runs": {
                "batter": 2,
                "extras": 0,
                "total": 2
              }
            },
            {
              "batter": "TM Head",
              "bowler": "MA Starc",
              "non_striker": "Abhishek Sharma",
              "runs": {
                "batter": 0,
                "extras": 0,
                "total": 0
              },
              "wickets": [
                {
                  "player_out": "Abhishek Sharma",
                  "fielders": [
                    {
                      "name": "V Nigam"
                    }
                  ],
                  "kind": "run out"
                }
              ]
            },
            {
              "batter": "Ishan Kishan",
              "bowler": "MA Starc",
              "non_striker": "TM Head",
              "runs": {
                "batter": 0,
                "extras": 0,
                "total": 0
              }
            }
          ]
        },
        {
          "over": 1,
          "deliveries": [
            {
              "batter": "TM Head",
              "bowler": "Mukesh Kumar",
              "non_striker": "Ishan Kishan",
              "runs": {
                "batter": 1,
                "extras": 0,
                "total": 1
              }
            },
            {
              "batter": "Ishan Kishan",
              "bowler": "Mukesh Kumar",
              "non_striker": "TM Head",
              "runs": {
                "batter": 1,
                "extras": 0,
                "total": 1
              }
            },
            {
              "batter": "TM Head",
              "bowler": "Mukesh Kumar",
              "extras": {
                "wides": 1
              },
              "non_striker": "Ishan Kishan",
              "runs": {
                "batter": 0,
                "extras": 1,
                "total": 1
              }
            },
            {
              "batter": "TM Head",
              "bowler": "Mukesh Kumar",
              "non_striker": "Ishan Kishan",
              "runs": {
                "batter": 1,
                "extras": 0,
                "total": 1
              }
            },
            {
              "batter": "Ishan Kishan",
              "bowler": "Mukesh Kumar",
              "non_striker": "TM Head",
              "review": {
                "by": "Delhi Capitals",
                "umpire": "Abhijit Bhattacharya",
                "batter": "Ishan Kishan",
                "decision": "struck down",
                "type": "wicket"
              },
              "runs": {
                "batter": 0,
                "extras": 0,
                "total": 0
              }
            },
            {
              "batter": "Ishan Kishan",
              "bowler": "Mukesh Kumar",
              "non_striker": "TM Head",
              "runs": {
                "batter": 1,
                "extras": 0,
                "total": 1
              }
            },
            {
              "batter": "TM Head",
              "bowler": "Mukesh Kumar",
              "non_striker": "Ishan Kishan",
              "runs": {
                "batter": 4,
                "extras": 0,
                "total": 4
              }
            }
          ]
        },
        {
          "over": 2,
          "deliveries": [
            {
              "batter": "Ishan Kishan",
              "bowler": "MA Starc",
              "non_striker": "TM Head",
              "runs": {
                "batter": 0,
                "extras": 0,
                "total": 0
              },
              "wickets": [
                {
                  "player_out": "Ishan Kishan",
                  "fielders": [
                    {
                      "name": "T Stubbs"
                    }
                  ],
                  "kind": "caught"
                }
              ]
            },
            {
              "batter": "Nithish Kumar Reddy",
              "bowler": "MA Starc",
              "extras": {
                "wides": 5
              },
              "non_striker": "TM Head",
              "runs": {
                "batter": 0,
                "extras": 5,
                "total": 5
              }
            },
            {
              "batter": "Nithish Kumar Reddy",
              "bowler": "MA Starc",
              "non_striker": "TM Head",
              "runs": {
                "batter": 0,
                "extras": 0,
                "total": 0
              }
            },
            {
              "batter": "Nithish Kumar Reddy",
              "bowler": "MA Starc",
              "non_striker": "TM Head",
              "runs": {
                "batter": 0,
                "extras": 0,
                "total": 0
              },
              "wickets": [
                {
                  "player_out": "Nithish Kumar Reddy",
                  "fielders": [
                    {
                      "name": "AR Patel"
                    }
                  ],
                  "kind": "caught"
                }
              ]
            },
            {
              "batter": "Aniket Verma",
              "bowler": "MA Starc",
              "non_striker": "TM Head",
              "runs": {
                "batter": 0,
                "extras": 0,
                "total": 0
              }
            },
            {
              "batter": "Aniket Verma",
              "bowler": "MA Starc",
              "non_striker": "TM Head",
              "runs": {
                "batter": 4,
                "extras": 0,
                "total": 4
              }
            },
            {
              "batter": "Aniket Verma",
              "bowler": "MA Starc",
              "non_striker": "TM Head",
              "runs": {
                "batter": 0,
                "extras": 0,
                "total": 0
              }
            }
          ]
        },
        {
          "over": 3,
          "deliveries": [
            {
              "batter": "TM Head",
              "bowler": "Mukesh Kumar",
              "non_striker": "Aniket Verma",
              "runs": {
                "batter": 1,
                "extras": 0,
                "total": 1
              }
            },
            {
              "batter": "Aniket Verma",
              "bowler": "Mukesh Kumar",
              "non_striker": "TM Head",
              "runs": {
                "batter": 1,
                "extras": 0,
                "total": 1
              }
            },
            {
              "batter": "TM Head",
              "bowler": "Mukesh Kumar",
              "non_striker": "Aniket Verma",
              "runs": {
                "batter": 0,
                "extras": 0,
                "total": 0
              }
            },
            {
              "batter": "TM Head",
              "bowler": "Mukesh Kumar",
              "non_striker": "Aniket Verma",
              "runs": {
                "batter": 4,
                "extras": 0,
                "total": 4
              }
            },
            {
              "batter": "TM Head",
              "bowler": "Mukesh Kumar",
              "non_striker": "Aniket Verma",
              "runs": {
                "batter": 1,
                "extras": 0,
                "total": 1
              }
            },
            {
              "batter": "Aniket Verma",
              "bowler": "Mukesh Kumar",
              "extras": {
                "wides": 1
              },
              "non_striker": "TM Head",
              "runs": {
                "batter": 0,
                "extras": 1,
                "total": 1
              }
            },
            {
              "batter": "Aniket Verma",
              "bowler": "Mukesh Kumar",
              "non_striker": "TM Head",
              "runs": {
                "batter": 0,
                "extras": 0,
                "total": 0
              }
            }
          ]
        },
        {
          "over": 4,
          "deliveries": [
            {
              "batter": "TM Head",
              "bowler": "MA Starc",
              "non_striker": "Aniket Verma",
              "runs": {
                "batter": 0,
                "extras": 0,
                "total": 0
              },
              "wickets": [
                {
                  "player_out": "TM Head",
                  "fielders": [
                    {
                      "name": "KL Rahul"
                    }
                  ],
                  "kind": "caught"
                }
              ]
            },
            {
              "batter": "H Klaasen",
              "bowler": "MA Starc",
              "extras": {
                "noballs": 1
              },
              "non_striker": "Aniket Verma",
              "runs": {
                "batter": 1,
                "extras": 1,
                "total": 2
              }
            },
            {
              "batter": "Aniket Verma",
              "bowler": "MA Starc",
              "non_striker": "H Klaasen",
              "runs": {
                "batter": 1,
                "extras": 0,
                "total": 1
              }
            },
            {
              "batter": "H Klaasen",
              "bowler": "MA Starc",
              "non_striker": "Aniket Verma",
              "runs": {
                "batter": 0,
                "extras": 0,
                "total": 0
              }
            },
            {
              "batter": "H Klaasen",
              "bowler": "MA Starc",
              "non_striker": "Aniket Verma",
              "runs": {
                "batter": 6,
                "extras": 0,
                "total": 6
              }
            },
            {
              "batter": "H Klaasen",
              "bowler": "MA Starc",
              "non_striker": "Aniket Verma",
              "runs": {
                "batter": 4,
                "extras": 0,
                "total": 4
              }
            },
            {
              "batter": "H Klaasen",
              "bowler": "MA Starc",
              "non_striker": "Aniket Verma",
              "runs": {
                "batter": 0,
                "extras": 0,
                "total": 0
              }
            }
          ]
        },
        {
          "over": 5,
          "deliveries": [
            {
              "batter": "Aniket Verma",
              "bowler": "AR Patel",
              "non_striker": "H Klaasen",
              "runs": {
                "batter": 0,
                "extras": 0,
                "total": 0
              }
            },
            {
              "batter": "Aniket Verma",
              "bowler": "AR Patel",
              "non_striker": "H Klaasen",
              "runs": {
                "batter": 1,
                "extras": 0,
                "total": 1
              }
            },
            {
              "batter": "H Klaasen",
              "bowler": "AR Patel",
              "non_striker": "Aniket Verma",
              "runs": {
                "batter": 4,
                "extras": 0,
                "total": 4
              }
            },
            {
              "batter": "H Klaasen",
              "bowler": "AR Patel",
              "non_striker": "Aniket Verma",
              "runs": {
                "batter": 1,
                "extras": 0,
                "total": 1
              }
            },
            {
              "batter": "Aniket Verma",
              "bowler": "AR Patel",
              "non_striker": "H Klaasen",
              "runs": {
                "batter": 1,
                "extras": 0,
                "total": 1
              }
            },
            {
              "batter": "H Klaasen",
              "bowler": "AR Patel",
              "non_striker": "Aniket Verma",
              "runs": {
                "batter": 1,
                "extras": 0,
                "total": 1
              }
            }
          ]
        },
        {
          "over": 6,
          "deliveries": [
            {
              "batter": "H Klaasen",
              "bowler": "V Nigam",
              "non_striker": "Aniket Verma",
              "runs": {
                "batter": 1,
                "extras": 0,
                "total": 1
              }
            },
            {
              "batter": "Aniket Verma",
              "bowler": "V Nigam",
              "non_striker": "H Klaasen",
              "runs": {
                "batter": 1,
                "extras": 0,
                "total": 1
              }
            },
            {
              "batter": "H Klaasen",
              "bowler": "V Nigam",
              "extras": {
                "noballs": 1
              },
              "non_striker": "Aniket Verma",
              "runs": {
                "batter": 1,
                "extras": 1,
                "total": 2
              }
            },
            {
              "batter": "Aniket Verma",
              "bowler": "V Nigam",
              "non_striker": "H Klaasen",
              "runs": {
                "batter": 4,
                "extras": 0,
                "total": 4
              }
            },
            {
              "batter": "Aniket Verma",
              "bowler": "V Nigam",
              "non_striker": "H Klaasen",
              "runs": {
                "batter": 6,
                "extras": 0,
                "total": 6
              }
            },
            {
              "batter": "Aniket Verma",
              "bowler": "V Nigam",
              "non_striker": "H Klaasen",
              "runs": {
                "batter": 1,
                "extras": 0,
                "total": 1
              }
            },
            {
              "batter": "H Klaasen",
              "bowler": "V Nigam",
              "non_striker": "Aniket Verma",
              "runs": {
                "batter": 1,
                "extras": 0,
                "total": 1
              }
            }
          ]
        },
        {
          "over": 7,
          "deliveries": [
            {
              "batter": "H Klaasen",
              "bowler": "AR Patel",
              "non_striker": "Aniket Verma",
              "runs": {
                "batter": 1,
                "extras": 0,
                "total": 1
              }
            },
            {
              "batter": "Aniket Verma",
              "bowler": "AR Patel",
              "non_striker": "H Klaasen",
              "runs": {
                "batter": 6,
                "extras": 0,
                "total": 6
              }
            },
            {
              "batter": "Aniket Verma",
              "bowler": "AR Patel",
              "non_striker": "H Klaasen",
              "runs": {
                "batter": 6,
                "extras": 0,
                "total": 6
              }
            },
            {
              "batter": "Aniket Verma",
              "bowler": "AR Patel",
              "non_striker": "H Klaasen",
              "runs": {
                "batter": 1,
                "extras": 0,
                "total": 1
              }
            },
            {
              "batter": "H Klaasen",
              "bowler": "AR Patel",
              "non_striker": "Aniket Verma",
              "runs": {
                "batter": 1,
                "extras": 0,
                "total": 1
              }
            },
            {
              "batter": "Aniket Verma",
              "bowler": "AR Patel",
              "non_striker": "H Klaasen",
              "runs": {
                "batter": 1,
                "extras": 0,
                "total": 1
              }
            }
          ]
        },
        {
          "over": 8,
          "deliveries": [
            {
              "batter": "Aniket Verma",
              "bowler": "MM Sharma",
              "non_striker": "H Klaasen",
              "runs": {
                "batter": 1,
                "extras": 0,
                "total": 1
              }
            },
            {
              "batter": "H Klaasen",
              "bowler": "MM Sharma",
              "non_striker": "Aniket Verma",
              "runs": {
                "batter": 1,
                "extras": 0,
                "total": 1
              }
            },
            {
              "batter": "Aniket Verma",
              "bowler": "MM Sharma",
              "non_striker": "H Klaasen",
              "runs": {
                "batter": 0,
                "extras": 0,
                "total": 0
              }
            },
            {
              "batter": "Aniket Verma",
              "bowler": "MM Sharma",
              "non_striker": "H Klaasen",
              "runs": {
                "batter": 4,
                "extras": 0,
                "total": 4
              }
            },
            {
              "batter": "Aniket Verma",
              "bowler": "MM Sharma",
              "non_striker": "H Klaasen",
              "runs": {
                "batter": 1,
                "extras": 0,
                "total": 1
              }
            },
            {
              "batter": "H Klaasen",
              "bowler": "MM Sharma",
              "non_striker": "Aniket Verma",
              "runs": {
                "batter": 1,
                "extras": 0,
                "total": 1
              }
            }
          ]
        },
        {
          "over": 9,
          "deliveries": [
            {
              "batter": "H Klaasen",
              "bowler": "Kuldeep Yadav",
              "non_striker": "Aniket Verma",
              "runs": {
                "batter": 6,
                "extras": 0,
                "total": 6
              }
            },
            {
              "batter": "H Klaasen",
              "bowler": "Kuldeep Yadav",
              "non_striker": "Aniket Verma",
              "runs": {
                "batter": 1,
                "extras": 0,
                "total": 1
              }
            },
            {
              "batter": "Aniket Verma",
              "bowler": "Kuldeep Yadav",
              "non_striker": "H Klaasen",
              "runs": {
                "batter": 0,
                "extras": 0,
                "total": 0
              }
            },
            {
              "batter": "Aniket Verma",
              "bowler": "Kuldeep Yadav",
              "non_striker": "H Klaasen",
              "runs": {
                "batter": 0,
                "extras": 0,
                "total": 0
              }
            },
            {
              "batter": "Aniket Verma",
              "bowler": "Kuldeep Yadav",
              "non_striker": "H Klaasen",
              "runs": {
                "batter": 0,
                "extras": 0,
                "total": 0
              }
            },
            {
              "batter": "Aniket Verma",
              "bowler": "Kuldeep Yadav",
              "non_striker": "H Klaasen",
              "runs": {
                "batter": 0,
                "extras": 0,
                "total": 0
              }
            }
          ]
        },
        {
          "over": 10,
          "deliveries": [
            {
              "batter": "H Klaasen",
              "bowler": "MM Sharma",
              "non_striker": "Aniket Verma",
              "runs": {
                "batter": 1,
                "extras": 0,
                "total": 1
              }
            },
            {
              "batter": "Aniket Verma",
              "bowler": "MM Sharma",
              "non_striker": "H Klaasen",
              "runs": {
                "batter": 2,
                "extras": 0,
                "total": 2
              }
            },
            {
              "batter": "Aniket Verma",
              "bowler": "MM Sharma",
              "non_striker": "H Klaasen",
              "runs": {
                "batter": 4,
                "extras": 0,
                "total": 4
              }
            },
            {
              "batter": "Aniket Verma",
              "bowler": "MM Sharma",
              "non_striker": "H Klaasen",
              "runs": {
                "batter": 1,
                "extras": 0,
                "total": 1
              }
            },
            {
              "batter": "H Klaasen",
              "bowler": "MM Sharma",
              "extras": {
                "wides": 1
              },
              "non_striker": "Aniket Verma",
              "runs": {
                "batter": 0,
                "extras": 1,
                "total": 1
              }
            },
            {
              "batter": "H Klaasen",
              "bowler": "MM Sharma",
              "non_striker": "Aniket Verma",
              "runs": {
                "batter": 0,
                "extras": 0,
                "total": 0
              },
              "wickets": [
                {
                  "player_out": "H Klaasen",
                  "fielders": [
                    {
                      "name": "V Nigam"
                    }
                  ],
                  "kind": "caught"
                }
              ]
            },
            {
              "batter": "A Manohar",
              "bowler": "MM Sharma",
              "non_striker": "Aniket Verma",
              "runs": {
                "batter": 1,
                "extras": 0,
                "total": 1
              }
            }
          ]
        },
        {
          "over": 11,
          "deliveries": [
            {
              "batter": "A Manohar",
              "bowler": "Kuldeep Yadav",
              "non_striker": "Aniket Verma",
              "runs": {
                "batter": 1,
                "extras": 0,
                "total": 1
              }
            },
            {
              "batter": "Aniket Verma",
              "bowler": "Kuldeep Yadav",
              "non_striker": "A Manohar",
              "runs": {
                "batter": 1,
                "extras": 0,
                "total": 1
              }
            },
            {
              "batter": "A Manohar",
              "bowler": "Kuldeep Yadav",
              "non_striker": "Aniket Verma",
              "runs": {
                "batter": 0,
                "extras": 0,
                "total": 0
              }
            },
            {
              "batter": "A Manohar",
              "bowler": "Kuldeep Yadav",
              "non_striker": "Aniket Verma",
              "runs": {
                "batter": 0,
                "extras": 0,
                "total": 0
              }
            },
            {
              "batter": "A Manohar",
              "bowler": "Kuldeep Yadav",
              "non_striker": "Aniket Verma",
              "runs": {
                "batter": 2,
                "extras": 0,
                "total": 2
              }
            },
            {
              "batter": "A Manohar",
              "bowler": "Kuldeep Yadav",
              "non_striker": "Aniket Verma",
              "runs": {
                "batter": 0,
                "extras": 0,
                "total": 0
              },
              "wickets": [
                {
                  "player_out": "A Manohar",
                  "fielders": [
                    {
                      "name": "F du Plessis"
                    }
                  ],
                  "kind": "caught"
                }
              ]
            }
          ]
        },
        {
          "over": 12,
          "deliveries": [
            {
              "batter": "Aniket Verma",
              "bowler": "AR Patel",
              "non_striker": "PJ Cummins",
              "runs": {
                "batter": 0,
                "extras": 0,
                "total": 0
              }
            },
            {
              "batter": "Aniket Verma",
              "bowler": "AR Patel",
              "non_striker": "PJ Cummins",
              "runs": {
                "batter": 1,
                "extras": 0,
                "total": 1
              }
            },
            {
              "batter": "PJ Cummins",
              "bowler": "AR Patel",
              "non_striker": "Aniket Verma",
              "runs": {
                "batter": 0,
                "extras": 0,
                "total": 0
              }
            },
            {
              "batter": "PJ Cummins",
              "bowler": "AR Patel",
              "non_striker": "Aniket Verma",
              "runs": {
                "batter": 1,
                "extras": 0,
                "total": 1
              }
            },
            {
              "batter": "Aniket Verma",
              "bowler": "AR Patel",
              "non_striker": "PJ Cummins",
              "runs": {
                "batter": 0,
                "extras": 0,
                "total": 0
              }
            },
            {
              "batter": "Aniket Verma",
              "bowler": "AR Patel",
              "non_striker": "PJ Cummins",
              "runs": {
                "batter": 0,
                "extras": 0,
                "total": 0
              }
            }
          ]
        },
        {
          "over": 13,
          "deliveries": [
            {
              "batter": "PJ Cummins",
              "bowler": "Kuldeep Yadav",
              "non_striker": "Aniket Verma",
              "runs": {
                "batter": 0,
                "extras": 0,
                "total": 0
              }
            },
            {
              "batter": "PJ Cummins",
              "bowler": "Kuldeep Yadav",
              "non_striker": "Aniket Verma",
              "runs": {
                "batter": 0,
                "extras": 0,
                "total": 0
              }
            },
            {
              "batter": "PJ Cummins",
              "bowler": "Kuldeep Yadav",
              "non_striker": "Aniket Verma",
              "runs": {
                "batter": 0,
                "extras": 0,
                "total": 0
              }
            },
            {
              "batter": "PJ Cummins",
              "bowler": "Kuldeep Yadav",
              "non_striker": "Aniket Verma",
              "runs": {
                "batter": 1,
                "extras": 0,
                "total": 1
              }
            },
            {
              "batter": "Aniket Verma",
              "bowler": "Kuldeep Yadav",
              "non_striker": "PJ Cummins",
              "runs": {
                "batter": 1,
                "extras": 0,
                "total": 1
              }
            },
            {
              "batter": "PJ Cummins",
              "bowler": "Kuldeep Yadav",
              "non_striker": "Aniket Verma",
              "runs": {
                "batter": 0,
                "extras": 0,
                "total": 0
              },
              "wickets": [
                {
                  "player_out": "PJ Cummins",
                  "fielders": [
                    {
                      "name": "J Fraser-McGurk"
                    }
                  ],
                  "kind": "caught"
                }
              ]
            }
          ]
        },
        {
          "over": 14,
          "deliveries": [
            {
              "batter": "Aniket Verma",
              "bowler": "AR Patel",
              "non_striker": "PWA Mulder",
              "replacements": {
                "match": [
                  {
                    "in": "PWA Mulder",
                    "out": "TM Head",
                    "team": "Sunrisers Hyderabad",
                    "reason": "impact_player"
                  }
                ]
              },
              "runs": {
                "batter": 4,
                "extras": 0,
                "total": 4
              }
            },
            {
              "batter": "Aniket Verma",
              "bowler": "AR Patel",
              "non_striker": "PWA Mulder",
              "runs": {
                "batter": 6,
                "extras": 0,
                "total": 6
              }
            },
            {
              "batter": "Aniket Verma",
              "bowler": "AR Patel",
              "non_striker": "PWA Mulder",
              "runs": {
                "batter": 6,
                "extras": 0,
                "total": 6
              }
            },
            {
              "batter": "Aniket Verma",
              "bowler": "AR Patel",
              "non_striker": "PWA Mulder",
              "runs": {
                "batter": 1,
                "extras": 0,
                "total": 1
              }
            },
            {
              "batter": "PWA Mulder",
              "bowler": "AR Patel",
              "non_striker": "Aniket Verma",
              "runs": {
                "batter": 0,
                "extras": 0,
                "total": 0
              }
            },
            {
              "batter": "PWA Mulder",
              "bowler": "AR Patel",
              "non_striker": "Aniket Verma",
              "runs": {
                "batter": 0,
                "extras": 0,
                "total": 0
              }
            }
          ]
        },
        {
          "over": 15,
          "deliveries": [
            {
              "batter": "Aniket Verma",
              "bowler": "Kuldeep Yadav",
              "non_striker": "PWA Mulder",
              "runs": {
                "batter": 1,
                "extras": 0,
                "total": 1
              }
            },
            {
              "batter": "PWA Mulder",
              "bowler": "Kuldeep Yadav",
              "non_striker": "Aniket Verma",
              "runs": {
                "batter": 0,
                "extras": 0,
                "total": 0
              }
            },
            {
              "batter": "PWA Mulder",
              "bowler": "Kuldeep Yadav",
              "non_striker": "Aniket Verma",
              "runs": {
                "batter": 1,
                "extras": 0,
                "total": 1
              }
            },
            {
              "batter": "Aniket Verma",
              "bowler": "Kuldeep Yadav",
              "non_striker": "PWA Mulder",
              "runs": {
                "batter": 6,
                "extras": 0,
                "total": 6
              }
            },
            {
              "batter": "Aniket Verma",
              "bowler": "Kuldeep Yadav",
              "non_striker": "PWA Mulder",
              "runs": {
                "batter": 0,
                "extras": 0,
                "total": 0
              },
              "wickets": [
                {
                  "player_out": "Aniket Verma",
                  "fielders": [
                    {
                      "name": "J Fraser-McGurk"
                    }
                  ],
                  "kind": "caught"
                }
              ]
            },
            {
              "batter": "HV Patel",
              "bowler": "Kuldeep Yadav",
              "non_striker": "PWA Mulder",
              "runs": {
                "batter": 1,
                "extras": 0,
                "total": 1
              }
            }
          ]
        },
        {
          "over": 16,
          "deliveries": [
            {
              "batter": "HV Patel",
              "bowler": "MM Sharma",
              "non_striker": "PWA Mulder",
              "runs": {
                "batter": 0,
                "extras": 0,
                "total": 0
              }
            },
            {
              "batter": "HV Patel",
              "bowler": "MM Sharma",
              "non_striker": "PWA Mulder",
              "runs": {
                "batter": 1,
                "extras": 0,
                "total": 1
              }
            },
            {
              "batter": "PWA Mulder",
              "bowler": "MM Sharma",
              "non_striker": "HV Patel",
              "runs": {
                "batter": 1,
                "extras": 0,
                "total": 1
              }
            },
            {
              "batter": "HV Patel",
              "bowler": "MM Sharma",
              "non_striker": "PWA Mulder",
              "runs": {
                "batter": 1,
                "extras": 0,
                "total": 1
              }
            },
            {
              "batter": "PWA Mulder",
              "bowler": "MM Sharma",
              "non_striker": "HV Patel",
              "runs": {
                "batter": 4,
                "extras": 0,
                "total": 4
              }
            },
            {
              "batter": "PWA Mulder",
              "bowler": "MM Sharma",
              "non_striker": "HV Patel",
              "runs": {
                "batter": 0,
                "extras": 0,
                "total": 0
              }
            }
          ]
        },
        {
          "over": 17,
          "deliveries": [
            {
              "batter": "HV Patel",
              "bowler": "V Nigam",
              "non_striker": "PWA Mulder",
              "review": {
                "by": "Sunrisers Hyderabad",
                "umpire": "Abhijit Bhattacharya",
                "batter": "HV Patel",
                "decision": "upheld",
                "type": "wicket"
              },
              "runs": {
                "batter": 0,
                "extras": 0,
                "total": 0
              }
            },
            {
              "batter": "HV Patel",
              "bowler": "V Nigam",
              "non_striker": "PWA Mulder",
              "runs": {
                "batter": 0,
                "extras": 0,
                "total": 0
              }
            },
            {
              "batter": "HV Patel",
              "bowler": "V Nigam",
              "non_striker": "PWA Mulder",
              "runs": {
                "batter": 1,
                "extras": 0,
                "total": 1
              }
            },
            {
              "batter": "PWA Mulder",
              "bowler": "V Nigam",
              "non_striker": "HV Patel",
              "runs": {
                "batter": 1,
                "extras": 0,
                "total": 1
              }
            },
            {
              "batter": "HV Patel",
              "bowler": "V Nigam",
              "non_striker": "PWA Mulder",
              "runs": {
                "batter": 1,
                "extras": 0,
                "total": 1
              }
            },
            {
              "batter": "PWA Mulder",
              "bowler": "V Nigam",
              "extras": {
                "wides": 1
              },
              "non_striker": "HV Patel",
              "runs": {
                "batter": 0,
                "extras": 1,
                "total": 1
              }
            },
            {
              "batter": "PWA Mulder",
              "bowler": "V Nigam",
              "non_striker": "HV Patel",
              "runs": {
                "batter": 1,
                "extras": 0,
                "total": 1
              }
            }
          ]
        },
        {
          "over": 18,
          "deliveries": [
            {
              "batter": "PWA Mulder",
              "bowler": "MA Starc",
              "non_striker": "HV Patel",
              "runs": {
                "batter": 1,
                "extras": 0,
                "total": 1
              }
            },
            {
              "batter": "HV Patel",
              "bowler": "MA Starc",
              "non_striker": "PWA Mulder",
              "runs": {
                "batter": 0,
                "extras": 0,
                "total": 0
              },
              "wickets": [
                {
                  "player_out": "HV Patel",
                  "fielders": [
                    {
                      "name": "AR Patel"
                    }
                  ],
                  "kind": "caught"
                }
              ]
            },
            {
              "batter": "Mohammed Shami",
              "bowler": "MA Starc",
              "non_striker": "PWA Mulder",
              "runs": {
                "batter": 1,
                "extras": 0,
                "total": 1
              }
            },
            {
              "batter": "PWA Mulder",
              "bowler": "MA Starc",
              "non_striker": "Mohammed Shami",
              "runs": {
                "batter": 0,
                "extras": 0,
                "total": 0
              },
              "wickets": [
                {
                  "player_out": "PWA Mulder",
                  "fielders": [
                    {
                      "name": "F du Plessis"
                    }
                  ],
                  "kind": "caught"
                }
              ]
            }
          ]
        }
      ],
      "powerplays": [
        {
          "from": 0.1,
          "to": 5.6,
          "type": "mandatory"
        }
      ]
    },
    {
      "team": "Delhi Capitals",
      "overs": [
        {
          "over": 0,
          "deliveries": [
            {
              "batter": "J Fraser-McGurk",
              "bowler": "Mohammed Shami",
              "non_striker": "F du Plessis",
              "runs": {
                "batter": 0,
                "extras": 0,
                "total": 0
              }
            },
            {
              "batter": "J Fraser-McGurk",
              "bowler": "Mohammed Shami",
              "non_striker": "F du Plessis",
              "runs": {
                "batter": 0,
                "extras": 0,
                "total": 0
              }
            },
            {
              "batter": "J Fraser-McGurk",
              "bowler": "Mohammed Shami",
              "non_striker": "F du Plessis",
              "runs": {
                "batter": 0,
                "extras": 0,
                "total": 0
              }
            },
            {
              "batter": "J Fraser-McGurk",
              "bowler": "Mohammed Shami",
              "non_striker": "F du Plessis",
              "runs": {
                "batter": 0,
                "extras": 0,
                "total": 0
              }
            },
            {
              "batter": "J Fraser-McGurk",
              "bowler": "Mohammed Shami",
              "non_striker": "F du Plessis",
              "runs": {
                "batter": 1,
                "extras": 0,
                "total": 1
              }
            },
            {
              "batter": "F du Plessis",
              "bowler": "Mohammed Shami",
              "non_striker": "J Fraser-McGurk",
              "runs": {
                "batter": 1,
                "extras": 0,
                "total": 1
              }
            }
          ]
        },
        {
          "over": 1,
          "deliveries": [
            {
              "batter": "F du Plessis",
              "bowler": "Abhishek Sharma",
              "non_striker": "J Fraser-McGurk",
              "runs": {
                "batter": 1,
                "extras": 0,
                "total": 1
              }
            },
            {
              "batter": "J Fraser-McGurk",
              "bowler": "Abhishek Sharma",
              "non_striker": "F du Plessis",
              "runs": {
                "batter": 0,
                "extras": 0,
                "total": 0
              }
            },
            {
              "batter": "J Fraser-McGurk",
              "bowler": "Abhishek Sharma",
              "non_striker": "F du Plessis",
              "runs": {
                "batter": 6,
                "extras": 0,
                "total": 6
              }
            },
            {
              "batter": "J Fraser-McGurk",
              "bowler": "Abhishek Sharma",
              "non_striker": "F du Plessis",
              "runs": {
                "batter": 1,
                "extras": 0,
                "total": 1
              }
            },
            {
              "batter": "F du Plessis",
              "bowler": "Abhishek Sharma",
              "non_striker": "J Fraser-McGurk",
              "runs": {
                "batter": 0,
                "extras": 0,
                "total": 0
              }
            },
            {
              "batter": "F du Plessis",
              "bowler": "Abhishek Sharma",
              "non_striker": "J Fraser-McGurk",
              "runs": {
                "batter": 1,
                "extras": 0,
                "total": 1
              }
            }
          ]
        },
        {
          "over": 2,
          "deliveries": [
            {
              "batter": "F du Plessis",
              "bowler": "Mohammed Shami",
              "non_striker": "J Fraser-McGurk",
              "runs": {
                "batter": 6,
                "extras": 0,
                "total": 6
              }
            },
            {
              "batter": "F du Plessis",
              "bowler": "Mohammed Shami",
              "non_striker": "J Fraser-McGurk",
              "runs": {
                "batter": 4,
                "extras": 0,
                "total": 4
              }
            },
            {
              "batter": "F du Plessis",
              "bowler": "Mohammed Shami",
              "extras": {
                "legbyes": 4
              },
              "non_striker": "J Fraser-McGurk",
              "runs": {
                "batter": 0,
                "extras": 4,
                "total": 4
              }
            },
            {
              "batter": "F du Plessis",
              "bowler": "Mohammed Shami",
              "non_striker": "J Fraser-McGurk",
              "runs": {
                "batter": 1,
                "extras": 0,
                "total": 1
              }
            },
            {
              "batter": "J Fraser-McGurk",
              "bowler": "Mohammed Shami",
              "non_striker": "F du Plessis",
              "runs": {
                "batter": 0,
                "extras": 0,
                "total": 0
              }
            },
            {
              "batter": "J Fraser-McGurk",
              "bowler": "Mohammed Shami",
              "non_striker": "F du Plessis",
              "runs": {
                "batter": 0,
                "extras": 0,
                "total": 0
              }
            }
          ]
        },
        {
          "over": 3,
          "deliveries": [
            {
              "batter": "F du Plessis",
              "bowler": "PJ Cummins",
              "non_striker": "J Fraser-McGurk",
              "runs": {
                "batter": 4,
                "extras": 0,
                "total": 4
              }
            },
            {
              "batter": "F du Plessis",
              "bowler": "PJ Cummins",
              "non_striker": "J Fraser-McGurk",
              "runs": {
                "batter": 2,
                "extras": 0,
                "total": 2
              }
            },
            {
              "batter": "F du Plessis",
              "bowler": "PJ Cummins",
              "non_striker": "J Fraser-McGurk",
              "runs": {
                "batter": 1,
                "extras": 0,
                "total": 1
              }
            },
            {
              "batter": "J Fraser-McGurk",
              "bowler": "PJ Cummins",
              "non_striker": "F du Plessis",
              "runs": {
                "batter": 0,
                "extras": 0,
                "total": 0
              }
            },
            {
              "batter": "J Fraser-McGurk",
              "bowler": "PJ Cummins",
              "non_striker": "F du Plessis",
              "runs": {
                "batter": 2,
                "extras": 0,
                "total": 2
              }
            },
            {
              "batter": "J Fraser-McGurk",
              "bowler": "PJ Cummins",
              "non_striker": "F du Plessis",
              "runs": {
                "batter": 4,
                "extras": 0,
                "total": 4
              }
            }
          ]
        },
        {
          "over": 4,
          "deliveries": [
            {
              "batter": "F du Plessis",
              "bowler": "Abhishek Sharma",
              "non_striker": "J Fraser-McGurk",
              "runs": {
                "batter": 0,
                "extras": 0,
                "total": 0
              }
            },
            {
              "batter": "F du Plessis",
              "bowler": "Abhishek Sharma",
              "non_striker": "J Fraser-McGurk",
              "runs": {
                "batter": 6,
                "extras": 0,
                "total": 6
              }
            },
            {
              "batter": "F du Plessis",
              "bowler": "Abhishek Sharma",
              "non_striker": "J Fraser-McGurk",
              "runs": {
                "batter": 1,
                "extras": 0,
                "total": 1
              }
            },
            {
              "batter": "J Fraser-McGurk",
              "bowler": "Abhishek Sharma",
              "non_striker": "F du Plessis",
              "runs": {
                "batter": 0,
                "extras": 0,
                "total": 0
              }
            },
            {
              "batter": "J Fraser-McGurk",
              "bowler": "Abhishek Sharma",
              "non_striker": "F du Plessis",
              "runs": {
                "batter": 1,
                "extras": 0,
                "total": 1
              }
            },
            {
              "batter": "F du Plessis",
              "bowler": "Abhishek Sharma",
              "non_striker": "J Fraser-McGurk",
              "runs": {
                "batter": 1,
                "extras": 0,
                "total": 1
              }
            }
          ]
        },
        {
          "over": 5,
          "deliveries": [
            {
              "batter": "F du Plessis",
              "bowler": "HV Patel",
              "extras": {
                "wides": 1
              },
              "non_striker": "J Fraser-McGurk",
              "runs": {
                "batter": 0,
                "extras": 1,
                "total": 1
              }
            },
            {
              "batter": "F du Plessis",
              "bowler": "HV Patel",
              "non_striker": "J Fraser-McGurk",
              "runs": {
                "batter": 0,
                "extras": 0,
                "total": 0
              }
            },
            {
              "batter": "F du Plessis",
              "bowler": "HV Patel",
              "non_striker": "J Fraser-McGurk",
              "runs": {
                "batter": 2,
                "extras": 0,
                "total": 2
              }
            },
            {
              "batter": "F du Plessis",
              "bowler": "HV Patel",
              "non_striker": "J Fraser-McGurk",
              "runs": {
                "batter": 1,
                "extras": 0,
                "total": 1
              }
            },
            {
              "batter": "J Fraser-McGurk",
              "bowler": "HV Patel",
              "non_striker": "F du Plessis",
              "runs": {
                "batter": 0,
                "extras": 0,
                "total": 0
              }
            },
            {
              "batter": "J Fraser-McGurk",
              "bowler": "HV Patel",
              "non_striker": "F du Plessis",
              "runs": {
                "batter": 0,
                "extras": 0,
                "total": 0
              }
            },
            {
              "batter": "J Fraser-McGurk",
              "bowler": "HV Patel",
              "non_striker": "F du Plessis",
              "runs": {
                "batter": 0,
                "extras": 0,
                "total": 0
              }
            }
          ]
        },
        {
          "over": 6,
          "deliveries": [
            {
              "batter": "F du Plessis",
              "bowler": "PJ Cummins",
              "non_striker": "J Fraser-McGurk",
              "runs": {
                "batter": 4,
                "extras": 0,
                "total": 4
              }
            },
            {
              "batter": "F du Plessis",
              "bowler": "PJ Cummins",
              "non_striker": "J Fraser-McGurk",
              "runs": {
                "batter": 6,
                "extras": 0,
                "total": 6
              }
            },
            {
              "batter": "F du Plessis",
              "bowler": "PJ Cummins",
              "non_striker": "J Fraser-McGurk",
              "runs": {
                "batter": 1,
                "extras": 0,
                "total": 1
              }
            },
            {
              "batter": "J Fraser-McGurk",
              "bowler": "PJ Cummins",
              "non_striker": "F du Plessis",
              "runs": {
                "batter": 0,
                "extras": 0,
                "total": 0
              }
            },
            {
              "batter": "J Fraser-McGurk",
              "bowler": "PJ Cummins",
              "non_striker": "F du Plessis",
              "runs": {
                "batter": 1,
                "extras": 0,
                "total": 1
              }
            },
            {
              "batter": "F du Plessis",
              "bowler": "PJ Cummins",
              "non_striker": "J Fraser-McGurk",
              "runs": {
                "batter": 2,
                "extras": 0,
                "total": 2
              }
            }
          ]
        },
        {
          "over": 7,
          "deliveries": [
            {
              "batter": "J Fraser-McGurk",
              "bowler": "Zeeshan Ansari",
              "non_striker": "F du Plessis",
              "runs": {
                "batter": 1,
                "extras": 0,
                "total": 1
              }
            },
            {
              "batter": "F du Plessis",
              "bowler": "Zeeshan Ansari",
              "non_striker": "J Fraser-McGurk",
              "runs": {
                "batter": 2,
                "extras": 0,
                "total": 2
              }
            },
            {
              "batter": "F du Plessis",
              "bowler": "Zeeshan Ansari",
              "non_striker": "J Fraser-McGurk",
              "runs": {
                "batter": 1,
                "extras": 0,
                "total": 1
              }
            },
            {
              "batter": "J Fraser-McGurk",
              "bowler": "Zeeshan Ansari",
              "non_striker": "F du Plessis",
              "runs": {
                "batter": 0,
                "extras": 0,
                "total": 0
              }
            },
            {
              "batter": "J Fraser-McGurk",
              "bowler": "Zeeshan Ansari",
              "non_striker": "F du Plessis",
              "runs": {
                "batter": 4,
                "extras": 0,
                "total": 4
              }
            },
            {
              "batter": "J Fraser-McGurk",
              "bowler": "Zeeshan Ansari",
              "non_striker": "F du Plessis",
              "runs": {
                "batter": 0,
                "extras": 0,
                "total": 0
              }
            }
          ]
        },
        {
          "over": 8,
          "deliveries": [
            {
              "batter": "F du Plessis",
              "bowler": "HV Patel",
              "non_striker": "J Fraser-McGurk",
              "runs": {
                "batter": 1,
                "extras": 0,
                "total": 1
              }
            },
            {
              "batter": "J Fraser-McGurk",
              "bowler": "HV Patel",
              "non_striker": "F du Plessis",
              "runs": {
                "batter": 1,
                "extras": 0,
                "total": 1
              }
            },
            {
              "batter": "F du Plessis",
              "bowler": "HV Patel",
              "non_striker": "J Fraser-McGurk",
              "runs": {
                "batter": 1,
                "extras": 0,
                "total": 1
              }
            },
            {
              "batter": "J Fraser-McGurk",
              "bowler": "HV Patel",
              "non_striker": "F du Plessis",
              "runs": {
                "batter": 0,
                "extras": 0,
                "total": 0
              }
            },
            {
              "batter": "J Fraser-McGurk",
              "bowler": "HV Patel",
              "extras": {
                "byes": 2
              },
              "non_striker": "F du Plessis",
              "runs": {
                "batter": 0,
                "extras": 2,
                "total": 2
              }
            },
            {
              "batter": "J Fraser-McGurk",
              "bowler": "HV Patel",
              "non_striker": "F du Plessis",
              "runs": {
                "batter": 2,
                "extras": 0,
                "total": 2
              }
            }
          ]
        },
        {
          "over": 9,
          "deliveries": [
            {
              "batter": "F du Plessis",
              "bowler": "Zeeshan Ansari",
              "non_striker": "J Fraser-McGurk",
              "runs": {
                "batter": 0,
                "extras": 0,
                "total": 0
              },
              "wickets": [
                {
                  "player_out": "F du Plessis",
                  "fielders": [
                    {
                      "name": "PWA Mulder"
                    }
                  ],
                  "kind": "caught"
                }
              ]
            },
            {
              "batter": "Abishek Porel",
              "bowler": "Zeeshan Ansari",
              "non_striker": "J Fraser-McGurk",
              "runs": {
                "batter": 1,
                "extras": 0,
                "total": 1
              }
            },
            {
              "batter": "J Fraser-McGurk",
              "bowler": "Zeeshan Ansari",
              "non_striker": "Abishek Porel",
              "runs": {
                "batter": 4,
                "extras": 0,
                "total": 4
              }
            },
            {
              "batter": "J Fraser-McGurk",
              "bowler": "Zeeshan Ansari",
              "non_striker": "Abishek Porel",
              "runs": {
                "batter": 4,
                "extras": 0,
                "total": 4
              }
            },
            {
              "batter": "J Fraser-McGurk",
              "bowler": "Zeeshan Ansari",
              "non_striker": "Abishek Porel",
              "runs": {
                "batter": 6,
                "extras": 0,
                "total": 6
              }
            },
            {
              "batter": "J Fraser-McGurk",
              "bowler": "Zeeshan Ansari",
              "non_striker": "Abishek Porel",
              "runs": {
                "batter": 0,
                "extras": 0,
                "total": 0
              },
              "wickets": [
                {
                  "player_out": "J Fraser-McGurk",
                  "kind": "caught and bowled"
                }
              ]
            }
          ]
        },
        {
          "over": 10,
          "deliveries": [
            {
              "batter": "Abishek Porel",
              "bowler": "Mohammed Shami",
              "non_striker": "KL Rahul",
              "runs": {
                "batter": 1,
                "extras": 0,
                "total": 1
              }
            },
            {
              "batter": "KL Rahul",
              "bowler": "Mohammed Shami",
              "non_striker": "Abishek Porel",
              "runs": {
                "batter": 4,
                "extras": 0,
                "total": 4
              }
            },
            {
              "batter": "KL Rahul",
              "bowler": "Mohammed Shami",
              "extras": {
                "wides": 1
              },
              "non_striker": "Abishek Porel",
              "runs": {
                "batter": 0,
                "extras": 1,
                "total": 1
              }
            },
            {
              "batter": "KL Rahul",
              "bowler": "Mohammed Shami",
              "non_striker": "Abishek Porel",
              "runs": {
                "batter": 6,
                "extras": 0,
                "total": 6
              }
            },
            {
              "batter": "KL Rahul",
              "bowler": "Mohammed Shami",
              "non_striker": "Abishek Porel",
              "runs": {
                "batter": 4,
                "extras": 0,
                "total": 4
              }
            },
            {
              "batter": "KL Rahul",
              "bowler": "Mohammed Shami",
              "non_striker": "Abishek Porel",
              "runs": {
                "batter": 1,
                "extras": 0,
                "total": 1
              }
            },
            {
              "batter": "Abishek Porel",
              "bowler": "Mohammed Shami",
              "non_striker": "KL Rahul",
              "runs": {
                "batter": 1,
                "extras": 0,
                "total": 1
              }
            }
          ]
        },
        {
          "over": 11,
          "deliveries": [
            {
              "batter": "Abishek Porel",
              "bowler": "Zeeshan Ansari",
              "non_striker": "KL Rahul",
              "runs": {
                "batter": 1,
                "extras": 0,
                "total": 1
              }
            },
            {
              "batter": "KL Rahul",
              "bowler": "Zeeshan Ansari",
              "non_striker": "Abishek Porel",
              "runs": {
                "batter": 0,
                "extras": 0,
                "total": 0
              },
              "wickets": [
                {
                  "player_out": "KL Rahul",
                  "kind": "bowled"
                }
              ]
            },
            {
              "batter": "T Stubbs",
              "bowler": "Zeeshan Ansari",
              "non_striker": "Abishek Porel",
              "runs": {
                "batter": 1,
                "extras": 0,
                "total": 1
              }
            },
            {
              "batter": "Abishek Porel",
              "bowler": "Zeeshan Ansari",
              "non_striker": "T Stubbs",
              "runs": {
                "batter": 1,
                "extras": 0,
                "total": 1
              }
            },
            {
              "batter": "T Stubbs",
              "bowler": "Zeeshan Ansari",
              "non_striker": "Abishek Porel",
              "runs": {
                "batter": 1,
                "extras": 0,
                "total": 1
              }
            },
            {
              "batter": "Abishek Porel",
              "bowler": "Zeeshan Ansari",
              "non_striker": "T Stubbs",
              "runs": {
                "batter": 1,
                "extras": 0,
                "total": 1
              }
            }
          ]
        },
        {
          "over": 12,
          "deliveries": [
            {
              "batter": "Abishek Porel",
              "bowler": "Abhishek Sharma",
              "non_striker": "T Stubbs",
              "runs": {
                "batter": 1,
                "extras": 0,
                "total": 1
              }
            },
            {
              "batter": "T Stubbs",
              "bowler": "Abhishek Sharma",
              "non_striker": "Abishek Porel",
              "runs": {
                "batter": 1,
                "extras": 0,
                "total": 1
              }
            },
            {
              "batter": "Abishek Porel",
              "bowler": "Abhishek Sharma",
              "non_striker": "T Stubbs",
              "runs": {
                "batter": 1,
                "extras": 0,
                "total": 1
              }
            },
            {
              "batter": "T Stubbs",
              "bowler": "Abhishek Sharma",
              "non_striker": "Abishek Porel",
              "runs": {
                "batter": 1,
                "extras": 0,
                "total": 1
              }
            },
            {
              "batter": "Abishek Porel",
              "bowler": "Abhishek Sharma",
              "non_striker": "T Stubbs",
              "runs": {
                "batter": 4,
                "extras": 0,
                "total": 4
              }
            },
            {
              "batter": "Abishek Porel",
              "bowler": "Abhishek Sharma",
              "non_striker": "T Stubbs",
              "runs": {
                "batter": 1,
                "extras": 0,
                "total": 1
              }
            }
          ]
        },
        {
          "over": 13,
          "deliveries": [
            {
              "batter": "Abishek Porel",
              "bowler": "Zeeshan Ansari",
              "non_striker": "T Stubbs",
              "runs": {
                "batter": 1,
                "extras": 0,
                "total": 1
              }
            },
            {
              "batter": "T Stubbs",
              "bowler": "Zeeshan Ansari",
              "non_striker": "Abishek Porel",
              "runs": {
                "batter": 1,
                "extras": 0,
                "total": 1
              }
            },
            {
              "batter": "Abishek Porel",
              "bowler": "Zeeshan Ansari",
              "non_striker": "T Stubbs",
              "runs": {
                "batter": 6,
                "extras": 0,
                "total": 6
              }
            },
            {
              "batter": "Abishek Porel",
              "bowler": "Zeeshan Ansari",
              "non_striker": "T Stubbs",
              "runs": {
                "batter": 1,
                "extras": 0,
                "total": 1
              }
            },
            {
              "batter": "T Stubbs",
              "bowler": "Zeeshan Ansari",
              "non_striker": "Abishek Porel",
              "runs": {
                "batter": 1,
                "extras": 0,
                "total": 1
              }
            },
            {
              "batter": "Abishek Porel",
              "bowler": "Zeeshan Ansari",
              "non_striker": "T Stubbs",
              "runs": {
                "batter": 4,
                "extras": 0,
                "total": 4
              }
            }
          ]
        },
        {
          "over": 14,
          "deliveries": [
            {
              "batter": "T Stubbs",
              "bowler": "HV Patel",
              "non_striker": "Abishek Porel",
              "runs": {
                "batter": 1,
                "extras": 0,
                "total": 1
              }
            },
            {
              "batter": "Abishek Porel",
              "bowler": "HV Patel",
              "non_striker": "T Stubbs",
              "runs": {
                "batter": 1,
                "extras": 0,
                "total": 1
              }
            },
            {
              "batter": "T Stubbs",
              "bowler": "HV Patel",
              "non_striker": "Abishek Porel",
              "runs": {
                "batter": 0,
                "extras": 0,
                "total": 0
              }
            },
            {
              "batter": "T Stubbs",
              "bowler": "HV Patel",
              "non_striker": "Abishek Porel",
              "runs": {
                "batter": 1,
                "extras": 0,
                "total": 1
              }
            },
            {
              "batter": "Abishek Porel",
              "bowler": "HV Patel",
              "non_striker": "T Stubbs",
              "runs": {
                "batter": 1,
                "extras": 0,
                "total": 1
              }
            },
            {
              "batter": "T Stubbs",
              "bowler": "HV Patel",
              "non_striker": "Abishek Porel",
              "runs": {
                "batter": 4,
                "extras": 0,
                "total": 4
              }
            }
          ]
        },
        {
          "over": 15,
          "deliveries": [
            {
              "batter": "Abishek Porel",
              "bowler": "PWA Mulder",
              "non_striker": "T Stubbs",
              "runs": {
                "batter": 1,
                "extras": 0,
                "total": 1
              }
            },
            {
              "batter": "T Stubbs",
              "bowler": "PWA Mulder",
              "non_striker": "Abishek Porel",
              "runs": {
                "batter": 4,
                "extras": 0,
                "total": 4
              }
            },
            {
              "batter": "T Stubbs",
              "bowler": "PWA Mulder",
              "non_striker": "Abishek Porel",
              "runs": {
                "batter": 0,
                "extras": 0,
                "total": 0
              }
            },
            {
              "batter": "T Stubbs",
              "bowler": "PWA Mulder",
              "non_striker": "Abishek Porel",
              "runs": {
                "batter": 4,
                "extras": 0,
                "total": 4
              }
            },
            {
              "batter": "T Stubbs",
              "bowler": "PWA Mulder",
              "non_striker": "Abishek Porel",
              "runs": {
                "batter": 1,
                "extras": 0,
                "total": 1
              }
            },
            {
              "batter": "Abishek Porel",
              "bowler": "PWA Mulder",
              "non_striker": "T Stubbs",
              "runs": {
                "batter": 6,
                "extras": 0,
                "total": 6
              }
            }
          ]
        }
      ],
      "powerplays": [
        {
          "from": 0.1,
          "to": 5.7,
          "type": "mandatory"
        }
      ],
      "target": {
        "overs": 20,
        "runs": 164
      }
    }
  ]
}