{
  "meta": {
    "data_version": "1.0.0",
    "created": "2011-04-29",
    "revision": 3
  },
  "info": {
    "balls_per_over": 6,
    "city": "Nagpur",
    "dates": [
      "2010-04-05"
    ],
    "event": {
      "match_number": 36,
      "name": "Indian Premier League"
    },
    "gender": "male",
    "match_type": "T20",
    "officials": {
      "match_referees": [
        "RS Mahanama"
      ],
      "reserve_umpires": [
        "VM Bandiwadekar"
      ],
      "tv_umpires": [
        "SS Hazare"
      ],
      "umpires": [
        "HDPK Dharmasena",
        "SJA Taufel"
      ]
    },
    "outcome": {
      "by": {
        "runs": 2
      },
      "winner": "Rajasthan Royals"
    },
    "overs": 20,
    "player_of_match": [
      "SK Warne"
    ],
    "players": {
      "Deccan Chargers": [
        "VVS Laxman",
        "AC Gilchrist",
        "RG Sharma",
        "A Symonds",
        "Anirudh Singh",
        "DR Smith",
        "AA Bilakhia",
        "RJ Harris",
        "RP Singh",
        "Harmeet Singh",
        "PP Ojha"
      ],
      "Rajasthan Royals": [
        "MJ Lumb",
        "NV Ojha",
        "FY Fazal",
        "SR Watson",
        "YK Pathan",
        "AA Jhunjhunwala",
        "AS Raut",
        "SK Warne",
        "M Morkel",
        "AP Dole",
        "SK Trivedi"
      ]
    },
    "registry": {
      "people": {
        "A Symonds": "bd77eb62",
        "AA Bilakhia": "bff458c6",
        "AA Jhunjhunwala": "2815fe50",
        "AC Gilchrist": "2b6e6dec",
        "AP Dole": "dbc50253",
        "AS Raut": "c69a7b5c",
        "Anirudh Singh": "7bb62642",
        "DR Smith": "35205dfc",
        "FY Fazal": "c15e2193",
        "HDPK Dharmasena": "323e4c16",
        "Harmeet Singh": "2a72fd4f",
        "M Morkel": "5bb5a915",
        "MJ Lumb": "11df3dc8",
        "NV Ojha": "890946a0",
        "PP Ojha": "6c6591ab",
        "RG Sharma": "740742ef",
        "RJ Harris": "12eddf28",
        "RP Singh": "c3d1402f",
        "RS Mahanama": "57910393",
        "SJA Taufel": "4b43d5ac",
        "SK Trivedi": "3d7e087f",
        "SK Warne": "bb18be76",
        "SR Watson": "4329fbb5",
        "SS Hazare": "166e5081",
        "VM Bandiwadekar": "e236db6b",
        "VVS Laxman": "de8cce37",
        "YK Pathan": "3c6ffae8"
      }
    },
    "season": "2009/10",
    "team_type": "club",
    "teams": [
      "Deccan Chargers",
      "Rajasthan Royals"
    ],
    "toss": {
      "decision": "bat",
      "winner": "Rajasthan Royals"
    },
    "venue": "Vidarbha Cricket Association Stadium, Jamtha"
  },
  "innings": [
    {
      "team": "Rajasthan Royals",
      "overs": [
        {
          "over": 0,
          "deliveries": [
            {
              "batter": "MJ Lumb",
              "bowler": "RJ Harris",
              "non_striker": "NV Ojha",
              "runs": {
                "batter": 0,
                "extras": 0,
                "total": 0
              }
            },
            {
              "batter": "MJ Lumb",
              "bowler": "RJ Harris",
              "non_striker": "NV Ojha",
              "runs": {
                "batter": 0,
                "extras": 0,
                "total": 0
              }
            },
            {
              "batter": "MJ Lumb",
              "bowler": "RJ Harris",
              "non_striker": "NV Ojha",
              "runs": {
                "batter": 0,
                "extras": 0,
                "total": 0
              }
            },
            {
              "batter": "MJ Lumb",
              "bowler": "RJ Harris",
              "non_striker": "NV Ojha",
              "runs": {
                "batter": 0,
                "extras": 0,
                "total": 0
              }
            },
            {
              "batter": "MJ Lumb",
              "bowler": "RJ Harris",
              "non_striker": "NV Ojha",
              "runs": {
                "batter": 0,
                "extras": 0,
                "total": 0
              }
            },
            {
              "batter": "MJ Lumb",
              "bowler": "RJ Harris",
              "non_striker": "NV Ojha",
              "runs": {
                "batter": 6,
                "extras": 0,
                "total": 6
              }
            }
          ]
        },
        {
          "over": 1,
          "deliveries": [
            {
              "batter": "NV Ojha",
              "bowler": "DR Smith",
              "non_striker": "MJ Lumb",
              "runs": {
                "batter": 1,
                "extras": 0,
                "total": 1
              }
            },
            {
              "batter": "MJ Lumb",
              "bowler": "DR Smith",
              "non_striker": "NV Ojha",
              "runs": {
                "batter": 4,
                "extras": 0,
                "total": 4
              }
            },
            {
              "batter": "MJ Lumb",
              "bowler": "DR Smith",
              "non_striker": "NV Ojha",
              "runs": {
                "batter": 4,
                "extras": 0,
                "total": 4
              }
            },
            {
              "batter": "MJ Lumb",
              "bowler": "DR Smith",
              "non_striker": "NV Ojha",
              "runs": {
                "batter": 1,
                "extras": 0,
                "total": 1
              }
            },
            {
              "batter": "NV Ojha",
              "bowler": "DR Smith",
              "non_striker": "MJ Lumb",
              "runs": {
                "batter": 0,
                "extras": 0,
                "total": 0
              }
            },
            {
              "batter": "NV Ojha",
              "bowler": "DR Smith",
              "non_striker": "MJ Lumb",
              "runs": {
                "batter": 0,
                "extras": 0,
                "total": 0
              }
            }
          ]
        },
        {
          "over": 2,
          "deliveries": [
            {
              "batter": "MJ Lumb",
              "bowler": "RP Singh",
              "non_striker": "NV Ojha",
              "runs": {
                "batter": 0,
                "extras": 0,
                "total": 0
              },
              "wickets": [
                {
                  "kind": "caught",
                  "player_out": "MJ Lumb",
                  "fielders": [
                    {
                      "name": "RJ Harris"
                    }
                  ]
                }
              ]
            },
            {
              "batter": "NV Ojha",
              "bowler": "RP Singh",
              "extras": {
                "wides": 1
              },
              "non_striker": "FY Fazal",
              "runs": {
                "batter": 0,
                "extras": 1,
                "total": 1
              }
            },
            {
              "batter": "NV Ojha",
              "bowler": "RP Singh",
              "non_striker": "FY Fazal",
              "runs": {
                "batter": 0,
                "extras": 0,
                "total": 0
              }
            },
            {
              "batter": "NV Ojha",
              "bowler": "RP Singh",
              "non_striker": "FY Fazal",
              "runs": {
                "batter": 0,
                "extras": 0,
                "total": 0
              },
              "wickets": [
                {
                  "kind": "caught",
                  "player_out": "NV Ojha",
                  "fielders": [
                    {
                      "name": "RJ Harris"
                    }
                  ]
                }
              ]
            },
            {
              "batter": "SR Watson",
              "bowler": "RP Singh",
              "non_striker": "FY Fazal",
              "runs": {
                "batter": 0,
                "extras": 0,
                "total": 0
              }
            },
            {
              "batter": "SR Watson",
              "bowler": "RP Singh",
              "non_striker": "FY Fazal",
              "runs": {
                "batter": 1,
                "extras": 0,
                "total": 1
              }
            },
            {
              "batter": "FY Fazal",
              "bowler": "RP Singh",
              "extras": {
                "legbyes": 4
              },
              "non_striker": "SR Watson",
              "runs": {
                "batter": 0,
                "extras": 4,
                "total": 4
              }
            }
          ]
        },
        {
          "over": 3,
          "deliveries": [
            {
              "batter": "SR Watson",
              "bowler": "Harmeet Singh",
              "non_striker": "FY Fazal",
              "runs": {
                "batter": 1,
                "extras": 0,
                "total": 1
              }
            },
            {
              "batter": "FY Fazal",
              "bowler": "Harmeet Singh",
              "non_striker": "SR Watson",
              "runs": {
                "batter": 0,
                "extras": 0,
                "total": 0
              }
            },
            {
              "batter": "FY Fazal",
              "bowler": "Harmeet Singh",
              "non_striker": "SR Watson",
              "runs": {
                "batter": 4,
                "extras": 0,
                "total": 4
              }
            },
            {
              "batter": "FY Fazal",
              "bowler": "Harmeet Singh",
              "non_striker": "SR Watson",
              "runs": {
                "batter": 0,
                "extras": 0,
                "total": 0
              }
            },
            {
              "batter": "FY Fazal",
              "bowler": "Harmeet Singh",
              "non_striker": "SR Watson",
              "runs": {
                "batter": 1,
                "extras": 0,
                "total": 1
              }
            },
            {
              "batter": "SR Watson",
              "bowler": "Harmeet Singh",
              "non_striker": "FY Fazal",
              "runs": {
                "batter": 6,
                "extras": 0,
                "total": 6
              }
            }
          ]
        },
        {
          "over": 4,
          "deliveries": [
            {
              "batter": "FY Fazal",
              "bowler": "RP Singh",
              "non_striker": "SR Watson",
              "runs": {
                "batter": 0,
                "extras": 0,
                "total": 0
              }
            },
            {
              "batter": "FY Fazal",
              "bowler": "RP Singh",
              "non_striker": "SR Watson",
              "runs": {
                "batter": 2,
                "extras": 0,
                "total": 2
              }
            },
            {
              "batter": "FY Fazal",
              "bowler": "RP Singh",
              "non_striker": "SR Watson",
              "runs": {
                "batter": 1,
                "extras": 0,
                "total": 1
              }
            },
            {
              "batter": "SR Watson",
              "bowler": "RP Singh",
              "non_striker": "FY Fazal",
              "runs": {
                "batter": 0,
                "extras": 0,
                "total": 0
              }
            },
            {
              "batter": "SR Watson",
              "bowler": "RP Singh",
              "non_striker": "FY Fazal",
              "runs": {
                "batter": 0,
                "extras": 0,
                "total": 0
              }
            },
            {
              "batter": "SR Watson",
              "bowler": "RP Singh",
              "non_striker": "FY Fazal",
              "runs": {
                "batter": 0,
                "extras": 0,
                "total": 0
              }
            }
          ]
        },
        {
          "over": 5,
          "deliveries": [
            {
              "batter": "FY Fazal",
              "bowler": "A Symonds",
              "non_striker": "SR Watson",
              "runs": {
                "batter": 2,
                "extras": 0,
                "total": 2
              }
            },
            {
              "batter": "FY Fazal",
              "bowler": "A Symonds",
              "non_striker": "SR Watson",
              "runs": {
                "batter": 1,
                "extras": 0,
                "total": 1
              }
            },
            {
              "batter": "SR Watson",
              "bowler": "A Symonds",
              "non_striker": "FY Fazal",
              "runs": {
                "batter": 0,
                "extras": 0,
                "total": 0
              }
            },
            {
              "batter": "SR Watson",
              "bowler": "A Symonds",
              "non_striker": "FY Fazal",
              "runs": {
                "batter": 2,
                "extras": 0,
                "total": 2
              }
            },
            {
              "batter": "SR Watson",
              "bowler": "A Symonds",
              "non_striker": "FY Fazal",
              "runs": {
                "batter": 6,
                "extras": 0,
                "total": 6
              }
            },
            {
              "batter": "SR Watson",
              "bowler": "A Symonds",
              "non_striker": "FY Fazal",
              "runs": {
                "batter": 0,
                "extras": 0,
                "total": 0
              }
            }
          ]
        },
        {
          "over": 6,
          "deliveries": [
            {
              "batter": "FY Fazal",
              "bowler": "DR Smith",
              "non_striker": "SR Watson",
              "runs": {
                "batter": 0,
                "extras": 0,
                "total": 0
              }
            },
            {
              "batter": "FY Fazal",
              "bowler": "DR Smith",
              "non_striker": "SR Watson",
              "runs": {
                "batter": 1,
                "extras": 0,
                "total": 1
              }
            },
            {
              "batter": "SR Watson",
              "bowler": "DR Smith",
              "non_striker": "FY Fazal",
              "runs": {
                "batter": 2,
                "extras": 0,
                "total": 2
              }
            },
            {
              "batter": "SR Watson",
              "bowler": "DR Smith",
              "non_striker": "FY Fazal",
              "runs": {
                "batter": 1,
                "extras": 0,
                "total": 1
              }
            },
            {
              "batter": "FY Fazal",
              "bowler": "DR Smith",
              "non_striker": "SR Watson",
              "runs": {
                "batter": 0,
                "extras": 0,
                "total": 0
              }
            },
            {
              "batter": "FY Fazal",
              "bowler": "DR Smith",
              "non_striker": "SR Watson",
              "runs": {
                "batter": 1,
                "extras": 0,
                "total": 1
              }
            }
          ]
        },
        {
          "over": 7,
          "deliveries": [
            {
              "batter": "FY Fazal",
              "bowler": "PP Ojha",
              "non_striker": "SR Watson",
              "runs": {
                "batter": 4,
                "extras": 0,
                "total": 4
              }
            },
            {
              "batter": "FY Fazal",
              "bowler": "PP Ojha",
              "non_striker": "SR Watson",
              "runs": {
                "batter": 1,
                "extras": 0,
                "total": 1
              }
            },
            {
              "batter": "SR Watson",
              "bowler": "PP Ojha",
              "non_striker": "FY Fazal",
              "runs": {
                "batter": 1,
                "extras": 0,
                "total": 1
              }
            },
            {
              "batter": "FY Fazal",
              "bowler": "PP Ojha",
              "non_striker": "SR Watson",
              "runs": {
                "batter": 1,
                "extras": 0,
                "total": 1
              }
            },
            {
              "batter": "SR Watson",
              "bowler": "PP Ojha",
              "non_striker": "FY Fazal",
              "runs": {
                "batter": 4,
                "extras": 0,
                "total": 4
              }
            },
            {
              "batter": "SR Watson",
              "bowler": "PP Ojha",
              "non_striker": "FY Fazal",
              "runs": {
                "batter": 1,
                "extras": 0,
                "total": 1
              }
            }
          ]
        },
        {
          "over": 8,
          "deliveries": [
            {
              "batter": "SR Watson",
              "bowler": "RJ Harris",
              "non_striker": "FY Fazal",
              "runs": {
                "batter": 1,
                "extras": 0,
                "total": 1
              }
            },
            {
              "batter": "FY Fazal",
              "bowler": "RJ Harris",
              "non_striker": "SR Watson",
              "runs": {
                "batter": 1,
                "extras": 0,
                "total": 1
              }
            },
            {
              "batter": "SR Watson",
              "bowler": "RJ Harris",
              "non_striker": "FY Fazal",
              "runs": {
                "batter": 4,
                "extras": 0,
                "total": 4
              }
            },
            {
              "batter": "SR Watson",
              "bowler": "RJ Harris",
              "non_striker": "FY Fazal",
              "runs": {
                "batter": 1,
                "extras": 0,
                "total": 1
              }
            },
            {
              "batter": "FY Fazal",
              "bowler": "RJ Harris",
              "non_striker": "SR Watson",
              "runs": {
                "batter": 1,
                "extras": 0,
                "total": 1
              }
            },
            {
              "batter": "SR Watson",
              "bowler": "RJ Harris",
              "non_striker": "FY Fazal",
              "runs": {
                "batter": 2,
                "extras": 0,
                "total": 2
              }
            }
          ]
        },
        {
          "over": 9,
          "deliveries": [
            {
              "batter": "FY Fazal",
              "bowler": "A Symonds",
              "non_striker": "SR Watson",
              "runs": {
                "batter": 2,
                "extras": 0,
                "total": 2
              }
            },
            {
              "batter": "FY Fazal",
              "bowler": "A Symonds",
              "non_striker": "SR Watson",
              "runs": {
                "batter": 0,
                "extras": 0,
                "total": 0
              }
            },
            {
              "batter": "FY Fazal",
              "bowler": "A Symonds",
              "non_striker": "SR Watson",
              "runs": {
                "batter": 1,
                "extras": 0,
                "total": 1
              }
            },
            {
              "batter": "SR Watson",
              "bowler": "A Symonds",
              "non_striker": "FY Fazal",
              "runs": {
                "batter": 1,
                "extras": 0,
                "total": 1
              }
            },
            {
              "batter": "FY Fazal",
              "bowler": "A Symonds",
              "non_striker": "SR Watson",
              "runs": {
                "batter": 2,
                "extras": 0,
                "total": 2
              }
            },
            {
              "batter": "FY Fazal",
              "bowler": "A Symonds",
              "non_striker": "SR Watson",
              "runs": {
                "batter": 1,
                "extras": 0,
                "total": 1
              }
            }
          ]
        },
        {
          "over": 10,
          "deliveries": [
            {
              "batter": "FY Fazal",
              "bowler": "PP Ojha",
              "non_striker": "SR Watson",
              "runs": {
                "batter": 1,
                "extras": 0,
                "total": 1
              }
            },
            {
              "batter": "SR Watson",
              "bowler": "PP Ojha",
              "non_striker": "FY Fazal",
              "runs": {
                "batter": 1,
                "extras": 0,
                "total": 1
              }
            },
            {
              "batter": "FY Fazal",
              "bowler": "PP Ojha",
              "non_striker": "SR Watson",
              "runs": {
                "batter": 4,
                "extras": 0,
                "total": 4
              }
            },
            {
              "batter": "FY Fazal",
              "bowler": "PP Ojha",
              "extras": {
                "byes": 2
              },
              "non_striker": "SR Watson",
              "runs": {
                "batter": 0,
                "extras": 2,
                "total": 2
              }
            },
            {
              "batter": "FY Fazal",
              "bowler": "PP Ojha",
              "non_striker": "SR Watson",
              "runs": {
                "batter": 4,
                "extras": 0,
                "total": 4
              }
            },
            {
              "batter": "FY Fazal",
              "bowler": "PP Ojha",
              "non_striker": "SR Watson",
              "runs": {
                "batter": 0,
                "extras": 0,
                "total": 0
              },
              "wickets": [
                {
                  "kind": "caught",
                  "player_out": "FY Fazal",
                  "fielders": [
                    {
                      "name": "AA Bilakhia"
                    }
                  ]
                }
              ]
            }
          ]
        },
        {
          "over": 11,
          "deliveries": [
            {
              "batter": "YK Pathan",
              "bowler": "Harmeet Singh",
              "non_striker": "SR Watson",
              "runs": {
                "batter": 0,
                "extras": 0,
                "total": 0
              }
            },
            {
              "batter": "YK Pathan",
              "bowler": "Harmeet Singh",
              "non_striker": "SR Watson",
              "runs": {
                "batter": 2,
                "extras": 0,
                "total": 2
              }
            },
            {
              "batter": "YK Pathan",
              "bowler": "Harmeet Singh",
              "non_striker": "SR Watson",
              "runs": {
                "batter": 1,
                "extras": 0,
                "total": 1
              }
            },
            {
              "batter": "SR Watson",
              "bowler": "Harmeet Singh",
              "non_striker": "YK Pathan",
              "runs": {
                "batter": 2,
                "extras": 0,
                "total": 2
              }
            },
            {
              "batter": "SR Watson",
              "bowler": "Harmeet Singh",
              "non_striker": "YK Pathan",
              "runs": {
                "batter": 1,
                "extras": 0,
                "total": 1
              }
            },
            {
              "batter": "YK Pathan",
              "bowler": "Harmeet Singh",
              "non_striker": "SR Watson",
              "runs": {
                "batter": 1,
                "extras": 0,
                "total": 1
              }
            }
          ]
        },
        {
          "over": 12,
          "deliveries": [
            {
              "batter": "YK Pathan",
              "bowler": "RJ Harris",
              "non_striker": "SR Watson",
              "runs": {
                "batter": 1,
                "extras": 0,
                "total": 1
              }
            },
            {
              "batter": "SR Watson",
              "bowler": "RJ Harris",
              "non_striker": "YK Pathan",
              "runs": {
                "batter": 1,
                "extras": 0,
                "total": 1
              }
            },
            {
              "batter": "YK Pathan",
              "bowler": "RJ Harris",
              "non_striker": "SR Watson",
              "runs": {
                "batter": 0,
                "extras": 0,
                "total": 0
              }
            },
            {
              "batter": "YK Pathan",
              "bowler": "RJ Harris",
              "non_striker": "SR Watson",
              "runs": {
                "batter": 0,
                "extras": 0,
                "total": 0
              },
              "wickets": [
                {
                  "kind": "caught",
                  "player_out": "YK Pathan",
                  "fielders": [
                    {
                      "name": "VVS Laxman"
                    }
                  ]
                }
              ]
            },
            {
              "batter": "AA Jhunjhunwala",
              "bowler": "RJ Harris",
              "non_striker": "SR Watson",
              "runs": {
                "batter": 4,
                "extras": 0,
                "total": 4
              }
            },
            {
              "batter": "AA Jhunjhunwala",
              "bowler": "RJ Harris",
              "non_striker": "SR Watson",
              "runs": {
                "batter": 0,
                "extras": 0,
                "total": 0
              }
            }
          ]
        },
        {
          "over": 13,
          "deliveries": [
            {
              "batter": "SR Watson",
              "bowler": "PP Ojha",
              "extras": {
                "wides": 1
              },
              "non_striker": "AA Jhunjhunwala",
              "runs": {
                "batter": 0,
                "extras": 1,
                "total": 1
              }
            },
            {
              "batter": "SR Watson",
              "bowler": "PP Ojha",
              "non_striker": "AA Jhunjhunwala",
              "runs": {
                "batter": 2,
                "extras": 0,
                "total": 2
              }
            },
            {
              "batter": "SR Watson",
              "bowler": "PP Ojha",
              "non_striker": "AA Jhunjhunwala",
              "runs": {
                "batter": 1,
                "extras": 0,
                "total": 1
              }
            },
            {
              "batter": "AA Jhunjhunwala",
              "bowler": "PP Ojha",
              "non_striker": "SR Watson",
              "runs": {
                "batter": 2,
                "extras": 0,
                "total": 2
              }
            },
            {
              "batter": "AA Jhunjhunwala",
              "bowler": "PP Ojha",
              "non_striker": "SR Watson",
              "runs": {
                "batter": 1,
                "extras": 0,
                "total": 1
              }
            },
            {
              "batter": "SR Watson",
              "bowler": "PP Ojha",
              "non_striker": "AA Jhunjhunwala",
              "runs": {
                "batter": 6,
                "extras": 0,
                "total": 6
              }
            },
            {
              "batter": "SR Watson",
              "bowler": "PP Ojha",
              "non_striker": "AA Jhunjhunwala",
              "runs": {
                "batter": 2,
                "extras": 0,
                "total": 2
              }
            }
          ]
        },
        {
          "over": 14,
          "deliveries": [
            {
              "batter": "AA Jhunjhunwala",
              "bowler": "RP Singh",
              "non_striker": "SR Watson",
              "runs": {
                "batter": 1,
                "extras": 0,
                "total": 1
              }
            },
            {
              "batter": "SR Watson",
              "bowler": "RP Singh",
              "non_striker": "AA Jhunjhunwala",
              "runs": {
                "batter": 1,
                "extras": 0,
                "total": 1
              }
            },
            {
              "batter": "AA Jhunjhunwala",
              "bowler": "RP Singh",
              "non_striker": "SR Watson",
              "runs": {
                "batter": 1,
                "extras": 0,
                "total": 1
              }
            },
            {
              "batter": "SR Watson",
              "bowler": "RP Singh",
              "non_striker": "AA Jhunjhunwala",
              "runs": {
                "batter": 0,
                "extras": 0,
                "total": 0
              }
            },
            {
              "batter": "SR Watson",
              "bowler": "RP Singh",
              "non_striker": "AA Jhunjhunwala",
              "runs": {
                "batter": 1,
                "extras": 0,
                "total": 1
              }
            },
            {
              "batter": "AA Jhunjhunwala",
              "bowler": "RP Singh",
              "non_striker": "SR Watson",
              "runs": {
                "batter": 2,
                "extras": 0,
                "total": 2
              }
            }
          ]
        },
        {
          "over": 15,
          "deliveries": [
            {
              "batter": "SR Watson",
              "bowler": "Harmeet Singh",
              "extras": {
                "wides": 1
              },
              "non_striker": "AA Jhunjhunwala",
              "runs": {
                "batter": 0,
                "extras": 1,
                "total": 1
              }
            },
            {
              "batter": "SR Watson",
              "bowler": "Harmeet Singh",
              "non_striker": "AA Jhunjhunwala",
              "runs": {
                "batter": 1,
                "extras": 0,
                "total": 1
              }
            },
            {
              "batter": "AA Jhunjhunwala",
              "bowler": "Harmeet Singh",
              "non_striker": "SR Watson",
              "runs": {
                "batter": 0,
                "extras": 0,
                "total": 0
              },
              "wickets": [
                {
                  "kind": "caught",
                  "player_out": "AA Jhunjhunwala",
                  "fielders": [
                    {
                      "name": "VVS Laxman"
                    }
                  ]
                }
              ]
            },
            {
              "batter": "AS Raut",
              "bowler": "Harmeet Singh",
              "non_striker": "SR Watson",
              "runs": {
                "batter": 0,
                "extras": 0,
                "total": 0
              }
            },
            {
              "batter": "AS Raut",
              "bowler": "Harmeet Singh",
              "non_striker": "SR Watson",
              "runs": {
                "batter": 0,
                "extras": 0,
                "total": 0
              }
            },
            {
              "batter": "AS Raut",
              "bowler": "Harmeet Singh",
              "non_striker": "SR Watson",
              "runs": {
                "batter": 0,
                "extras": 0,
                "total": 0
              },
              "wickets": [
                {
                  "kind": "lbw",
                  "player_out": "AS Raut"
                }
              ]
            },
            {
              "batter": "SK Warne",
              "bowler": "Harmeet Singh",
              "non_striker": "SR Watson",
              "runs": {
                "batter": 0,
                "extras": 0,
                "total": 0
              }
            }
          ]
        },
        {
          "over": 16,
          "deliveries": [
            {
              "batter": "SR Watson",
              "bowler": "RP Singh",
              "non_striker": "SK Warne",
              "runs": {
                "batter": 1,
                "extras": 0,
                "total": 1
              }
            },
            {
              "batter": "SK Warne",
              "bowler": "RP Singh",
              "non_striker": "SR Watson",
              "runs": {
                "batter": 1,
                "extras": 0,
                "total": 1
              }
            },
            {
              "batter": "SR Watson",
              "bowler": "RP Singh",
              "non_striker": "SK Warne",
              "runs": {
                "batter": 4,
                "extras": 0,
                "total": 4
              }
            },
            {
              "batter": "SR Watson",
              "bowler": "RP Singh",
              "non_striker": "SK Warne",
              "runs": {
                "batter": 0,
                "extras": 0,
                "total": 0
              },
              "wickets": [
                {
                  "kind": "caught",
                  "player_out": "SR Watson",
                  "fielders": [
                    {
                      "name": "Anirudh Singh"
                    }
                  ]
                }
              ]
            },
            {
              "batter": "SK Warne",
              "bowler": "RP Singh",
              "non_striker": "M Morkel",
              "runs": {
                "batter": 0,
                "extras": 0,
                "total": 0
              }
            },
            {
              "batter": "SK Warne",
              "bowler": "RP Singh",
              "non_striker": "M Morkel",
              "runs": {
                "batter": 0,
                "extras": 0,
                "total": 0
              }
            }
          ]
        },
        {
          "over": 17,
          "deliveries": [
            {
              "batter": "M Morkel",
              "bowler": "Harmeet Singh",
              "non_striker": "SK Warne",
              "runs": {
                "batter": 4,
                "extras": 0,
                "total": 4
              }
            },
            {
              "batter": "M Morkel",
              "bowler": "Harmeet Singh",
              "non_striker": "SK Warne",
              "runs": {
                "batter": 0,
                "extras": 0,
                "total": 0
              }
            },
            {
              "batter": "M Morkel",
              "bowler": "Harmeet Singh",
              "non_striker": "SK Warne",
              "runs": {
                "batter": 0,
                "extras": 0,
                "total": 0
              }
            },
            {
              "batter": "M Morkel",
              "bowler": "Harmeet Singh",
              "non_striker": "SK Warne",
              "runs": {
                "batter": 0,
                "extras": 0,
                "total": 0
              },
              "wickets": [
                {
                  "kind": "run out",
                  "player_out": "SK Warne",
                  "fielders": [
                    {
                      "name": "RP Singh"
                    }
                  ]
                }
              ]
            },
            {
              "batter": "AP Dole",
              "bowler": "Harmeet Singh",
              "non_striker": "M Morkel",
              "runs": {
                "batter": 0,
                "extras": 0,
                "total": 0
              }
            },
            {
              "batter": "AP Dole",
              "bowler": "Harmeet Singh",
              "non_striker": "M Morkel",
              "runs": {
                "batter": 0,
                "extras": 0,
                "total": 0
              }
            }
          ]
        },
        {
          "over": 18,
          "deliveries": [
            {
              "batter": "M Morkel",
              "bowler": "RJ Harris",
              "non_striker": "AP Dole",
              "runs": {
                "batter": 1,
                "extras": 0,
                "total": 1
              }
            },
            {
              "batter": "AP Dole",
              "bowler": "RJ Harris",
              "non_striker": "M Morkel",
              "runs": {
                "batter": 4,
                "extras": 0,
                "total": 4
              }
            },
            {
              "batter": "AP Dole",
              "bowler": "RJ Harris",
              "non_striker": "M Morkel",
              "runs": {
                "batter": 0,
                "extras": 0,
                "total": 0
              },
              "wickets": [
                {
                  "kind": "caught",
                  "player_out": "AP Dole",
                  "fielders": [
                    {
                      "name": "A Symonds"
                    }
                  ]
                }
              ]
            },
            {
              "batter": "SK Trivedi",
              "bowler": "RJ Harris",
              "extras": {
                "wides": 3
              },
              "non_striker": "M Morkel",
              "runs": {
                "batter": 0,
                "extras": 3,
                "total": 3
              }
            },
            {
              "batter": "SK Trivedi",
              "bowler": "RJ Harris",
              "non_striker": "M Morkel",
              "runs": {
                "batter": 0,
                "extras": 0,
                "total": 0
              }
            },
            {
              "batter": "SK Trivedi",
              "bowler": "RJ Harris",
              "non_striker": "M Morkel",
              "runs": {
                "batter": 0,
                "extras": 0,
                "total": 0
              }
            },
            {
              "batter": "SK Trivedi",
              "bowler": "RJ Harris",
              "non_striker": "M Morkel",
              "runs": {
                "batter": 4,
                "extras": 0,
                "total": 4
              }
            }
          ]
        },
        {
          "over": 19,
          "deliveries": [
            {
              "batter": "M Morkel",
              "bowler": "DR Smith",
              "non_striker": "SK Trivedi",
              "runs": {
                "batter": 1,
                "extras": 0,
                "total": 1
              }
            },
            {
              "batter": "SK Trivedi",
              "bowler": "DR Smith",
              "non_striker": "M Morkel",
              "runs": {
                "batter": 1,
                "extras": 0,
                "total": 1
              }
            },
            {
              "batter": "M Morkel",
              "bowler": "DR Smith",
              "non_striker": "SK Trivedi",
              "runs": {
                "batter": 1,
                "extras": 0,
                "total": 1
              }
            },
            {
              "batter": "SK Trivedi",
              "bowler": "DR Smith",
              "non_striker": "M Morkel",
              "runs": {
                "batter": 4,
                "extras": 0,
                "total": 4
              }
            },
            {
              "batter": "SK Trivedi",
              "bowler": "DR Smith",
              "non_striker": "M Morkel",
              "runs": {
                "batter": 0,
                "extras": 0,
                "total": 0
              },
              "wickets": [
                {
                  "kind": "bowled",
                  "player_out": "SK Trivedi"
                }
              ]
            }
          ]
        }
      ],
      "powerplays": [
        {
          "from": 0.1,
          "to": 5.6,
          "type": "mandatory"
        }
      ]
    },
    {
      "team": "Deccan Chargers",
      "overs": [
        {
          "over": 0,
          "deliveries": [
            {
              "batter": "VVS Laxman",
              "bowler": "YK Pathan",
              "non_striker": "AC Gilchrist",
              "runs": {
                "batter": 0,
                "extras": 0,
                "total": 0
              }
            },
            {
              "batter": "VVS Laxman",
              "bowler": "YK Pathan",
              "non_striker": "AC Gilchrist",
              "runs": {
                "batter": 0,
                "extras": 0,
                "total": 0
              }
            },
            {
              "batter": "VVS Laxman",
              "bowler": "YK Pathan",
              "non_striker": "AC Gilchrist",
              "runs": {
                "batter": 0,
                "extras": 0,
                "total": 0
              }
            },
            {
              "batter": "VVS Laxman",
              "bowler": "YK Pathan",
              "non_striker": "AC Gilchrist",
              "runs": {
                "batter": 0,
                "extras": 0,
                "total": 0
              }
            },
            {
              "batter": "VVS Laxman",
              "bowler": "YK Pathan",
              "non_striker": "AC Gilchrist",
              "runs": {
                "batter": 1,
                "extras": 0,
                "total": 1
              }
            },
            {
              "batter": "AC Gilchrist",
              "bowler": "YK Pathan",
              "non_striker": "VVS Laxman",
              "runs": {
                "batter": 1,
                "extras": 0,
                "total": 1
              }
            }
          ]
        },
        {
          "over": 1,
          "deliveries": [
            {
              "batter": "AC Gilchrist",
              "bowler": "SR Watson",
              "extras": {
                "wides": 1
              },
              "non_striker": "VVS Laxman",
              "runs": {
                "batter": 0,
                "extras": 1,
                "total": 1
              }
            },
            {
              "batter": "AC Gilchrist",
              "bowler": "SR Watson",
              "extras": {
                "wides": 1
              },
              "non_striker": "VVS Laxman",
              "runs": {
                "batter": 0,
                "extras": 1,
                "total": 1
              }
            },
            {
              "batter": "AC Gilchrist",
              "bowler": "SR Watson",
              "non_striker": "VVS Laxman",
              "runs": {
                "batter": 1,
                "extras": 0,
                "total": 1
              }
            },
            {
              "batter": "VVS Laxman",
              "bowler": "SR Watson",
              "extras": {
                "wides": 1
              },
              "non_striker": "AC Gilchrist",
              "runs": {
                "batter": 0,
                "extras": 1,
                "total": 1
              }
            },
            {
              "batter": "VVS Laxman",
              "bowler": "SR Watson",
              "extras": {
                "wides": 1
              },
              "non_striker": "AC Gilchrist",
              "runs": {
                "batter": 0,
                "extras": 1,
                "total": 1
              }
            },
            {
              "batter": "VVS Laxman",
              "bowler": "SR Watson",
              "non_striker": "AC Gilchrist",
              "runs": {
                "batter": 1,
                "extras": 0,
                "total": 1
              }
            },
            {
              "batter": "AC Gilchrist",
              "bowler": "SR Watson",
              "non_striker": "VVS Laxman",
              "runs": {
                "batter": 6,
                "extras": 0,
                "total": 6
              }
            },
            {
              "batter": "AC Gilchrist",
              "bowler": "SR Watson",
              "non_striker": "VVS Laxman",
              "runs": {
                "batter": 0,
                "extras": 0,
                "total": 0
              }
            },
            {
              "batter": "AC Gilchrist",
              "bowler": "SR Watson",
              "non_striker": "VVS Laxman",
              "runs": {
                "batter": 4,
                "extras": 0,
                "total": 4
              }
            },
            {
              "batter": "AC Gilchrist",
              "bowler": "SR Watson",
              "non_striker": "VVS Laxman",
              "runs": {
                "batter": 4,
                "extras": 0,
                "total": 4
              }
            }
          ]
        },
        {
          "over": 2,
          "deliveries": [
            {
              "batter": "VVS Laxman",
              "bowler": "AP Dole",
              "non_striker": "AC Gilchrist",
              "runs": {
                "batter": 0,
                "extras": 0,
                "total": 0
              }
            },
            {
              "batter": "VVS Laxman",
              "bowler": "AP Dole",
              "non_striker": "AC Gilchrist",
              "runs": {
                "batter": 4,
                "extras": 0,
                "total": 4
              }
            },
            {
              "batter": "VVS Laxman",
              "bowler": "AP Dole",
              "non_striker": "AC Gilchrist",
              "runs": {
                "batter": 0,
                "extras": 0,
                "total": 0
              },
              "wickets": [
                {
                  "kind": "caught",
                  "player_out": "VVS Laxman",
                  "fielders": [
                    {
                      "name": "YK Pathan"
                    }
                  ]
                }
              ]
            },
            {
              "batter": "AC Gilchrist",
              "bowler": "AP Dole",
              "non_striker": "RG Sharma",
              "runs": {
                "batter": 1,
                "extras": 0,
                "total": 1
              }
            },
            {
              "batter": "RG Sharma",
              "bowler": "AP Dole",
              "non_striker": "AC Gilchrist",
              "runs": {
                "batter": 0,
                "extras": 0,
                "total": 0
              }
            },
            {
              "batter": "RG Sharma",
              "bowler": "AP Dole",
              "non_striker": "AC Gilchrist",
              "runs": {
                "batter": 2,
                "extras": 0,
                "total": 2
              }
            }
          ]
        },
        {
          "over": 3,
          "deliveries": [
            {
              "batter": "AC Gilchrist",
              "bowler": "YK Pathan",
              "non_striker": "RG Sharma",
              "runs": {
                "batter": 0,
                "extras": 0,
                "total": 0
              }
            },
            {
              "batter": "AC Gilchrist",
              "bowler": "YK Pathan",
              "non_striker": "RG Sharma",
              "runs": {
                "batter": 0,
                "extras": 0,
                "total": 0
              }
            },
            {
              "batter": "AC Gilchrist",
              "bowler": "YK Pathan",
              "non_striker": "RG Sharma",
              "runs": {
                "batter": 0,
                "extras": 0,
                "total": 0
              }
            },
            {
              "batter": "AC Gilchrist",
              "bowler": "YK Pathan",
              "non_striker": "RG Sharma",
              "runs": {
                "batter": 0,
                "extras": 0,
                "total": 0
              }
            },
            {
              "batter": "AC Gilchrist",
              "bowler": "YK Pathan",
              "non_striker": "RG Sharma",
              "runs": {
                "batter": 1,
                "extras": 0,
                "total": 1
              }
            },
            {
              "batter": "RG Sharma",
              "bowler": "YK Pathan",
              "non_striker": "AC Gilchrist",
              "runs": {
                "batter": 0,
                "extras": 0,
                "total": 0
              }
            }
          ]
        },
        {
          "over": 4,
          "deliveries": [
            {
              "batter": "AC Gilchrist",
              "bowler": "AP Dole",
              "non_striker": "RG Sharma",
              "runs": {
                "batter": 0,
                "extras": 0,
                "total": 0
              }
            },
            {
              "batter": "AC Gilchrist",
              "bowler": "AP Dole",
              "non_striker": "RG Sharma",
              "runs": {
                "batter": 6,
                "extras": 0,
                "total": 6
              }
            },
            {
              "batter": "AC Gilchrist",
              "bowler": "AP Dole",
              "non_striker": "RG Sharma",
              "runs": {
                "batter": 6,
                "extras": 0,
                "total": 6
              }
            },
            {
              "batter": "AC Gilchrist",
              "bowler": "AP Dole",
              "non_striker": "RG Sharma",
              "runs": {
                "batter": 4,
                "extras": 0,
                "total": 4
              }
            },
            {
              "batter": "AC Gilchrist",
              "bowler": "AP Dole",
              "extras": {
                "wides": 1
              },
              "non_striker": "RG Sharma",
              "runs": {
                "batter": 0,
                "extras": 1,
                "total": 1
              }
            },
            {
              "batter": "AC Gilchrist",
              "bowler": "AP Dole",
              "non_striker": "RG Sharma",
              "runs": {
                "batter": 0,
                "extras": 0,
                "total": 0
              },
              "wickets": [
                {
                  "kind": "caught",
                  "player_out": "AC Gilchrist",
                  "fielders": [
                    {
                      "name": "MJ Lumb"
                    }
                  ]
                }
              ]
            },
            {
              "batter": "A Symonds",
              "bowler": "AP Dole",
              "non_striker": "RG Sharma",
              "runs": {
                "batter": 1,
                "extras": 0,
                "total": 1
              }
            }
          ]
        },
        {
          "over": 5,
          "deliveries": [
            {
              "batter": "A Symonds",
              "bowler": "M Morkel",
              "non_striker": "RG Sharma",
              "runs": {
                "batter": 4,
                "extras": 0,
                "total": 4
              }
            },
            {
              "batter": "A Symonds",
              "bowler": "M Morkel",
              "non_striker": "RG Sharma",
              "runs": {
                "batter": 0,
                "extras": 0,
                "total": 0
              }
            },
            {
              "batter": "A Symonds",
              "bowler": "M Morkel",
              "non_striker": "RG Sharma",
              "runs": {
                "batter": 0,
                "extras": 0,
                "total": 0
              }
            },
            {
              "batter": "A Symonds",
              "bowler": "M Morkel",
              "non_striker": "RG Sharma",
              "runs": {
                "batter": 0,
                "extras": 0,
                "total": 0
              }
            },
            {
              "batter": "A Symonds",
              "bowler": "M Morkel",
              "non_striker": "RG Sharma",
              "runs": {
                "batter": 0,
                "extras": 0,
                "total": 0
              }
            },
            {
              "batter": "A Symonds",
              "bowler": "M Morkel",
              "non_striker": "RG Sharma",
              "runs": {
                "batter": 0,
                "extras": 0,
                "total": 0
              }
            }
          ]
        },
        {
          "over": 6,
          "deliveries": [
            {
              "batter": "RG Sharma",
              "bowler": "AP Dole",
              "non_striker": "A Symonds",
              "runs": {
                "batter": 0,
                "extras": 0,
                "total": 0
              }
            },
            {
              "batter": "RG Sharma",
              "bowler": "AP Dole",
              "non_striker": "A Symonds",
              "runs": {
                "batter": 1,
                "extras": 0,
                "total": 1
              }
            },
            {
              "batter": "A Symonds",
              "bowler": "AP Dole",
              "non_striker": "RG Sharma",
              "runs": {
                "batter": 0,
                "extras": 0,
                "total": 0
              }
            },
            {
              "batter": "A Symonds",
              "bowler": "AP Dole",
              "non_striker": "RG Sharma",
              "runs": {
                "batter": 1,
                "extras": 0,
                "total": 1
              }
            },
            {
              "batter": "RG Sharma",
              "bowler": "AP Dole",
              "non_striker": "A Symonds",
              "runs": {
                "batter": 1,
                "extras": 0,
                "total": 1
              }
            },
            {
              "batter": "A Symonds",
              "bowler": "AP Dole",
              "extras": {
                "noballs": 1
              },
              "non_striker": "RG Sharma",
              "runs": {
                "batter": 0,
                "extras": 1,
                "total": 1
              }
            },
            {
              "batter": "A Symonds",
              "bowler": "AP Dole",
              "non_striker": "RG Sharma",
              "runs": {
                "batter": 1,
                "extras": 0,
                "total": 1
              }
            }
          ]
        },
        {
          "over": 7,
          "deliveries": [
            {
              "batter": "A Symonds",
              "bowler": "M Morkel",
              "non_striker": "RG Sharma",
              "runs": {
                "batter": 1,
                "extras": 0,
                "total": 1
              }
            },
            {
              "batter": "RG Sharma",
              "bowler": "M Morkel",
              "non_striker": "A Symonds",
              "runs": {
                "batter": 1,
                "extras": 0,
                "total": 1
              }
            },
            {
              "batter": "A Symonds",
              "bowler": "M Morkel",
              "non_striker": "RG Sharma",
              "runs": {
                "batter": 1,
                "extras": 0,
                "total": 1
              }
            },
            {
              "batter": "RG Sharma",
              "bowler": "M Morkel",
              "non_striker": "A Symonds",
              "runs": {
                "batter": 1,
                "extras": 0,
                "total": 1
              }
            },
            {
              "batter": "A Symonds",
              "bowler": "M Morkel",
              "non_striker": "RG Sharma",
              "runs": {
                "batter": 1,
                "extras": 0,
                "total": 1
              }
            },
            {
              "batter": "RG Sharma",
              "bowler": "M Morkel",
              "non_striker": "A Symonds",
              "runs": {
                "batter": 1,
                "extras": 0,
                "total": 1
              }
            }
          ]
        },
        {
          "over": 8,
          "deliveries": [
            {
              "batter": "RG Sharma",
              "bowler": "AP Dole",
              "non_striker": "A Symonds",
              "runs": {
                "batter": 2,
                "extras": 0,
                "total": 2
              }
            },
            {
              "batter": "RG Sharma",
              "bowler": "AP Dole",
              "extras": {
                "legbyes": 2
              },
              "non_striker": "A Symonds",
              "runs": {
                "batter": 0,
                "extras": 2,
                "total": 2
              }
            },
            {
              "batter": "RG Sharma",
              "bowler": "AP Dole",
              "non_striker": "A Symonds",
              "runs": {
                "batter": 2,
                "extras": 0,
                "total": 2
              }
            },
            {
              "batter": "RG Sharma",
              "bowler": "AP Dole",
              "non_striker": "A Symonds",
              "runs": {
                "batter": 4,
                "extras": 0,
                "total": 4
              }
            },
            {
              "batter": "RG Sharma",
              "bowler": "AP Dole",
              "non_striker": "A Symonds",
              "runs": {
                "batter": 2,
                "extras": 0,
                "total": 2
              }
            },
            {
              "batter": "RG Sharma",
              "bowler": "AP Dole",
              "non_striker": "A Symonds",
              "runs": {
                "batter": 2,
                "extras": 0,
                "total": 2
              }
            }
          ]
        },
        {
          "over": 9,
          "deliveries": [
            {
              "batter": "A Symonds",
              "bowler": "M Morkel",
              "non_striker": "RG Sharma",
              "runs": {
                "batter": 0,
                "extras": 0,
                "total": 0
              }
            },
            {
              "batter": "A Symonds",
              "bowler": "M Morkel",
              "non_striker": "RG Sharma",
              "runs": {
                "batter": 0,
                "extras": 0,
                "total": 0
              }
            },
            {
              "batter": "A Symonds",
              "bowler": "M Morkel",
              "non_striker": "RG Sharma",
              "runs": {
                "batter": 4,
                "extras": 0,
                "total": 4
              }
            },
            {
              "batter": "A Symonds",
              "bowler": "M Morkel",
              "non_striker": "RG Sharma",
              "runs": {
                "batter": 0,
                "extras": 0,
                "total": 0
              }
            },
            {
              "batter": "A Symonds",
              "bowler": "M Morkel",
              "non_striker": "RG Sharma",
              "runs": {
                "batter": 1,
                "extras": 0,
                "total": 1
              }
            },
            {
              "batter": "RG Sharma",
              "bowler": "M Morkel",
              "non_striker": "A Symonds",
              "runs": {
                "batter": 4,
                "extras": 0,
                "total": 4
              }
            }
          ]
        },
        {
          "over": 10,
          "deliveries": [
            {
              "batter": "A Symonds",
              "bowler": "SK Trivedi",
              "non_striker": "RG Sharma",
              "runs": {
                "batter": 0,
                "extras": 0,
                "total": 0
              },
              "wickets": [
                {
                  "kind": "caught",
                  "player_out": "A Symonds",
                  "fielders": [
                    {
                      "name": "FY Fazal"
                    }
                  ]
                }
              ]
            },
            {
              "batter": "RG Sharma",
              "bowler": "SK Trivedi",
              "non_striker": "Anirudh Singh",
              "runs": {
                "batter": 0,
                "extras": 0,
                "total": 0
              }
            },
            {
              "batter": "RG Sharma",
              "bowler": "SK Trivedi",
              "non_striker": "Anirudh Singh",
              "runs": {
                "batter": 0,
                "extras": 0,
                "total": 0
              }
            },
            {
              "batter": "RG Sharma",
              "bowler": "SK Trivedi",
              "non_striker": "Anirudh Singh",
              "runs": {
                "batter": 1,
                "extras": 0,
                "total": 1
              }
            },
            {
              "batter": "Anirudh Singh",
              "bowler": "SK Trivedi",
              "non_striker": "RG Sharma",
              "runs": {
                "batter": 1,
                "extras": 0,
                "total": 1
              }
            },
            {
              "batter": "RG Sharma",
              "bowler": "SK Trivedi",
              "non_striker": "Anirudh Singh",
              "runs": {
                "batter": 4,
                "extras": 0,
                "total": 4
              }
            }
          ]
        },
        {
          "over": 11,
          "deliveries": [
            {
              "batter": "Anirudh Singh",
              "bowler": "SK Warne",
              "non_striker": "RG Sharma",
              "runs": {
                "batter": 1,
                "extras": 0,
                "total": 1
              }
            },
            {
              "batter": "RG Sharma",
              "bowler": "SK Warne",
              "non_striker": "Anirudh Singh",
              "runs": {
                "batter": 1,
                "extras": 0,
                "total": 1
              }
            },
            {
              "batter": "Anirudh Singh",
              "bowler": "SK Warne",
              "non_striker": "RG Sharma",
              "runs": {
                "batter": 1,
                "extras": 0,
                "total": 1
              }
            },
            {
              "batter": "RG Sharma",
              "bowler": "SK Warne",
              "non_striker": "Anirudh Singh",
              "runs": {
                "batter": 0,
                "extras": 0,
                "total": 0
              }
            },
            {
              "batter": "RG Sharma",
              "bowler": "SK Warne",
              "non_striker": "Anirudh Singh",
              "runs": {
                "batter": 6,
                "extras": 0,
                "total": 6
              }
            },
            {
              "batter": "RG Sharma",
              "bowler": "SK Warne",
              "non_striker": "Anirudh Singh",
              "runs": {
                "batter": 0,
                "extras": 0,
                "total": 0
              }
            }
          ]
        },
        {
          "over": 12,
          "deliveries": [
            {
              "batter": "Anirudh Singh",
              "bowler": "SK Trivedi",
              "non_striker": "RG Sharma",
              "runs": {
                "batter": 0,
                "extras": 0,
                "total": 0
              }
            },
            {
              "batter": "Anirudh Singh",
              "bowler": "SK Trivedi",
              "non_striker": "RG Sharma",
              "runs": {
                "batter": 1,
                "extras": 0,
                "total": 1
              }
            },
            {
              "batter": "RG Sharma",
              "bowler": "SK Trivedi",
              "non_striker": "Anirudh Singh",
              "runs": {
                "batter": 1,
                "extras": 0,
                "total": 1
              }
            },
            {
              "batter": "Anirudh Singh",
              "bowler": "SK Trivedi",
              "non_striker": "RG Sharma",
              "runs": {
                "batter": 0,
                "extras": 0,
                "total": 0
              }
            },
            {
              "batter": "Anirudh Singh",
              "bowler": "SK Trivedi",
              "non_striker": "RG Sharma",
              "runs": {
                "batter": 1,
                "extras": 0,
                "total": 1
              }
            },
            {
              "batter": "RG Sharma",
              "bowler": "SK Trivedi",
              "non_striker": "Anirudh Singh",
              "runs": {
                "batter": 4,
                "extras": 0,
                "total": 4
              }
            }
          ]
        },
        {
          "over": 13,
          "deliveries": [
            {
              "batter": "Anirudh Singh",
              "bowler": "SK Warne",
              "non_striker": "RG Sharma",
              "runs": {
                "batter": 0,
                "extras": 0,
                "total": 0
              }
            },
            {
              "batter": "Anirudh Singh",
              "bowler": "SK Warne",
              "non_striker": "RG Sharma",
              "runs": {
                "batter": 4,
                "extras": 0,
                "total": 4
              }
            },
            {
              "batter": "Anirudh Singh",
              "bowler": "SK Warne",
              "non_striker": "RG Sharma",
              "runs": {
                "batter": 0,
                "extras": 0,
                "total": 0
              }
            },
            {
              "batter": "Anirudh Singh",
              "bowler": "SK Warne",
              "non_striker": "RG Sharma",
              "runs": {
                "batter": 0,
                "extras": 0,
                "total": 0
              }
            },
            {
              "batter": "Anirudh Singh",
              "bowler": "SK Warne",
              "non_striker": "RG Sharma",
              "runs": {
                "batter": 0,
                "extras": 0,
                "total": 0
              },
              "wickets": [
                {
                  "kind": "caught",
                  "player_out": "Anirudh Singh",
                  "fielders": [
                    {
                      "name": "NV Ojha"
                    }
                  ]
                }
              ]
            },
            {
              "batter": "DR Smith",
              "bowler": "SK Warne",
              "extras": {
                "byes": 1
              },
              "non_striker": "RG Sharma",
              "runs": {
                "batter": 0,
                "extras": 1,
                "total": 1
              }
            }
          ]
        },
        {
          "over": 14,
          "deliveries": [
            {
              "batter": "DR Smith",
              "bowler": "SR Watson",
              "non_striker": "RG Sharma",
              "runs": {
                "batter": 1,
                "extras": 0,
                "total": 1
              }
            },
            {
              "batter": "RG Sharma",
              "bowler": "SR Watson",
              "non_striker": "DR Smith",
              "runs": {
                "batter": 0,
                "extras": 0,
                "total": 0
              }
            },
            {
              "batter": "RG Sharma",
              "bowler": "SR Watson",
              "non_striker": "DR Smith",
              "runs": {
                "batter": 2,
                "extras": 0,
                "total": 2
              }
            },
            {
              "batter": "RG Sharma",
              "bowler": "SR Watson",
              "non_striker": "DR Smith",
              "runs": {
                "batter": 1,
                "extras": 0,
                "total": 1
              }
            },
            {
              "batter": "DR Smith",
              "bowler": "SR Watson",
              "non_striker": "RG Sharma",
              "runs": {
                "batter": 0,
                "extras": 0,
                "total": 0
              }
            },
            {
              "batter": "DR Smith",
              "bowler": "SR Watson",
              "non_striker": "RG Sharma",
              "runs": {
                "batter": 1,
                "extras": 0,
                "total": 1
              }
            }
          ]
        },
        {
          "over": 15,
          "deliveries": [
            {
              "batter": "DR Smith",
              "bowler": "SK Warne",
              "non_striker": "RG Sharma",
              "runs": {
                "batter": 2,
                "extras": 0,
                "total": 2
              }
            },
            {
              "batter": "DR Smith",
              "bowler": "SK Warne",
              "non_striker": "RG Sharma",
              "runs": {
                "batter": 0,
                "extras": 0,
                "total": 0
              }
            },
            {
              "batter": "DR Smith",
              "bowler": "SK Warne",
              "non_striker": "RG Sharma",
              "runs": {
                "batter": 0,
                "extras": 0,
                "total": 0
              },
              "wickets": [
                {
                  "kind": "caught",
                  "player_out": "DR Smith",
                  "fielders": [
                    {
                      "name": "AP Dole"
                    }
                  ]
                }
              ]
            },
            {
              "batter": "RG Sharma",
              "bowler": "SK Warne",
              "non_striker": "AA Bilakhia",
              "runs": {
                "batter": 1,
                "extras": 0,
                "total": 1
              }
            },
            {
              "batter": "AA Bilakhia",
              "bowler": "SK Warne",
              "non_striker": "RG Sharma",
              "runs": {
                "batter": 0,
                "extras": 0,
                "total": 0
              }
            },
            {
              "batter": "AA Bilakhia",
              "bowler": "SK Warne",
              "non_striker": "RG Sharma",
              "runs": {
                "batter": 1,
                "extras": 0,
                "total": 1
              }
            }
          ]
        },
        {
          "over": 16,
          "deliveries": [
            {
              "batter": "AA Bilakhia",
              "bowler": "SR Watson",
              "non_striker": "RG Sharma",
              "runs": {
                "batter": 1,
                "extras": 0,
                "total": 1
              }
            },
            {
              "batter": "RG Sharma",
              "bowler": "SR Watson",
              "non_striker": "AA Bilakhia",
              "runs": {
                "batter": 2,
                "extras": 0,
                "total": 2
              }
            },
            {
              "batter": "RG Sharma",
              "bowler": "SR Watson",
              "non_striker": "AA Bilakhia",
              "runs": {
                "batter": 0,
                "extras": 0,
                "total": 0
              }
            },
            {
              "batter": "RG Sharma",
              "bowler": "SR Watson",
              "non_striker": "AA Bilakhia",
              "runs": {
                "batter": 4,
                "extras": 0,
                "total": 4
              }
            },
            {
              "batter": "RG Sharma",
              "bowler": "SR Watson",
              "non_striker": "AA Bilakhia",
              "runs": {
                "batter": 4,
                "extras": 0,
                "total": 4
              }
            },
            {
              "batter": "RG Sharma",
              "bowler": "SR Watson",
              "non_striker": "AA Bilakhia",
              "runs": {
                "batter": 4,
                "extras": 0,
                "total": 4
              }
            }
          ]
        },
        {
          "over": 17,
          "deliveries": [
            {
              "batter": "AA Bilakhia",
              "bowler": "SK Warne",
              "non_striker": "RG Sharma",
              "runs": {
                "batter": 0,
                "extras": 0,
                "total": 0
              },
              "wickets": [
                {
                  "kind": "caught",
                  "player_out": "AA Bilakhia",
                  "fielders": [
                    {
                      "name": "AS Raut"
                    }
                  ]
                }
              ]
            },
            {
              "batter": "RJ Harris",
              "bowler": "SK Warne",
              "non_striker": "RG Sharma",
              "runs": {
                "batter": 1,
                "extras": 0,
                "total": 1
              }
            },
            {
              "batter": "RG Sharma",
              "bowler": "SK Warne",
              "non_striker": "RJ Harris",
              "runs": {
                "batter": 1,
                "extras": 0,
                "total": 1
              }
            },
            {
              "batter": "RJ Harris",
              "bowler": "SK Warne",
              "non_striker": "RG Sharma",
              "runs": {
                "batter": 0,
                "extras": 0,
                "total": 0
              },
              "wickets": [
                {
                  "kind": "bowled",
                  "player_out": "RJ Harris"
                }
              ]
            },
            {
              "batter": "RP Singh",
              "bowler": "SK Warne",
              "non_striker": "RG Sharma",
              "runs": {
                "batter": 2,
                "extras": 0,
                "total": 2
              }
            },
            {
              "batter": "RP Singh",
              "bowler": "SK Warne",
              "non_striker": "RG Sharma",
              "runs": {
                "batter": 0,
                "extras": 0,
                "total": 0
              }
            }
          ]
        },
        {
          "over": 18,
          "deliveries": [
            {
              "batter": "RG Sharma",
              "bowler": "M Morkel",
              "non_striker": "RP Singh",
              "runs": {
                "batter": 4,
                "extras": 0,
                "total": 4
              }
            },
            {
              "batter": "RG Sharma",
              "bowler": "M Morkel",
              "non_striker": "RP Singh",
              "runs": {
                "batter": 1,
                "extras": 0,
                "total": 1
              }
            },
            {
              "batter": "RP Singh",
              "bowler": "M Morkel",
              "non_striker": "RG Sharma",
              "runs": {
                "batter": 1,
                "extras": 0,
                "total": 1
              }
            },
            {
              "batter": "RG Sharma",
              "bowler": "M Morkel",
              "non_striker": "RP Singh",
              "runs": {
                "batter": 0,
                "extras": 0,
                "total": 0
              }
            },
            {
              "batter": "RG Sharma",
              "bowler": "M Morkel",
              "non_striker": "RP Singh",
              "runs": {
                "batter": 6,
                "extras": 0,
                "total": 6
              }
            },
            {
              "batter": "RG Sharma",
              "bowler": "M Morkel",
              "non_striker": "RP Singh",
              "runs": {
                "batter": 1,
                "extras": 0,
                "total": 1
              }
            }
          ]
        },
        {
          "over": 19,
          "deliveries": [
            {
              "batter": "RG Sharma",
              "bowler": "SK Trivedi",
              "non_striker": "RP Singh",
              "runs": {
                "batter": 1,
                "extras": 0,
                "total": 1
              }
            },
            {
              "batter": "RP Singh",
              "bowler": "SK Trivedi",
              "extras": {
                "wides": 1
              },
              "non_striker": "RG Sharma",
              "runs": {
                "batter": 0,
                "extras": 1,
                "total": 1
              }
            },
            {
              "batter": "RP Singh",
              "bowler": "SK Trivedi",
              "non_striker": "RG Sharma",
              "runs": {
                "batter": 0,
                "extras": 0,
                "total": 0
              }
            },
            {
              "batter": "RP Singh",
              "bowler": "SK Trivedi",
              "non_striker": "RG Sharma",
              "runs": {
                "batter": 0,
                "extras": 0,
                "total": 0
              },
              "wickets": [
                {
                  "kind": "caught",
                  "player_out": "RP Singh",
                  "fielders": [
                    {
                      "name": "M Morkel"
                    }
                  ]
                }
              ]
            },
            {
              "batter": "RG Sharma",
              "bowler": "SK Trivedi",
              "non_striker": "Harmeet Singh",
              "runs": {
                "batter": 1,
                "extras": 0,
                "total": 1
              },
              "wickets": [
                {
                  "kind": "run out",
                  "player_out": "Harmeet Singh",
                  "fielders": [
                    {
                      "name": "SK Trivedi"
                    }
                  ]
                }
              ]
            },
            {
              "batter": "RG Sharma",
              "bowler": "SK Trivedi",
              "non_striker": "PP Ojha",
              "runs": {
                "batter": 0,
                "extras": 0,
                "total": 0
              },
              "wickets": [
                {
                  "kind": "caught",
                  "player_out": "RG Sharma",
                  "fielders": [
                    {
                      "name": "AS Raut"
                    }
                  ]
                }
              ]
            }
          ]
        }
      ],
      "powerplays": [
        {
          "from": 0.1,
          "to": 5.6,
          "type": "mandatory"
        }
      ],
      "target": {
        "overs": 20,
        "runs": 160
      }
    }
  ]
}