{
  "meta": {
    "data_version": "1.0.0",
    "created": "2014-05-01",
    "revision": 2
  },
  "info": {
    "balls_per_over": 6,
    "dates": [
      "2014-04-23"
    ],
    "event": {
      "match_number": 10,
      "name": "Indian Premier League"
    },
    "gender": "male",
    "match_type": "T20",
    "officials": {
      "match_referees": [
        "GF Labrooy"
      ],
      "reserve_umpires": [
        "K Srinivasan"
      ],
      "tv_umpires": [
        "C Shamshuddin"
      ],
      "umpires": [
        "HDPK Dharmasena",
        "RK Illingworth"
      ]
    },
    "outcome": {
      "by": {
        "runs": 7
      },
      "winner": "Chennai Super Kings"
    },
    "overs": 20,
    "player_of_match": [
      "RA Jadeja"
    ],
    "players": {
      "Chennai Super Kings": [
        "DR Smith",
        "BB McCullum",
        "SK Raina",
        "F du Plessis",
        "MS Dhoni",
        "RA Jadeja",
        "M Manhas",
        "R Ashwin",
        "BW Hilfenhaus",
        "IC Pandey",
        "MM Sharma"
      ],
      "Rajasthan Royals": [
        "AM Nayar",
        "AM Rahane",
        "SV Samson",
        "SR Watson",
        "STR Binny",
        "SPD Smith",
        "R Bhatia",
        "JP Faulkner",
        "TG Southee",
        "DS Kulkarni",
        "PV Tambe"
      ]
    },
    "registry": {
      "people": {
        "AM Nayar": "a45a5e8d",
        "AM Rahane": "29e95537",
        "BB McCullum": "b8a55852",
        "BW Hilfenhaus": "f3171936",
        "C Shamshuddin": "0f9d921b",
        "DR Smith": "35205dfc",
        "DS Kulkarni": "d2a989fc",
        "F du Plessis": "3355b542",
        "GF Labrooy": "8e088dbc",
        "HDPK Dharmasena": "323e4c16",
        "IC Pandey": "e0407c01",
        "JP Faulkner": "808f425a",
        "K Srinivasan": "042a8b69",
        "M Manhas": "c42aaf71",
        "MM Sharma": "759ac88f",
        "MS Dhoni": "4a8a2e3b",
        "PV Tambe": "6aed7e79",
        "R Ashwin": "495d42a5",
        "R Bhatia": "33a364a6",
        "RA Jadeja": "fe93fd9d",
        "RK Illingworth": "20672246",
        "SK Raina": "1dc12ab9",
        "SPD Smith": "30a45b23",
        "SR Watson": "4329fbb5",
        "STR Binny": "bd17b45f",
        "SV Samson": "a4cc73aa",
        "TG Southee": "13c35c9e"
      }
    },
    "season": 2014,
    "team_type": "club",
    "teams": [
      "Rajasthan Royals",
      "Chennai Super Kings"
    ],
    "toss": {
      "decision": "field",
      "winner": "Rajasthan Royals"
    },
    "venue": "Dubai International Cricket Stadium"
  },
  "innings": [
    {
      "team": "Chennai Super Kings",
      "overs": [
        {
          "over": 0,
          "deliveries": [
            {
              "batter": "DR Smith",
              "bowler": "DS Kulkarni",
              "non_striker": "BB McCullum",
              "runs": {
                "batter": 4,
                "extras": 0,
                "total": 4
              }
            },
            {
              "batter": "DR Smith",
              "bowler": "DS Kulkarni",
              "non_striker": "BB McCullum",
              "runs": {
                "batter": 0,
                "extras": 0,
                "total": 0
              }
            },
            {
              "batter": "DR Smith",
              "bowler": "DS Kulkarni",
              "non_striker": "BB McCullum",
              "runs": {
                "batter": 0,
                "extras": 0,
                "total": 0
              }
            },
            {
              "batter": "DR Smith",
              "bowler": "DS Kulkarni",
              "non_striker": "BB McCullum",
              "runs": {
                "batter": 0,
                "extras": 0,
                "total": 0
              }
            },
            {
              "batter": "DR Smith",
              "bowler": "DS Kulkarni",
              "non_striker": "BB McCullum",
              "runs": {
                "batter": 0,
                "extras": 0,
                "total": 0
              }
            },
            {
              "batter": "DR Smith",
              "bowler": "DS Kulkarni",
              "non_striker": "BB McCullum",
              "runs": {
                "batter": 1,
                "extras": 0,
                "total": 1
              }
            }
          ]
        },
        {
          "over": 1,
          "deliveries": [
            {
              "batter": "DR Smith",
              "bowler": "TG Southee",
              "non_striker": "BB McCullum",
              "runs": {
                "batter": 2,
                "extras": 0,
                "total": 2
              }
            },
            {
              "batter": "DR Smith",
              "bowler": "TG Southee",
              "non_striker": "BB McCullum",
              "runs": {
                "batter": 0,
                "extras": 0,
                "total": 0
              }
            },
            {
              "batter": "DR Smith",
              "bowler": "TG Southee",
              "non_striker": "BB McCullum",
              "runs": {
                "batter": 0,
                "extras": 0,
                "total": 0
              }
            },
            {
              "batter": "DR Smith",
              "bowler": "TG Southee",
              "non_striker": "BB McCullum",
              "runs": {
                "batter": 0,
                "extras": 0,
                "total": 0
              }
            },
            {
              "batter": "DR Smith",
              "bowler": "TG Southee",
              "non_striker": "BB McCullum",
              "runs": {
                "batter": 1,
                "extras": 0,
                "total": 1
              }
            },
            {
              "batter": "BB McCullum",
              "bowler": "TG Southee",
              "non_striker": "DR Smith",
              "runs": {
                "batter": 0,
                "extras": 0,
                "total": 0
              }
            }
          ]
        },
        {
          "over": 2,
          "deliveries": [
            {
              "batter": "DR Smith",
              "bowler": "JP Faulkner",
              "non_striker": "BB McCullum",
              "runs": {
                "batter": 1,
                "extras": 0,
                "total": 1
              }
            },
            {
              "batter": "BB McCullum",
              "bowler": "JP Faulkner",
              "non_striker": "DR Smith",
              "runs": {
                "batter": 1,
                "extras": 0,
                "total": 1
              }
            },
            {
              "batter": "DR Smith",
              "bowler": "JP Faulkner",
              "non_striker": "BB McCullum",
              "runs": {
                "batter": 0,
                "extras": 0,
                "total": 0
              }
            },
            {
              "batter": "DR Smith",
              "bowler": "JP Faulkner",
              "non_striker": "BB McCullum",
              "runs": {
                "batter": 6,
                "extras": 0,
                "total": 6
              }
            },
            {
              "batter": "DR Smith",
              "bowler": "JP Faulkner",
              "non_striker": "BB McCullum",
              "runs": {
                "batter": 1,
                "extras": 0,
                "total": 1
              }
            },
            {
              "batter": "BB McCullum",
              "bowler": "JP Faulkner",
              "non_striker": "DR Smith",
              "runs": {
                "batter": 1,
                "extras": 0,
                "total": 1
              }
            }
          ]
        },
        {
          "over": 3,
          "deliveries": [
            {
              "batter": "BB McCullum",
              "bowler": "DS Kulkarni",
              "non_striker": "DR Smith",
              "runs": {
                "batter": 0,
                "extras": 0,
                "total": 0
              }
            },
            {
              "batter": "BB McCullum",
              "bowler": "DS Kulkarni",
              "non_striker": "DR Smith",
              "runs": {
                "batter": 0,
                "extras": 0,
                "total": 0
              }
            },
            {
              "batter": "BB McCullum",
              "bowler": "DS Kulkarni",
              "non_striker": "DR Smith",
              "runs": {
                "batter": 0,
                "extras": 0,
                "total": 0
              }
            },
            {
              "batter": "BB McCullum",
              "bowler": "DS Kulkarni",
              "non_striker": "DR Smith",
              "runs": {
                "batter": 1,
                "extras": 0,
                "total": 1
              }
            },
            {
              "batter": "DR Smith",
              "bowler": "DS Kulkarni",
              "non_striker": "BB McCullum",
              "runs": {
                "batter": 0,
                "extras": 0,
                "total": 0
              }
            },
            {
              "batter": "DR Smith",
              "bowler": "DS Kulkarni",
              "non_striker": "BB McCullum",
              "runs": {
                "batter": 1,
                "extras": 0,
                "total": 1
              }
            }
          ]
        },
        {
          "over": 4,
          "deliveries": [
            {
              "batter": "DR Smith",
              "bowler": "TG Southee",
              "non_striker": "BB McCullum",
              "runs": {
                "batter": 0,
                "extras": 0,
                "total": 0
              }
            },
            {
              "batter": "DR Smith",
              "bowler": "TG Southee",
              "non_striker": "BB McCullum",
              "runs": {
                "batter": 6,
                "extras": 0,
                "total": 6
              }
            },
            {
              "batter": "DR Smith",
              "bowler": "TG Southee",
              "non_striker": "BB McCullum",
              "runs": {
                "batter": 1,
                "extras": 0,
                "total": 1
              }
            },
            {
              "batter": "BB McCullum",
              "bowler": "TG Southee",
              "non_striker": "DR Smith",
              "runs": {
                "batter": 1,
                "extras": 0,
                "total": 1
              }
            },
            {
              "batter": "DR Smith",
              "bowler": "TG Southee",
              "non_striker": "BB McCullum",
              "runs": {
                "batter": 0,
                "extras": 0,
                "total": 0
              }
            },
            {
              "batter": "DR Smith",
              "bowler": "TG Southee",
              "non_striker": "BB McCullum",
              "runs": {
                "batter": 4,
                "extras": 0,
                "total": 4
              }
            }
          ]
        },
        {
          "over": 5,
          "deliveries": [
            {
              "batter": "BB McCullum",
              "bowler": "JP Faulkner",
              "extras": {
                "wides": 1
              },
              "non_striker": "DR Smith",
              "runs": {
                "batter": 0,
                "extras": 1,
                "total": 1
              }
            },
            {
              "batter": "BB McCullum",
              "bowler": "JP Faulkner",
              "non_striker": "DR Smith",
              "runs": {
                "batter": 2,
                "extras": 0,
                "total": 2
              }
            },
            {
              "batter": "BB McCullum",
              "bowler": "JP Faulkner",
              "non_striker": "DR Smith",
              "runs": {
                "batter": 0,
                "extras": 0,
                "total": 0
              },
              "wickets": [
                {
                  "kind": "caught",
                  "player_out": "BB McCullum",
                  "fielders": [
                    {
                      "name": "SPD Smith"
                    }
                  ]
                }
              ]
            },
            {
              "batter": "DR Smith",
              "bowler": "JP Faulkner",
              "non_striker": "SK Raina",
              "runs": {
                "batter": 4,
                "extras": 0,
                "total": 4
              }
            },
            {
              "batter": "DR Smith",
              "bowler": "JP Faulkner",
              "non_striker": "SK Raina",
              "runs": {
                "batter": 4,
                "extras": 0,
                "total": 4
              }
            },
            {
              "batter": "DR Smith",
              "bowler": "JP Faulkner",
              "non_striker": "SK Raina",
              "runs": {
                "batter": 4,
                "extras": 0,
                "total": 4
              }
            },
            {
              "batter": "DR Smith",
              "bowler": "JP Faulkner",
              "non_striker": "SK Raina",
              "runs": {
                "batter": 4,
                "extras": 0,
                "total": 4
              }
            }
          ]
        },
        {
          "over": 6,
          "deliveries": [
            {
              "batter": "SK Raina",
              "bowler": "PV Tambe",
              "non_striker": "DR Smith",
              "runs": {
                "batter": 0,
                "extras": 0,
                "total": 0
              }
            },
            {
              "batter": "SK Raina",
              "bowler": "PV Tambe",
              "non_striker": "DR Smith",
              "runs": {
                "batter": 0,
                "extras": 0,
                "total": 0
              }
            },
            {
              "batter": "SK Raina",
              "bowler": "PV Tambe",
              "non_striker": "DR Smith",
              "runs": {
                "batter": 0,
                "extras": 0,
                "total": 0
              }
            },
            {
              "batter": "SK Raina",
              "bowler": "PV Tambe",
              "non_striker": "DR Smith",
              "runs": {
                "batter": 2,
                "extras": 0,
                "total": 2
              }
            },
            {
              "batter": "SK Raina",
              "bowler": "PV Tambe",
              "non_striker": "DR Smith",
              "runs": {
                "batter": 0,
                "extras": 0,
                "total": 0
              }
            },
            {
              "batter": "SK Raina",
              "bowler": "PV Tambe",
              "non_striker": "DR Smith",
              "runs": {
                "batter": 0,
                "extras": 0,
                "total": 0
              }
            }
          ]
        },
        {
          "over": 7,
          "deliveries": [
            {
              "batter": "DR Smith",
              "bowler": "STR Binny",
              "non_striker": "SK Raina",
              "runs": {
                "batter": 6,
                "extras": 0,
                "total": 6
              }
            },
            {
              "batter": "DR Smith",
              "bowler": "STR Binny",
              "non_striker": "SK Raina",
              "runs": {
                "batter": 0,
                "extras": 0,
                "total": 0
              },
              "wickets": [
                {
                  "kind": "caught",
                  "player_out": "DR Smith",
                  "fielders": [
                    {
                      "name": "SR Watson"
                    }
                  ]
                }
              ]
            },
            {
              "batter": "SK Raina",
              "bowler": "STR Binny",
              "non_striker": "F du Plessis",
              "runs": {
                "batter": 1,
                "extras": 0,
                "total": 1
              }
            },
            {
              "batter": "F du Plessis",
              "bowler": "STR Binny",
              "non_striker": "SK Raina",
              "runs": {
                "batter": 1,
                "extras": 0,
                "total": 1
              }
            },
            {
              "batter": "SK Raina",
              "bowler": "STR Binny",
              "non_striker": "F du Plessis",
              "runs": {
                "batter": 1,
                "extras": 0,
                "total": 1
              }
            },
            {
              "batter": "F du Plessis",
              "bowler": "STR Binny",
              "non_striker": "SK Raina",
              "runs": {
                "batter": 1,
                "extras": 0,
                "total": 1
              }
            }
          ]
        },
        {
          "over": 8,
          "deliveries": [
            {
              "batter": "F du Plessis",
              "bowler": "R Bhatia",
              "non_striker": "SK Raina",
              "runs": {
                "batter": 1,
                "extras": 0,
                "total": 1
              }
            },
            {
              "batter": "SK Raina",
              "bowler": "R Bhatia",
              "non_striker": "F du Plessis",
              "runs": {
                "batter": 0,
                "extras": 0,
                "total": 0
              },
              "wickets": [
                {
                  "kind": "caught",
                  "player_out": "SK Raina",
                  "fielders": [
                    {
                      "name": "DS Kulkarni"
                    }
                  ]
                }
              ]
            },
            {
              "batter": "F du Plessis",
              "bowler": "R Bhatia",
              "non_striker": "MS Dhoni",
              "runs": {
                "batter": 0,
                "extras": 0,
                "total": 0
              }
            },
            {
              "batter": "F du Plessis",
              "bowler": "R Bhatia",
              "non_striker": "MS Dhoni",
              "runs": {
                "batter": 1,
                "extras": 0,
                "total": 1
              }
            },
            {
              "batter": "MS Dhoni",
              "bowler": "R Bhatia",
              "non_striker": "F du Plessis",
              "runs": {
                "batter": 0,
                "extras": 0,
                "total": 0
              }
            },
            {
              "batter": "MS Dhoni",
              "bowler": "R Bhatia",
              "non_striker": "F du Plessis",
              "runs": {
                "batter": 1,
                "extras": 0,
                "total": 1
              }
            }
          ]
        },
        {
          "over": 9,
          "deliveries": [
            {
              "batter": "MS Dhoni",
              "bowler": "PV Tambe",
              "non_striker": "F du Plessis",
              "runs": {
                "batter": 1,
                "extras": 0,
                "total": 1
              }
            },
            {
              "batter": "F du Plessis",
              "bowler": "PV Tambe",
              "non_striker": "MS Dhoni",
              "runs": {
                "batter": 0,
                "extras": 0,
                "total": 0
              }
            },
            {
              "batter": "F du Plessis",
              "bowler": "PV Tambe",
              "non_striker": "MS Dhoni",
              "runs": {
                "batter": 2,
                "extras": 0,
                "total": 2
              }
            },
            {
              "batter": "F du Plessis",
              "bowler": "PV Tambe",
              "non_striker": "MS Dhoni",
              "runs": {
                "batter": 1,
                "extras": 0,
                "total": 1
              }
            },
            {
              "batter": "MS Dhoni",
              "bowler": "PV Tambe",
              "non_striker": "F du Plessis",
              "runs": {
                "batter": 1,
                "extras": 0,
                "total": 1
              }
            },
            {
              "batter": "F du Plessis",
              "bowler": "PV Tambe",
              "non_striker": "MS Dhoni",
              "runs": {
                "batter": 0,
                "extras": 0,
                "total": 0
              }
            }
          ]
        },
        {
          "over": 10,
          "deliveries": [
            {
              "batter": "MS Dhoni",
              "bowler": "R Bhatia",
              "non_striker": "F du Plessis",
              "runs": {
                "batter": 0,
                "extras": 0,
                "total": 0
              },
              "wickets": [
                {
                  "kind": "run out",
                  "player_out": "F du Plessis",
                  "fielders": [
                    {
                      "name": "R Bhatia"
                    }
                  ]
                }
              ]
            },
            {
              "batter": "MS Dhoni",
              "bowler": "R Bhatia",
              "non_striker": "RA Jadeja",
              "runs": {
                "batter": 1,
                "extras": 0,
                "total": 1
              }
            },
            {
              "batter": "RA Jadeja",
              "bowler": "R Bhatia",
              "non_striker": "MS Dhoni",
              "runs": {
                "batter": 0,
                "extras": 0,
                "total": 0
              }
            },
            {
              "batter": "RA Jadeja",
              "bowler": "R Bhatia",
              "non_striker": "MS Dhoni",
              "runs": {
                "batter": 1,
                "extras": 0,
                "total": 1
              }
            },
            {
              "batter": "MS Dhoni",
              "bowler": "R Bhatia",
              "non_striker": "RA Jadeja",
              "runs": {
                "batter": 1,
                "extras": 0,
                "total": 1
              }
            },
            {
              "batter": "RA Jadeja",
              "bowler": "R Bhatia",
              "non_striker": "MS Dhoni",
              "runs": {
                "batter": 0,
                "extras": 0,
                "total": 0
              }
            }
          ]
        },
        {
          "over": 11,
          "deliveries": [
            {
              "batter": "MS Dhoni",
              "bowler": "PV Tambe",
              "non_striker": "RA Jadeja",
              "runs": {
                "batter": 0,
                "extras": 0,
                "total": 0
              },
              "wickets": [
                {
                  "kind": "caught",
                  "player_out": "MS Dhoni",
                  "fielders": [
                    {
                      "name": "JP Faulkner"
                    }
                  ]
                }
              ]
            },
            {
              "batter": "RA Jadeja",
              "bowler": "PV Tambe",
              "non_striker": "M Manhas",
              "runs": {
                "batter": 4,
                "extras": 0,
                "total": 4
              }
            },
            {
              "batter": "RA Jadeja",
              "bowler": "PV Tambe",
              "non_striker": "M Manhas",
              "runs": {
                "batter": 0,
                "extras": 0,
                "total": 0
              }
            },
            {
              "batter": "RA Jadeja",
              "bowler": "PV Tambe",
              "non_striker": "M Manhas",
              "runs": {
                "batter": 1,
                "extras": 0,
                "total": 1
              }
            },
            {
              "batter": "M Manhas",
              "bowler": "PV Tambe",
              "non_striker": "RA Jadeja",
              "runs": {
                "batter": 2,
                "extras": 0,
                "total": 2
              }
            },
            {
              "batter": "M Manhas",
              "bowler": "PV Tambe",
              "non_striker": "RA Jadeja",
              "runs": {
                "batter": 0,
                "extras": 0,
                "total": 0
              }
            }
          ]
        },
        {
          "over": 12,
          "deliveries": [
            {
              "batter": "RA Jadeja",
              "bowler": "R Bhatia",
              "non_striker": "M Manhas",
              "runs": {
                "batter": 0,
                "extras": 0,
                "total": 0
              }
            },
            {
              "batter": "RA Jadeja",
              "bowler": "R Bhatia",
              "non_striker": "M Manhas",
              "runs": {
                "batter": 0,
                "extras": 0,
                "total": 0
              }
            },
            {
              "batter": "RA Jadeja",
              "bowler": "R Bhatia",
              "non_striker": "M Manhas",
              "runs": {
                "batter": 1,
                "extras": 0,
                "total": 1
              }
            },
            {
              "batter": "M Manhas",
              "bowler": "R Bhatia",
              "non_striker": "RA Jadeja",
              "runs": {
                "batter": 1,
                "extras": 0,
                "total": 1
              }
            },
            {
              "batter": "RA Jadeja",
              "bowler": "R Bhatia",
              "non_striker": "M Manhas",
              "runs": {
                "batter": 1,
                "extras": 0,
                "total": 1
              }
            },
            {
              "batter": "M Manhas",
              "bowler": "R Bhatia",
              "non_striker": "RA Jadeja",
              "runs": {
                "batter": 1,
                "extras": 0,
                "total": 1
              }
            }
          ]
        },
        {
          "over": 13,
          "deliveries": [
            {
              "batter": "M Manhas",
              "bowler": "PV Tambe",
              "non_striker": "RA Jadeja",
              "runs": {
                "batter": 4,
                "extras": 0,
                "total": 4
              }
            },
            {
              "batter": "M Manhas",
              "bowler": "PV Tambe",
              "non_striker": "RA Jadeja",
              "runs": {
                "batter": 1,
                "extras": 0,
                "total": 1
              }
            },
            {
              "batter": "RA Jadeja",
              "bowler": "PV Tambe",
              "non_striker": "M Manhas",
              "runs": {
                "batter": 2,
                "extras": 0,
                "total": 2
              }
            },
            {
              "batter": "RA Jadeja",
              "bowler": "PV Tambe",
              "non_striker": "M Manhas",
              "runs": {
                "batter": 1,
                "extras": 0,
                "total": 1
              }
            },
            {
              "batter": "M Manhas",
              "bowler": "PV Tambe",
              "extras": {
                "wides": 5
              },
              "non_striker": "RA Jadeja",
              "runs": {
                "batter": 0,
                "extras": 5,
                "total": 5
              }
            },
            {
              "batter": "M Manhas",
              "bowler": "PV Tambe",
              "non_striker": "RA Jadeja",
              "runs": {
                "batter": 0,
                "extras": 0,
                "total": 0
              }
            },
            {
              "batter": "M Manhas",
              "bowler": "PV Tambe",
              "non_striker": "RA Jadeja",
              "runs": {
                "batter": 0,
                "extras": 0,
                "total": 0
              }
            }
          ]
        },
        {
          "over": 14,
          "deliveries": [
            {
              "batter": "RA Jadeja",
              "bowler": "R Bhatia",
              "non_striker": "M Manhas",
              "runs": {
                "batter": 1,
                "extras": 0,
                "total": 1
              }
            },
            {
              "batter": "M Manhas",
              "bowler": "R Bhatia",
              "non_striker": "RA Jadeja",
              "runs": {
                "batter": 1,
                "extras": 0,
                "total": 1
              }
            },
            {
              "batter": "RA Jadeja",
              "bowler": "R Bhatia",
              "non_striker": "M Manhas",
              "runs": {
                "batter": 0,
                "extras": 0,
                "total": 0
              }
            },
            {
              "batter": "RA Jadeja",
              "bowler": "R Bhatia",
              "non_striker": "M Manhas",
              "runs": {
                "batter": 1,
                "extras": 0,
                "total": 1
              }
            },
            {
              "batter": "M Manhas",
              "bowler": "R Bhatia",
              "non_striker": "RA Jadeja",
              "runs": {
                "batter": 0,
                "extras": 0,
                "total": 0
              },
              "wickets": [
                {
                  "kind": "caught",
                  "player_out": "M Manhas",
                  "fielders": [
                    {
                      "name": "AM Nayar"
                    }
                  ]
                }
              ]
            },
            {
              "batter": "R Ashwin",
              "bowler": "R Bhatia",
              "non_striker": "RA Jadeja",
              "runs": {
                "batter": 0,
                "extras": 0,
                "total": 0
              }
            }
          ]
        },
        {
          "over": 15,
          "deliveries": [
            {
              "batter": "RA Jadeja",
              "bowler": "SR Watson",
              "non_striker": "R Ashwin",
              "runs": {
                "batter": 1,
                "extras": 0,
                "total": 1
              }
            },
            {
              "batter": "R Ashwin",
              "bowler": "SR Watson",
              "non_striker": "RA Jadeja",
              "runs": {
                "batter": 1,
                "extras": 0,
                "total": 1
              }
            },
            {
              "batter": "RA Jadeja",
              "bowler": "SR Watson",
              "non_striker": "R Ashwin",
              "runs": {
                "batter": 1,
                "extras": 0,
                "total": 1
              }
            },
            {
              "batter": "R Ashwin",
              "bowler": "SR Watson",
              "non_striker": "RA Jadeja",
              "runs": {
                "batter": 0,
                "extras": 0,
                "total": 0
              }
            },
            {
              "batter": "R Ashwin",
              "bowler": "SR Watson",
              "non_striker": "RA Jadeja",
              "runs": {
                "batter": 1,
                "extras": 0,
                "total": 1
              }
            },
            {
              "batter": "RA Jadeja",
              "bowler": "SR Watson",
              "non_striker": "R Ashwin",
              "runs": {
                "batter": 1,
                "extras": 0,
                "total": 1
              }
            }
          ]
        },
        {
          "over": 16,
          "deliveries": [
            {
              "batter": "RA Jadeja",
              "bowler": "DS Kulkarni",
              "non_striker": "R Ashwin",
              "runs": {
                "batter": 0,
                "extras": 0,
                "total": 0
              }
            },
            {
              "batter": "RA Jadeja",
              "bowler": "DS Kulkarni",
              "non_striker": "R Ashwin",
              "runs": {
                "batter": 2,
                "extras": 0,
                "total": 2
              }
            },
            {
              "batter": "RA Jadeja",
              "bowler": "DS Kulkarni",
              "non_striker": "R Ashwin",
              "runs": {
                "batter": 0,
                "extras": 0,
                "total": 0
              }
            },
            {
              "batter": "RA Jadeja",
              "bowler": "DS Kulkarni",
              "extras": {
                "wides": 1
              },
              "non_striker": "R Ashwin",
              "runs": {
                "batter": 0,
                "extras": 1,
                "total": 1
              }
            },
            {
              "batter": "RA Jadeja",
              "bowler": "DS Kulkarni",
              "non_striker": "R Ashwin",
              "runs": {
                "batter": 4,
                "extras": 0,
                "total": 4
              }
            },
            {
              "batter": "RA Jadeja",
              "bowler": "DS Kulkarni",
              "non_striker": "R Ashwin",
              "runs": {
                "batter": 1,
                "extras": 0,
                "total": 1
              }
            },
            {
              "batter": "R Ashwin",
              "bowler": "DS Kulkarni",
              "extras": {
                "wides": 1
              },
              "non_striker": "RA Jadeja",
              "runs": {
                "batter": 0,
                "extras": 1,
                "total": 1
              }
            },
            {
              "batter": "R Ashwin",
              "bowler": "DS Kulkarni",
              "extras": {
                "wides": 1
              },
              "non_striker": "RA Jadeja",
              "runs": {
                "batter": 0,
                "extras": 1,
                "total": 1
              }
            },
            {
              "batter": "R Ashwin",
              "bowler": "DS Kulkarni",
              "extras": {
                "wides": 1
              },
              "non_striker": "RA Jadeja",
              "runs": {
                "batter": 0,
                "extras": 1,
                "total": 1
              }
            },
            {
              "batter": "R Ashwin",
              "bowler": "DS Kulkarni",
              "non_striker": "RA Jadeja",
              "runs": {
                "batter": 0,
                "extras": 0,
                "total": 0
              }
            }
          ]
        },
        {
          "over": 17,
          "deliveries": [
            {
              "batter": "RA Jadeja",
              "bowler": "TG Southee",
              "non_striker": "R Ashwin",
              "runs": {
                "batter": 1,
                "extras": 0,
                "total": 1
              }
            },
            {
              "batter": "R Ashwin",
              "bowler": "TG Southee",
              "non_striker": "RA Jadeja",
              "runs": {
                "batter": 0,
                "extras": 0,
                "total": 0
              }
            },
            {
              "batter": "R Ashwin",
              "bowler": "TG Southee",
              "non_striker": "RA Jadeja",
              "runs": {
                "batter": 0,
                "extras": 0,
                "total": 0
              }
            },
            {
              "batter": "R Ashwin",
              "bowler": "TG Southee",
              "non_striker": "RA Jadeja",
              "runs": {
                "batter": 0,
                "extras": 0,
                "total": 0
              }
            },
            {
              "batter": "R Ashwin",
              "bowler": "TG Southee",
              "non_striker": "RA Jadeja",
              "runs": {
                "batter": 1,
                "extras": 0,
                "total": 1
              }
            },
            {
              "batter": "RA Jadeja",
              "bowler": "TG Southee",
              "non_striker": "R Ashwin",
              "runs": {
                "batter": 1,
                "extras": 0,
                "total": 1
              }
            }
          ]
        },
        {
          "over": 18,
          "deliveries": [
            {
              "batter": "RA Jadeja",
              "bowler": "JP Faulkner",
              "non_striker": "R Ashwin",
              "runs": {
                "batter": 1,
                "extras": 0,
                "total": 1
              }
            },
            {
              "batter": "R Ashwin",
              "bowler": "JP Faulkner",
              "non_striker": "RA Jadeja",
              "runs": {
                "batter": 4,
                "extras": 0,
                "total": 4
              }
            },
            {
              "batter": "R Ashwin",
              "bowler": "JP Faulkner",
              "extras": {
                "legbyes": 2
              },
              "non_striker": "RA Jadeja",
              "runs": {
                "batter": 0,
                "extras": 2,
                "total": 2
              }
            },
            {
              "batter": "R Ashwin",
              "bowler": "JP Faulkner",
              "non_striker": "RA Jadeja",
              "runs": {
                "batter": 1,
                "extras": 0,
                "total": 1
              }
            },
            {
              "batter": "RA Jadeja",
              "bowler": "JP Faulkner",
              "non_striker": "R Ashwin",
              "runs": {
                "batter": 2,
                "extras": 0,
                "total": 2
              }
            },
            {
              "batter": "RA Jadeja",
              "bowler": "JP Faulkner",
              "non_striker": "R Ashwin",
              "runs": {
                "batter": 1,
                "extras": 0,
                "total": 1
              }
            }
          ]
        },
        {
          "over": 19,
          "deliveries": [
            {
              "batter": "RA Jadeja",
              "bowler": "TG Southee",
              "non_striker": "R Ashwin",
              "runs": {
                "batter": 2,
                "extras": 0,
                "total": 2
              }
            },
            {
              "batter": "RA Jadeja",
              "bowler": "TG Southee",
              "non_striker": "R Ashwin",
              "runs": {
                "batter": 0,
                "extras": 0,
                "total": 0
              }
            },
            {
              "batter": "RA Jadeja",
              "bowler": "TG Southee",
              "non_striker": "R Ashwin",
              "runs": {
                "batter": 1,
                "extras": 0,
                "total": 1
              }
            },
            {
              "batter": "R Ashwin",
              "bowler": "TG Southee",
              "non_striker": "RA Jadeja",
              "runs": {
                "batter": 1,
                "extras": 0,
                "total": 1
              }
            },
            {
              "batter": "RA Jadeja",
              "bowler": "TG Southee",
              "non_striker": "R Ashwin",
              "runs": {
                "batter": 2,
                "extras": 0,
                "total": 2
              }
            },
            {
              "batter": "RA Jadeja",
              "bowler": "TG Southee",
              "extras": {
                "wides": 1
              },
              "non_striker": "R Ashwin",
              "runs": {
                "batter": 0,
                "extras": 1,
                "total": 1
              }
            },
            {
              "batter": "RA Jadeja",
              "bowler": "TG Southee",
              "non_striker": "R Ashwin",
              "runs": {
                "batter": 2,
                "extras": 0,
                "total": 2
              }
            }
          ]
        }
      ],
      "powerplays": [
        {
          "from": 0.1,
          "to": 5.7,
          "type": "mandatory"
        }
      ]
    },
    {
      "team": "Rajasthan Royals",
      "overs": [
        {
          "over": 0,
          "deliveries": [
            {
              "batter": "AM Nayar",
              "bowler": "BW Hilfenhaus",
              "non_striker": "AM Rahane",
              "runs": {
                "batter": 0,
                "extras": 0,
                "total": 0
              }
            },
            {
              "batter": "AM Nayar",
              "bowler": "BW Hilfenhaus",
              "non_striker": "AM Rahane",
              "runs": {
                "batter": 0,
                "extras": 0,
                "total": 0
              }
            },
            {
              "batter": "AM Nayar",
              "bowler": "BW Hilfenhaus",
              "extras": {
                "wides": 1
              },
              "non_striker": "AM Rahane",
              "runs": {
                "batter": 0,
                "extras": 1,
                "total": 1
              }
            },
            {
              "batter": "AM Nayar",
              "bowler": "BW Hilfenhaus",
              "non_striker": "AM Rahane",
              "runs": {
                "batter": 4,
                "extras": 0,
                "total": 4
              }
            },
            {
              "batter": "AM Nayar",
              "bowler": "BW Hilfenhaus",
              "non_striker": "AM Rahane",
              "runs": {
                "batter": 1,
                "extras": 0,
                "total": 1
              }
            },
            {
              "batter": "AM Rahane",
              "bowler": "BW Hilfenhaus",
              "non_striker": "AM Nayar",
              "runs": {
                "batter": 4,
                "extras": 0,
                "total": 4
              }
            },
            {
              "batter": "AM Rahane",
              "bowler": "BW Hilfenhaus",
              "non_striker": "AM Nayar",
              "runs": {
                "batter": 0,
                "extras": 0,
                "total": 0
              }
            }
          ]
        },
        {
          "over": 1,
          "deliveries": [
            {
              "batter": "AM Nayar",
              "bowler": "IC Pandey",
              "non_striker": "AM Rahane",
              "runs": {
                "batter": 0,
                "extras": 0,
                "total": 0
              }
            },
            {
              "batter": "AM Nayar",
              "bowler": "IC Pandey",
              "non_striker": "AM Rahane",
              "runs": {
                "batter": 0,
                "extras": 0,
                "total": 0
              }
            },
            {
              "batter": "AM Nayar",
              "bowler": "IC Pandey",
              "non_striker": "AM Rahane",
              "runs": {
                "batter": 0,
                "extras": 0,
                "total": 0
              },
              "wickets": [
                {
                  "kind": "run out",
                  "player_out": "AM Nayar",
                  "fielders": [
                    {
                      "name": "BB McCullum"
                    }
                  ]
                }
              ]
            },
            {
              "batter": "SV Samson",
              "bowler": "IC Pandey",
              "non_striker": "AM Rahane",
              "runs": {
                "batter": 0,
                "extras": 0,
                "total": 0
              }
            },
            {
              "batter": "SV Samson",
              "bowler": "IC Pandey",
              "non_striker": "AM Rahane",
              "runs": {
                "batter": 0,
                "extras": 0,
                "total": 0
              }
            },
            {
              "batter": "SV Samson",
              "bowler": "IC Pandey",
              "non_striker": "AM Rahane",
              "runs": {
                "batter": 0,
                "extras": 0,
                "total": 0
              }
            }
          ]
        },
        {
          "over": 2,
          "deliveries": [
            {
              "batter": "AM Rahane",
              "bowler": "BW Hilfenhaus",
              "non_striker": "SV Samson",
              "runs": {
                "batter": 0,
                "extras": 0,
                "total": 0
              }
            },
            {
              "batter": "AM Rahane",
              "bowler": "BW Hilfenhaus",
              "non_striker": "SV Samson",
              "runs": {
                "batter": 2,
                "extras": 0,
                "total": 2
              }
            },
            {
              "batter": "AM Rahane",
              "bowler": "BW Hilfenhaus",
              "non_striker": "SV Samson",
              "runs": {
                "batter": 0,
                "extras": 0,
                "total": 0
              }
            },
            {
              "batter": "AM Rahane",
              "bowler": "BW Hilfenhaus",
              "non_striker": "SV Samson",
              "runs": {
                "batter": 0,
                "extras": 0,
                "total": 0
              }
            },
            {
              "batter": "AM Rahane",
              "bowler": "BW Hilfenhaus",
              "non_striker": "SV Samson",
              "runs": {
                "batter": 1,
                "extras": 0,
                "total": 1
              }
            },
            {
              "batter": "SV Samson",
              "bowler": "BW Hilfenhaus",
              "non_striker": "AM Rahane",
              "runs": {
                "batter": 0,
                "extras": 0,
                "total": 0
              }
            }
          ]
        },
        {
          "over": 3,
          "deliveries": [
            {
              "batter": "AM Rahane",
              "bowler": "IC Pandey",
              "non_striker": "SV Samson",
              "runs": {
                "batter": 4,
                "extras": 0,
                "total": 4
              }
            },
            {
              "batter": "AM Rahane",
              "bowler": "IC Pandey",
              "non_striker": "SV Samson",
              "runs": {
                "batter": 3,
                "extras": 0,
                "total": 3
              }
            },
            {
              "batter": "SV Samson",
              "bowler": "IC Pandey",
              "non_striker": "AM Rahane",
              "runs": {
                "batter": 0,
                "extras": 0,
                "total": 0
              }
            },
            {
              "batter": "SV Samson",
              "bowler": "IC Pandey",
              "non_striker": "AM Rahane",
              "runs": {
                "batter": 0,
                "extras": 0,
                "total": 0
              }
            },
            {
              "batter": "SV Samson",
              "bowler": "IC Pandey",
              "non_striker": "AM Rahane",
              "runs": {
                "batter": 2,
                "extras": 0,
                "total": 2
              }
            },
            {
              "batter": "SV Samson",
              "bowler": "IC Pandey",
              "non_striker": "AM Rahane",
              "runs": {
                "batter": 1,
                "extras": 0,
                "total": 1
              }
            }
          ]
        },
        {
          "over": 4,
          "deliveries": [
            {
              "batter": "SV Samson",
              "bowler": "BW Hilfenhaus",
              "non_striker": "AM Rahane",
              "runs": {
                "batter": 0,
                "extras": 0,
                "total": 0
              }
            },
            {
              "batter": "SV Samson",
              "bowler": "BW Hilfenhaus",
              "non_striker": "AM Rahane",
              "runs": {
                "batter": 0,
                "extras": 0,
                "total": 0
              }
            },
            {
              "batter": "SV Samson",
              "bowler": "BW Hilfenhaus",
              "non_striker": "AM Rahane",
              "runs": {
                "batter": 6,
                "extras": 0,
                "total": 6
              }
            },
            {
              "batter": "SV Samson",
              "bowler": "BW Hilfenhaus",
              "non_striker": "AM Rahane",
              "runs": {
                "batter": 1,
                "extras": 0,
                "total": 1
              }
            },
            {
              "batter": "AM Rahane",
              "bowler": "BW Hilfenhaus",
              "non_striker": "SV Samson",
              "runs": {
                "batter": 1,
                "extras": 0,
                "total": 1
              }
            },
            {
              "batter": "SV Samson",
              "bowler": "BW Hilfenhaus",
              "non_striker": "AM Rahane",
              "runs": {
                "batter": 6,
                "extras": 0,
                "total": 6
              }
            }
          ]
        },
        {
          "over": 5,
          "deliveries": [
            {
              "batter": "AM Rahane",
              "bowler": "R Ashwin",
              "non_striker": "SV Samson",
              "runs": {
                "batter": 0,
                "extras": 0,
                "total": 0
              }
            },
            {
              "batter": "AM Rahane",
              "bowler": "R Ashwin",
              "non_striker": "SV Samson",
              "runs": {
                "batter": 0,
                "extras": 0,
                "total": 0
              },
              "wickets": [
                {
                  "kind": "caught",
                  "player_out": "AM Rahane",
                  "fielders": [
                    {
                      "name": "M Manhas"
                    }
                  ]
                }
              ]
            },
            {
              "batter": "SR Watson",
              "bowler": "R Ashwin",
              "non_striker": "SV Samson",
              "runs": {
                "batter": 0,
                "extras": 0,
                "total": 0
              }
            },
            {
              "batter": "SR Watson",
              "bowler": "R Ashwin",
              "non_striker": "SV Samson",
              "runs": {
                "batter": 1,
                "extras": 0,
                "total": 1
              }
            },
            {
              "batter": "SV Samson",
              "bowler": "R Ashwin",
              "non_striker": "SR Watson",
              "runs": {
                "batter": 0,
                "extras": 0,
                "total": 0
              }
            },
            {
              "batter": "SV Samson",
              "bowler": "R Ashwin",
              "non_striker": "SR Watson",
              "runs": {
                "batter": 0,
                "extras": 0,
                "total": 0
              }
            }
          ]
        },
        {
          "over": 6,
          "deliveries": [
            {
              "batter": "SR Watson",
              "bowler": "RA Jadeja",
              "non_striker": "SV Samson",
              "runs": {
                "batter": 0,
                "extras": 0,
                "total": 0
              }
            },
            {
              "batter": "SR Watson",
              "bowler": "RA Jadeja",
              "non_striker": "SV Samson",
              "runs": {
                "batter": 0,
                "extras": 0,
                "total": 0
              }
            },
            {
              "batter": "SR Watson",
              "bowler": "RA Jadeja",
              "non_striker": "SV Samson",
              "runs": {
                "batter": 6,
                "extras": 0,
                "total": 6
              }
            },
            {
              "batter": "SR Watson",
              "bowler": "RA Jadeja",
              "non_striker": "SV Samson",
              "runs": {
                "batter": 0,
                "extras": 0,
                "total": 0
              },
              "wickets": [
                {
                  "kind": "caught",
                  "player_out": "SR Watson",
                  "fielders": [
                    {
                      "name": "BW Hilfenhaus"
                    }
                  ]
                }
              ]
            },
            {
              "batter": "SV Samson",
              "bowler": "RA Jadeja",
              "non_striker": "STR Binny",
              "runs": {
                "batter": 0,
                "extras": 0,
                "total": 0
              },
              "wickets": [
                {
                  "kind": "caught and bowled",
                  "player_out": "SV Samson"
                }
              ]
            },
            {
              "batter": "SPD Smith",
              "bowler": "RA Jadeja",
              "non_striker": "STR Binny",
              "runs": {
                "batter": 0,
                "extras": 0,
                "total": 0
              }
            }
          ]
        },
        {
          "over": 7,
          "deliveries": [
            {
              "batter": "STR Binny",
              "bowler": "SK Raina",
              "non_striker": "SPD Smith",
              "runs": {
                "batter": 0,
                "extras": 0,
                "total": 0
              }
            },
            {
              "batter": "STR Binny",
              "bowler": "SK Raina",
              "non_striker": "SPD Smith",
              "runs": {
                "batter": 0,
                "extras": 0,
                "total": 0
              }
            },
            {
              "batter": "STR Binny",
              "bowler": "SK Raina",
              "non_striker": "SPD Smith",
              "runs": {
                "batter": 1,
                "extras": 0,
                "total": 1
              }
            },
            {
              "batter": "SPD Smith",
              "bowler": "SK Raina",
              "non_striker": "STR Binny",
              "runs": {
                "batter": 1,
                "extras": 0,
                "total": 1
              }
            },
            {
              "batter": "STR Binny",
              "bowler": "SK Raina",
              "non_striker": "SPD Smith",
              "runs": {
                "batter": 0,
                "extras": 0,
                "total": 0
              }
            },
            {
              "batter": "STR Binny",
              "bowler": "SK Raina",
              "non_striker": "SPD Smith",
              "runs": {
                "batter": 1,
                "extras": 0,
                "total": 1
              }
            }
          ]
        },
        {
          "over": 8,
          "deliveries": [
            {
              "batter": "STR Binny",
              "bowler": "MM Sharma",
              "non_striker": "SPD Smith",
              "runs": {
                "batter": 1,
                "extras": 0,
                "total": 1
              }
            },
            {
              "batter": "SPD Smith",
              "bowler": "MM Sharma",
              "non_striker": "STR Binny",
              "runs": {
                "batter": 2,
                "extras": 0,
                "total": 2
              }
            },
            {
              "batter": "SPD Smith",
              "bowler": "MM Sharma",
              "non_striker": "STR Binny",
              "runs": {
                "batter": 0,
                "extras": 0,
                "total": 0
              }
            },
            {
              "batter": "SPD Smith",
              "bowler": "MM Sharma",
              "non_striker": "STR Binny",
              "runs": {
                "batter": 0,
                "extras": 0,
                "total": 0
              }
            },
            {
              "batter": "SPD Smith",
              "bowler": "MM Sharma",
              "non_striker": "STR Binny",
              "runs": {
                "batter": 2,
                "extras": 0,
                "total": 2
              }
            },
            {
              "batter": "SPD Smith",
              "bowler": "MM Sharma",
              "non_striker": "STR Binny",
              "runs": {
                "batter": 1,
                "extras": 0,
                "total": 1
              }
            }
          ]
        },
        {
          "over": 9,
          "deliveries": [
            {
              "batter": "SPD Smith",
              "bowler": "SK Raina",
              "non_striker": "STR Binny",
              "runs": {
                "batter": 1,
                "extras": 0,
                "total": 1
              }
            },
            {
              "batter": "STR Binny",
              "bowler": "SK Raina",
              "non_striker": "SPD Smith",
              "runs": {
                "batter": 1,
                "extras": 0,
                "total": 1
              }
            },
            {
              "batter": "SPD Smith",
              "bowler": "SK Raina",
              "non_striker": "STR Binny",
              "runs": {
                "batter": 0,
                "extras": 0,
                "total": 0
              }
            },
            {
              "batter": "SPD Smith",
              "bowler": "SK Raina",
              "non_striker": "STR Binny",
              "runs": {
                "batter": 0,
                "extras": 0,
                "total": 0
              }
            },
            {
              "batter": "SPD Smith",
              "bowler": "SK Raina",
              "non_striker": "STR Binny",
              "runs": {
                "batter": 1,
                "extras": 0,
                "total": 1
              }
            },
            {
              "batter": "STR Binny",
              "bowler": "SK Raina",
              "non_striker": "SPD Smith",
              "runs": {
                "batter": 0,
                "extras": 0,
                "total": 0
              }
            }
          ]
        },
        {
          "over": 10,
          "deliveries": [
            {
              "batter": "SPD Smith",
              "bowler": "MM Sharma",
              "non_striker": "STR Binny",
              "runs": {
                "batter": 2,
                "extras": 0,
                "total": 2
              }
            },
            {
              "batter": "SPD Smith",
              "bowler": "MM Sharma",
              "non_striker": "STR Binny",
              "runs": {
                "batter": 1,
                "extras": 0,
                "total": 1
              }
            },
            {
              "batter": "STR Binny",
              "bowler": "MM Sharma",
              "non_striker": "SPD Smith",
              "runs": {
                "batter": 2,
                "extras": 0,
                "total": 2
              }
            },
            {
              "batter": "STR Binny",
              "bowler": "MM Sharma",
              "non_striker": "SPD Smith",
              "runs": {
                "batter": 2,
                "extras": 0,
                "total": 2
              }
            },
            {
              "batter": "STR Binny",
              "bowler": "MM Sharma",
              "non_striker": "SPD Smith",
              "runs": {
                "batter": 0,
                "extras": 0,
                "total": 0
              },
              "wickets": [
                {
                  "kind": "caught",
                  "player_out": "STR Binny",
                  "fielders": [
                    {
                      "name": "F du Plessis"
                    }
                  ]
                }
              ]
            },
            {
              "batter": "SPD Smith",
              "bowler": "MM Sharma",
              "non_striker": "R Bhatia",
              "runs": {
                "batter": 0,
                "extras": 0,
                "total": 0
              }
            }
          ]
        },
        {
          "over": 11,
          "deliveries": [
            {
              "batter": "R Bhatia",
              "bowler": "IC Pandey",
              "non_striker": "SPD Smith",
              "runs": {
                "batter": 1,
                "extras": 0,
                "total": 1
              }
            },
            {
              "batter": "SPD Smith",
              "bowler": "IC Pandey",
              "non_striker": "R Bhatia",
              "runs": {
                "batter": 1,
                "extras": 0,
                "total": 1
              }
            },
            {
              "batter": "R Bhatia",
              "bowler": "IC Pandey",
              "non_striker": "SPD Smith",
              "runs": {
                "batter": 0,
                "extras": 0,
                "total": 0
              }
            },
            {
              "batter": "R Bhatia",
              "bowler": "IC Pandey",
              "non_striker": "SPD Smith",
              "runs": {
                "batter": 0,
                "extras": 0,
                "total": 0
              }
            },
            {
              "batter": "R Bhatia",
              "bowler": "IC Pandey",
              "non_striker": "SPD Smith",
              "runs": {
                "batter": 1,
                "extras": 0,
                "total": 1
              }
            },
            {
              "batter": "SPD Smith",
              "bowler": "IC Pandey",
              "non_striker": "R Bhatia",
              "runs": {
                "batter": 0,
                "extras": 0,
                "total": 0
              }
            }
          ]
        },
        {
          "over": 12,
          "deliveries": [
            {
              "batter": "R Bhatia",
              "bowler": "RA Jadeja",
              "non_striker": "SPD Smith",
              "runs": {
                "batter": 1,
                "extras": 0,
                "total": 1
              }
            },
            {
              "batter": "SPD Smith",
              "bowler": "RA Jadeja",
              "non_striker": "R Bhatia",
              "runs": {
                "batter": 2,
                "extras": 0,
                "total": 2
              }
            },
            {
              "batter": "SPD Smith",
              "bowler": "RA Jadeja",
              "non_striker": "R Bhatia",
              "runs": {
                "batter": 4,
                "extras": 0,
                "total": 4
              }
            },
            {
              "batter": "SPD Smith",
              "bowler": "RA Jadeja",
              "non_striker": "R Bhatia",
              "runs": {
                "batter": 1,
                "extras": 0,
                "total": 1
              }
            },
            {
              "batter": "R Bhatia",
              "bowler": "RA Jadeja",
              "non_striker": "SPD Smith",
              "runs": {
                "batter": 1,
                "extras": 0,
                "total": 1
              }
            },
            {
              "batter": "SPD Smith",
              "bowler": "RA Jadeja",
              "non_striker": "R Bhatia",
              "runs": {
                "batter": 0,
                "extras": 0,
                "total": 0
              },
              "wickets": [
                {
                  "kind": "caught",
                  "player_out": "SPD Smith",
                  "fielders": [
                    {
                      "name": "F du Plessis"
                    }
                  ]
                }
              ]
            }
          ]
        },
        {
          "over": 13,
          "deliveries": [
            {
              "batter": "R Bhatia",
              "bowler": "IC Pandey",
              "non_striker": "JP Faulkner",
              "runs": {
                "batter": 1,
                "extras": 0,
                "total": 1
              }
            },
            {
              "batter": "JP Faulkner",
              "bowler": "IC Pandey",
              "non_striker": "R Bhatia",
              "runs": {
                "batter": 4,
                "extras": 0,
                "total": 4
              }
            },
            {
              "batter": "JP Faulkner",
              "bowler": "IC Pandey",
              "non_striker": "R Bhatia",
              "runs": {
                "batter": 0,
                "extras": 0,
                "total": 0
              },
              "wickets": [
                {
                  "kind": "caught",
                  "player_out": "JP Faulkner",
                  "fielders": [
                    {
                      "name": "MS Dhoni"
                    }
                  ]
                }
              ]
            },
            {
              "batter": "TG Southee",
              "bowler": "IC Pandey",
              "non_striker": "R Bhatia",
              "runs": {
                "batter": 0,
                "extras": 0,
                "total": 0
              }
            },
            {
              "batter": "TG Southee",
              "bowler": "IC Pandey",
              "non_striker": "R Bhatia",
              "runs": {
                "batter": 4,
                "extras": 0,
                "total": 4
              }
            },
            {
              "batter": "TG Southee",
              "bowler": "IC Pandey",
              "non_striker": "R Bhatia",
              "runs": {
                "batter": 0,
                "extras": 0,
                "total": 0
              }
            }
          ]
        },
        {
          "over": 14,
          "deliveries": [
            {
              "batter": "R Bhatia",
              "bowler": "RA Jadeja",
              "non_striker": "TG Southee",
              "runs": {
                "batter": 1,
                "extras": 0,
                "total": 1
              }
            },
            {
              "batter": "TG Southee",
              "bowler": "RA Jadeja",
              "non_striker": "R Bhatia",
              "runs": {
                "batter": 0,
                "extras": 0,
                "total": 0
              },
              "wickets": [
                {
                  "kind": "bowled",
                  "player_out": "TG Southee"
                }
              ]
            },
            {
              "batter": "DS Kulkarni",
              "bowler": "RA Jadeja",
              "non_striker": "R Bhatia",
              "runs": {
                "batter": 1,
                "extras": 0,
                "total": 1
              }
            },
            {
              "batter": "R Bhatia",
              "bowler": "RA Jadeja",
              "non_striker": "DS Kulkarni",
              "runs": {
                "batter": 1,
                "extras": 0,
                "total": 1
              }
            },
            {
              "batter": "DS Kulkarni",
              "bowler": "RA Jadeja",
              "non_striker": "R Bhatia",
              "runs": {
                "batter": 0,
                "extras": 0,
                "total": 0
              }
            },
            {
              "batter": "DS Kulkarni",
              "bowler": "RA Jadeja",
              "non_striker": "R Bhatia",
              "runs": {
                "batter": 0,
                "extras": 0,
                "total": 0
              }
            }
          ]
        },
        {
          "over": 15,
          "deliveries": [
            {
              "batter": "R Bhatia",
              "bowler": "R Ashwin",
              "extras": {
                "wides": 1
              },
              "non_striker": "DS Kulkarni",
              "runs": {
                "batter": 0,
                "extras": 1,
                "total": 1
              }
            },
            {
              "batter": "R Bhatia",
              "bowler": "R Ashwin",
              "non_striker": "DS Kulkarni",
              "runs": {
                "batter": 1,
                "extras": 0,
                "total": 1
              }
            },
            {
              "batter": "DS Kulkarni",
              "bowler": "R Ashwin",
              "non_striker": "R Bhatia",
              "runs": {
                "batter": 0,
                "extras": 0,
                "total": 0
              }
            },
            {
              "batter": "DS Kulkarni",
              "bowler": "R Ashwin",
              "non_striker": "R Bhatia",
              "runs": {
                "batter": 1,
                "extras": 0,
                "total": 1
              }
            },
            {
              "batter": "R Bhatia",
              "bowler": "R Ashwin",
              "non_striker": "DS Kulkarni",
              "runs": {
                "batter": 0,
                "extras": 0,
                "total": 0
              }
            },
            {
              "batter": "R Bhatia",
              "bowler": "R Ashwin",
              "non_striker": "DS Kulkarni",
              "runs": {
                "batter": 1,
                "extras": 0,
                "total": 1
              }
            },
            {
              "batter": "DS Kulkarni",
              "bowler": "R Ashwin",
              "non_striker": "R Bhatia",
              "runs": {
                "batter": 1,
                "extras": 0,
                "total": 1
              }
            }
          ]
        },
        {
          "over": 16,
          "deliveries": [
            {
              "batter": "DS Kulkarni",
              "bowler": "RA Jadeja",
              "non_striker": "R Bhatia",
              "runs": {
                "batter": 2,
                "extras": 0,
                "total": 2
              }
            },
            {
              "batter": "DS Kulkarni",
              "bowler": "RA Jadeja",
              "non_striker": "R Bhatia",
              "runs": {
                "batter": 1,
                "extras": 0,
                "total": 1
              }
            },
            {
              "batter": "R Bhatia",
              "bowler": "RA Jadeja",
              "non_striker": "DS Kulkarni",
              "runs": {
                "batter": 6,
                "extras": 0,
                "total": 6
              }
            },
            {
              "batter": "R Bhatia",
              "bowler": "RA Jadeja",
              "non_striker": "DS Kulkarni",
              "runs": {
                "batter": 1,
                "extras": 0,
                "total": 1
              }
            },
            {
              "batter": "DS Kulkarni",
              "bowler": "RA Jadeja",
              "non_striker": "R Bhatia",
              "runs": {
                "batter": 1,
                "extras": 0,
                "total": 1
              }
            },
            {
              "batter": "R Bhatia",
              "bowler": "RA Jadeja",
              "non_striker": "DS Kulkarni",
              "runs": {
                "batter": 4,
                "extras": 0,
                "total": 4
              }
            }
          ]
        },
        {
          "over": 17,
          "deliveries": [
            {
              "batter": "DS Kulkarni",
              "bowler": "R Ashwin",
              "non_striker": "R Bhatia",
              "runs": {
                "batter": 0,
                "extras": 0,
                "total": 0
              }
            },
            {
              "batter": "DS Kulkarni",
              "bowler": "R Ashwin",
              "non_striker": "R Bhatia",
              "runs": {
                "batter": 1,
                "extras": 0,
                "total": 1
              }
            },
            {
              "batter": "R Bhatia",
              "bowler": "R Ashwin",
              "non_striker": "DS Kulkarni",
              "runs": {
                "batter": 1,
                "extras": 0,
                "total": 1
              }
            },
            {
              "batter": "DS Kulkarni",
              "bowler": "R Ashwin",
              "non_striker": "R Bhatia",
              "runs": {
                "batter": 1,
                "extras": 0,
                "total": 1
              }
            },
            {
              "batter": "R Bhatia",
              "bowler": "R Ashwin",
              "non_striker": "DS Kulkarni",
              "runs": {
                "batter": 0,
                "extras": 0,
                "total": 0
              }
            },
            {
              "batter": "R Bhatia",
              "bowler": "R Ashwin",
              "non_striker": "DS Kulkarni",
              "runs": {
                "batter": 2,
                "extras": 0,
                "total": 2
              }
            }
          ]
        },
        {
          "over": 18,
          "deliveries": [
            {
              "batter": "DS Kulkarni",
              "bowler": "BW Hilfenhaus",
              "non_striker": "R Bhatia",
              "runs": {
                "batter": 1,
                "extras": 0,
                "total": 1
              }
            },
            {
              "batter": "R Bhatia",
              "bowler": "BW Hilfenhaus",
              "non_striker": "DS Kulkarni",
              "runs": {
                "batter": 0,
                "extras": 0,
                "total": 0
              }
            },
            {
              "batter": "R Bhatia",
              "bowler": "BW Hilfenhaus",
              "non_striker": "DS Kulkarni",
              "runs": {
                "batter": 0,
                "extras": 0,
                "total": 0
              },
              "wickets": [
                {
                  "kind": "caught",
                  "player_out": "R Bhatia",
                  "fielders": [
                    {
                      "name": "R Ashwin"
                    }
                  ]
                }
              ]
            },
            {
              "batter": "DS Kulkarni",
              "bowler": "BW Hilfenhaus",
              "non_striker": "PV Tambe",
              "runs": {
                "batter": 1,
                "extras": 0,
                "total": 1
              }
            },
            {
              "batter": "PV Tambe",
              "bowler": "BW Hilfenhaus",
              "non_striker": "DS Kulkarni",
              "runs": {
                "batter": 1,
                "extras": 0,
                "total": 1
              }
            },
            {
              "batter": "DS Kulkarni",
              "bowler": "BW Hilfenhaus",
              "non_striker": "PV Tambe",
              "runs": {
                "batter": 2,
                "extras": 0,
                "total": 2
              }
            }
          ]
        },
        {
          "over": 19,
          "deliveries": [
            {
              "batter": "PV Tambe",
              "bowler": "R Ashwin",
              "non_striker": "DS Kulkarni",
              "runs": {
                "batter": 1,
                "extras": 0,
                "total": 1
              }
            },
            {
              "batter": "DS Kulkarni",
              "bowler": "R Ashwin",
              "non_striker": "PV Tambe",
              "runs": {
                "batter": 6,
                "extras": 0,
                "total": 6
              }
            },
            {
              "batter": "DS Kulkarni",
              "bowler": "R Ashwin",
              "non_striker": "PV Tambe",
              "runs": {
                "batter": 2,
                "extras": 0,
                "total": 2
              }
            },
            {
              "batter": "DS Kulkarni",
              "bowler": "R Ashwin",
              "non_striker": "PV Tambe",
              "runs": {
                "batter": 6,
                "extras": 0,
                "total": 6
              }
            },
            {
              "batter": "DS Kulkarni",
              "bowler": "R Ashwin",
              "non_striker": "PV Tambe",
              "runs": {
                "batter": 1,
                "extras": 0,
                "total": 1
              },
              "wickets": [
                {
                  "kind": "run out",
                  "player_out": "PV Tambe",
                  "fielders": [
                    {
                      "name": "F du Plessis"
                    },
                    {
                      "name": "R Ashwin"
                    }
                  ]
                }
              ]
            }
          ]
        }
      ],
      "powerplays": [
        {
          "from": 0.1,
          "to": 5.6,
          "type": "mandatory"
        }
      ],
      "target": {
        "overs": 20,
        "runs": 141
      }
    }
  ]
}