{
  "meta": {
    "data_version": "1.0.0",
    "created": "2016-04-20",
    "revision": 1
  },
  "info": {
    "balls_per_over": 6,
    "city": "Chandigarh",
    "dates": [
      "2016-04-19"
    ],
    "event": {
      "match_number": 13,
      "name": "Indian Premier League"
    },
    "gender": "male",
    "match_type": "T20",
    "officials": {
      "match_referees": [
        "M Nayyar"
      ],
      "reserve_umpires": [
        "YC Barde"
      ],
      "tv_umpires": [
        "Nitin Menon"
      ],
      "umpires": [
        "S Ravi",
        "C Shamshuddin"
      ]
    },
    "outcome": {
      "by": {
        "wickets": 6
      },
      "winner": "Kolkata Knight Riders"
    },
    "overs": 20,
    "player_of_match": [
      "RV Uthappa"
    ],
    "players": {
      "Kings XI Punjab": [
        "M Vijay",
        "M Vohra",
        "SE Marsh",
        "WP Saha",
        "DA Miller",
        "GJ Maxwell",
        "AR Patel",
        "MM Sharma",
        "P Sahu",
        "KJ Abbott",
        "Sandeep Sharma"
      ],
      "Kolkata Knight Riders": [
        "RV Uthappa",
        "G Gambhir",
        "MK Pandey",
        "Shakib Al Hasan",
        "SA Yadav",
        "YK Pathan",
        "AD Russell",
        "PP Chawla",
        "SP Narine",
        "M Morkel",
        "UT Yadav"
      ]
    },
    "registry": {
      "people": {
        "AD Russell": "bbd41817",
        "AR Patel": "2e171977",
        "C Shamshuddin": "0f9d921b",
        "DA Miller": "d67d5f00",
        "G Gambhir": "bb345e0b",
        "GJ Maxwell": "b681e71e",
        "KJ Abbott": "a9da7784",
        "M Morkel": "5bb5a915",
        "M Nayyar": "b7bccddb",
        "M Vijay": "4b57e452",
        "M Vohra": "c03e2850",
        "MK Pandey": "93b4fc78",
        "MM Sharma": "759ac88f",
        "Nitin Menon": "e1d41d9e",
        "P Sahu": "9a0146b3",
        "PP Chawla": "98ae73b1",
        "RV Uthappa": "1c17e270",
        "S Ravi": "9b9ee0df",
        "SA Yadav": "271f83cd",
        "SE Marsh": "508a1ea7",
        "SP Narine": "9d430b40",
        "Sandeep Sharma": "ce820073",
        "Shakib Al Hasan": "7dc35884",
        "UT Yadav": "cc1e8c68",
        "WP Saha": "fe11caa6",
        "YC Barde": "b90f3346",
        "YK Pathan": "3c6ffae8"
      }
    },
    "season": 2016,
    "team_type": "club",
    "teams": [
      "Kings XI Punjab",
      "Kolkata Knight Riders"
    ],
    "toss": {
      "decision": "field",
      "winner": "Kolkata Knight Riders"
    },
    "venue": "Punjab Cricket Association IS Bindra Stadium, Mohali"
  },
  "innings": [
    {
      "team": "Kings XI Punjab",
      "overs": [
        {
          "over": 0,
          "deliveries": [
            {
              "batter": "M Vijay",
              "bowler": "M Morkel",
              "non_striker": "M Vohra",
              "runs": {
                "batter": 0,
                "extras": 0,
                "total": 0
              }
            },
            {
              "batter": "M Vijay",
              "bowler": "M Morkel",
              "non_striker": "M Vohra",
              "runs": {
                "batter": 0,
                "extras": 0,
                "total": 0
              }
            },
            {
              "batter": "M Vijay",
              "bowler": "M Morkel",
              "non_striker": "M Vohra",
              "runs": {
                "batter": 0,
                "extras": 0,
                "total": 0
              }
            },
            {
              "batter": "M Vijay",
              "bowler": "M Morkel",
              "non_striker": "M Vohra",
              "runs": {
                "batter": 4,
                "extras": 0,
                "total": 4
              }
            },
            {
              "batter": "M Vijay",
              "bowler": "M Morkel",
              "non_striker": "M Vohra",
              "runs": {
                "batter": 1,
                "extras": 0,
                "total": 1
              }
            },
            {
              "batter": "M Vohra",
              "bowler": "M Morkel",
              "non_striker": "M Vijay",
              "runs": {
                "batter": 0,
                "extras": 0,
                "total": 0
              }
            }
          ]
        },
        {
          "over": 1,
          "deliveries": [
            {
              "batter": "M Vijay",
              "bowler": "UT Yadav",
              "non_striker": "M Vohra",
              "runs": {
                "batter": 0,
                "extras": 0,
                "total": 0
              }
            },
            {
              "batter": "M Vijay",
              "bowler": "UT Yadav",
              "non_striker": "M Vohra",
              "runs": {
                "batter": 2,
                "extras": 0,
                "total": 2
              }
            },
            {
              "batter": "M Vijay",
              "bowler": "UT Yadav",
              "non_striker": "M Vohra",
              "runs": {
                "batter": 1,
                "extras": 0,
                "total": 1
              }
            },
            {
              "batter": "M Vohra",
              "bowler": "UT Yadav",
              "non_striker": "M Vijay",
              "runs": {
                "batter": 0,
                "extras": 0,
                "total": 0
              }
            },
            {
              "batter": "M Vohra",
              "bowler": "UT Yadav",
              "non_striker": "M Vijay",
              "runs": {
                "batter": 2,
                "extras": 0,
                "total": 2
              }
            },
            {
              "batter": "M Vohra",
              "bowler": "UT Yadav",
              "non_striker": "M Vijay",
              "runs": {
                "batter": 1,
                "extras": 0,
                "total": 1
              }
            }
          ]
        },
        {
          "over": 2,
          "deliveries": [
            {
              "batter": "M Vohra",
              "bowler": "Shakib Al Hasan",
              "non_striker": "M Vijay",
              "runs": {
                "batter": 0,
                "extras": 0,
                "total": 0
              }
            },
            {
              "batter": "M Vohra",
              "bowler": "Shakib Al Hasan",
              "non_striker": "M Vijay",
              "runs": {
                "batter": 0,
                "extras": 0,
                "total": 0
              }
            },
            {
              "batter": "M Vohra",
              "bowler": "Shakib Al Hasan",
              "non_striker": "M Vijay",
              "runs": {
                "batter": 0,
                "extras": 0,
                "total": 0
              }
            },
            {
              "batter": "M Vohra",
              "bowler": "Shakib Al Hasan",
              "extras": {
                "wides": 1
              },
              "non_striker": "M Vijay",
              "runs": {
                "batter": 0,
                "extras": 1,
                "total": 1
              }
            },
            {
              "batter": "M Vohra",
              "bowler": "Shakib Al Hasan",
              "non_striker": "M Vijay",
              "runs": {
                "batter": 1,
                "extras": 0,
                "total": 1
              }
            },
            {
              "batter": "M Vijay",
              "bowler": "Shakib Al Hasan",
              "non_striker": "M Vohra",
              "runs": {
                "batter": 4,
                "extras": 0,
                "total": 4
              }
            },
            {
              "batter": "M Vijay",
              "bowler": "Shakib Al Hasan",
              "non_striker": "M Vohra",
              "runs": {
                "batter": 0,
                "extras": 0,
                "total": 0
              }
            }
          ]
        },
        {
          "over": 3,
          "deliveries": [
            {
              "batter": "M Vohra",
              "bowler": "M Morkel",
              "non_striker": "M Vijay",
              "runs": {
                "batter": 2,
                "extras": 0,
                "total": 2
              }
            },
            {
              "batter": "M Vohra",
              "bowler": "M Morkel",
              "non_striker": "M Vijay",
              "runs": {
                "batter": 0,
                "extras": 0,
                "total": 0
              }
            },
            {
              "batter": "M Vohra",
              "bowler": "M Morkel",
              "non_striker": "M Vijay",
              "runs": {
                "batter": 2,
                "extras": 0,
                "total": 2
              }
            },
            {
              "batter": "M Vohra",
              "bowler": "M Morkel",
              "non_striker": "M Vijay",
              "runs": {
                "batter": 0,
                "extras": 0,
                "total": 0
              },
              "wickets": [
                {
                  "kind": "caught",
                  "player_out": "M Vohra",
                  "fielders": [
                    {
                      "name": "Shakib Al Hasan"
                    }
                  ]
                }
              ]
            },
            {
              "batter": "M Vijay",
              "bowler": "M Morkel",
              "non_striker": "SE Marsh",
              "runs": {
                "batter": 1,
                "extras": 0,
                "total": 1
              }
            },
            {
              "batter": "SE Marsh",
              "bowler": "M Morkel",
              "non_striker": "M Vijay",
              "runs": {
                "batter": 4,
                "extras": 0,
                "total": 4
              }
            }
          ]
        },
        {
          "over": 4,
          "deliveries": [
            {
              "batter": "M Vijay",
              "bowler": "Shakib Al Hasan",
              "non_striker": "SE Marsh",
              "runs": {
                "batter": 1,
                "extras": 0,
                "total": 1
              }
            },
            {
              "batter": "SE Marsh",
              "bowler": "Shakib Al Hasan",
              "non_striker": "M Vijay",
              "runs": {
                "batter": 0,
                "extras": 0,
                "total": 0
              }
            },
            {
              "batter": "SE Marsh",
              "bowler": "Shakib Al Hasan",
              "non_striker": "M Vijay",
              "runs": {
                "batter": 1,
                "extras": 0,
                "total": 1
              }
            },
            {
              "batter": "M Vijay",
              "bowler": "Shakib Al Hasan",
              "non_striker": "SE Marsh",
              "runs": {
                "batter": 4,
                "extras": 0,
                "total": 4
              }
            },
            {
              "batter": "M Vijay",
              "bowler": "Shakib Al Hasan",
              "non_striker": "SE Marsh",
              "runs": {
                "batter": 1,
                "extras": 0,
                "total": 1
              }
            },
            {
              "batter": "SE Marsh",
              "bowler": "Shakib Al Hasan",
              "non_striker": "M Vijay",
              "runs": {
                "batter": 2,
                "extras": 0,
                "total": 2
              }
            }
          ]
        },
        {
          "over": 5,
          "deliveries": [
            {
              "batter": "M Vijay",
              "bowler": "M Morkel",
              "non_striker": "SE Marsh",
              "runs": {
                "batter": 0,
                "extras": 0,
                "total": 0
              }
            },
            {
              "batter": "M Vijay",
              "bowler": "M Morkel",
              "non_striker": "SE Marsh",
              "runs": {
                "batter": 4,
                "extras": 0,
                "total": 4
              }
            },
            {
              "batter": "M Vijay",
              "bowler": "M Morkel",
              "non_striker": "SE Marsh",
              "runs": {
                "batter": 1,
                "extras": 0,
                "total": 1
              }
            },
            {
              "batter": "SE Marsh",
              "bowler": "M Morkel",
              "non_striker": "M Vijay",
              "runs": {
                "batter": 0,
                "extras": 0,
                "total": 0
              }
            },
            {
              "batter": "SE Marsh",
              "bowler": "M Morkel",
              "non_striker": "M Vijay",
              "runs": {
                "batter": 0,
                "extras": 0,
                "total": 0
              }
            },
            {
              "batter": "SE Marsh",
              "bowler": "M Morkel",
              "non_striker": "M Vijay",
              "runs": {
                "batter": 1,
                "extras": 0,
                "total": 1
              }
            }
          ]
        },
        {
          "over": 6,
          "deliveries": [
            {
              "batter": "SE Marsh",
              "bowler": "SP Narine",
              "non_striker": "M Vijay",
              "runs": {
                "batter": 0,
                "extras": 0,
                "total": 0
              }
            },
            {
              "batter": "SE Marsh",
              "bowler": "SP Narine",
              "non_striker": "M Vijay",
              "runs": {
                "batter": 1,
                "extras": 0,
                "total": 1
              }
            },
            {
              "batter": "M Vijay",
              "bowler": "SP Narine",
              "non_striker": "SE Marsh",
              "runs": {
                "batter": 0,
                "extras": 0,
                "total": 0
              }
            },
            {
              "batter": "M Vijay",
              "bowler": "SP Narine",
              "non_striker": "SE Marsh",
              "runs": {
                "batter": 1,
                "extras": 0,
                "total": 1
              }
            },
            {
              "batter": "SE Marsh",
              "bowler": "SP Narine",
              "non_striker": "M Vijay",
              "runs": {
                "batter": 0,
                "extras": 0,
                "total": 0
              }
            },
            {
              "batter": "SE Marsh",
              "bowler": "SP Narine",
              "non_striker": "M Vijay",
              "runs": {
                "batter": 1,
                "extras": 0,
                "total": 1
              }
            }
          ]
        },
        {
          "over": 7,
          "deliveries": [
            {
              "batter": "SE Marsh",
              "bowler": "PP Chawla",
              "non_striker": "M Vijay",
              "runs": {
                "batter": 1,
                "extras": 0,
                "total": 1
              }
            },
            {
              "batter": "M Vijay",
              "bowler": "PP Chawla",
              "non_striker": "SE Marsh",
              "runs": {
                "batter": 1,
                "extras": 0,
                "total": 1
              }
            },
            {
              "batter": "SE Marsh",
              "bowler": "PP Chawla",
              "non_striker": "M Vijay",
              "runs": {
                "batter": 1,
                "extras": 0,
                "total": 1
              }
            },
            {
              "batter": "M Vijay",
              "bowler": "PP Chawla",
              "non_striker": "SE Marsh",
              "runs": {
                "batter": 0,
                "extras": 0,
                "total": 0
              }
            },
            {
              "batter": "M Vijay",
              "bowler": "PP Chawla",
              "non_striker": "SE Marsh",
              "runs": {
                "batter": 0,
                "extras": 0,
                "total": 0
              },
              "wickets": [
                {
                  "kind": "bowled",
                  "player_out": "M Vijay"
                }
              ]
            },
            {
              "batter": "WP Saha",
              "bowler": "PP Chawla",
              "non_striker": "SE Marsh",
              "runs": {
                "batter": 1,
                "extras": 0,
                "total": 1
              }
            }
          ]
        },
        {
          "over": 8,
          "deliveries": [
            {
              "batter": "WP Saha",
              "bowler": "SP Narine",
              "non_striker": "SE Marsh",
              "runs": {
                "batter": 0,
                "extras": 0,
                "total": 0
              }
            },
            {
              "batter": "WP Saha",
              "bowler": "SP Narine",
              "non_striker": "SE Marsh",
              "runs": {
                "batter": 0,
                "extras": 0,
                "total": 0
              }
            },
            {
              "batter": "WP Saha",
              "bowler": "SP Narine",
              "non_striker": "SE Marsh",
              "runs": {
                "batter": 0,
                "extras": 0,
                "total": 0
              }
            },
            {
              "batter": "WP Saha",
              "bowler": "SP Narine",
              "non_striker": "SE Marsh",
              "runs": {
                "batter": 0,
                "extras": 0,
                "total": 0
              }
            },
            {
              "batter": "WP Saha",
              "bowler": "SP Narine",
              "non_striker": "SE Marsh",
              "runs": {
                "batter": 2,
                "extras": 0,
                "total": 2
              }
            },
            {
              "batter": "WP Saha",
              "bowler": "SP Narine",
              "extras": {
                "wides": 1
              },
              "non_striker": "SE Marsh",
              "runs": {
                "batter": 0,
                "extras": 1,
                "total": 1
              }
            },
            {
              "batter": "WP Saha",
              "bowler": "SP Narine",
              "non_striker": "SE Marsh",
              "runs": {
                "batter": 1,
                "extras": 0,
                "total": 1
              }
            }
          ]
        },
        {
          "over": 9,
          "deliveries": [
            {
              "batter": "WP Saha",
              "bowler": "PP Chawla",
              "non_striker": "SE Marsh",
              "runs": {
                "batter": 0,
                "extras": 0,
                "total": 0
              }
            },
            {
              "batter": "WP Saha",
              "bowler": "PP Chawla",
              "non_striker": "SE Marsh",
              "runs": {
                "batter": 0,
                "extras": 0,
                "total": 0
              }
            },
            {
              "batter": "WP Saha",
              "bowler": "PP Chawla",
              "non_striker": "SE Marsh",
              "runs": {
                "batter": 1,
                "extras": 0,
                "total": 1
              }
            },
            {
              "batter": "SE Marsh",
              "bowler": "PP Chawla",
              "non_striker": "WP Saha",
              "runs": {
                "batter": 1,
                "extras": 0,
                "total": 1
              }
            },
            {
              "batter": "WP Saha",
              "bowler": "PP Chawla",
              "non_striker": "SE Marsh",
              "runs": {
                "batter": 0,
                "extras": 0,
                "total": 0
              }
            },
            {
              "batter": "WP Saha",
              "bowler": "PP Chawla",
              "non_striker": "SE Marsh",
              "runs": {
                "batter": 2,
                "extras": 0,
                "total": 2
              }
            }
          ]
        },
        {
          "over": 10,
          "deliveries": [
            {
              "batter": "SE Marsh",
              "bowler": "SP Narine",
              "non_striker": "WP Saha",
              "runs": {
                "batter": 1,
                "extras": 0,
                "total": 1
              }
            },
            {
              "batter": "WP Saha",
              "bowler": "SP Narine",
              "non_striker": "SE Marsh",
              "runs": {
                "batter": 1,
                "extras": 0,
                "total": 1
              }
            },
            {
              "batter": "SE Marsh",
              "bowler": "SP Narine",
              "extras": {
                "legbyes": 1
              },
              "non_striker": "WP Saha",
              "runs": {
                "batter": 0,
                "extras": 1,
                "total": 1
              }
            },
            {
              "batter": "WP Saha",
              "bowler": "SP Narine",
              "non_striker": "SE Marsh",
              "runs": {
                "batter": 0,
                "extras": 0,
                "total": 0
              },
              "wickets": [
                {
                  "kind": "caught",
                  "player_out": "WP Saha",
                  "fielders": [
                    {
                      "name": "RV Uthappa"
                    }
                  ]
                }
              ]
            },
            {
              "batter": "DA Miller",
              "bowler": "SP Narine",
              "non_striker": "SE Marsh",
              "runs": {
                "batter": 1,
                "extras": 0,
                "total": 1
              }
            },
            {
              "batter": "SE Marsh",
              "bowler": "SP Narine",
              "non_striker": "DA Miller",
              "runs": {
                "batter": 2,
                "extras": 0,
                "total": 2
              }
            }
          ]
        },
        {
          "over": 11,
          "deliveries": [
            {
              "batter": "DA Miller",
              "bowler": "PP Chawla",
              "non_striker": "SE Marsh",
              "runs": {
                "batter": 4,
                "extras": 0,
                "total": 4
              }
            },
            {
              "batter": "DA Miller",
              "bowler": "PP Chawla",
              "non_striker": "SE Marsh",
              "runs": {
                "batter": 0,
                "extras": 0,
                "total": 0
              }
            },
            {
              "batter": "DA Miller",
              "bowler": "PP Chawla",
              "extras": {
                "wides": 1
              },
              "non_striker": "SE Marsh",
              "runs": {
                "batter": 0,
                "extras": 1,
                "total": 1
              }
            },
            {
              "batter": "DA Miller",
              "bowler": "PP Chawla",
              "non_striker": "SE Marsh",
              "runs": {
                "batter": 0,
                "extras": 0,
                "total": 0
              }
            },
            {
              "batter": "DA Miller",
              "bowler": "PP Chawla",
              "non_striker": "SE Marsh",
              "runs": {
                "batter": 1,
                "extras": 0,
                "total": 1
              }
            },
            {
              "batter": "SE Marsh",
              "bowler": "PP Chawla",
              "non_striker": "DA Miller",
              "runs": {
                "batter": 0,
                "extras": 0,
                "total": 0
              }
            },
            {
              "batter": "SE Marsh",
              "bowler": "PP Chawla",
              "non_striker": "DA Miller",
              "runs": {
                "batter": 4,
                "extras": 0,
                "total": 4
              }
            }
          ]
        },
        {
          "over": 12,
          "deliveries": [
            {
              "batter": "DA Miller",
              "bowler": "YK Pathan",
              "non_striker": "SE Marsh",
              "runs": {
                "batter": 0,
                "extras": 0,
                "total": 0
              },
              "wickets": [
                {
                  "kind": "caught",
                  "player_out": "DA Miller",
                  "fielders": [
                    {
                      "name": "RV Uthappa"
                    }
                  ]
                }
              ]
            },
            {
              "batter": "GJ Maxwell",
              "bowler": "YK Pathan",
              "extras": {
                "wides": 1
              },
              "non_striker": "SE Marsh",
              "runs": {
                "batter": 0,
                "extras": 1,
                "total": 1
              }
            },
            {
              "batter": "GJ Maxwell",
              "bowler": "YK Pathan",
              "non_striker": "SE Marsh",
              "runs": {
                "batter": 1,
                "extras": 0,
                "total": 1
              }
            },
            {
              "batter": "SE Marsh",
              "bowler": "YK Pathan",
              "non_striker": "GJ Maxwell",
              "runs": {
                "batter": 1,
                "extras": 0,
                "total": 1
              }
            },
            {
              "batter": "GJ Maxwell",
              "bowler": "YK Pathan",
              "extras": {
                "wides": 1
              },
              "non_striker": "SE Marsh",
              "runs": {
                "batter": 0,
                "extras": 1,
                "total": 1
              }
            },
            {
              "batter": "GJ Maxwell",
              "bowler": "YK Pathan",
              "non_striker": "SE Marsh",
              "runs": {
                "batter": 0,
                "extras": 0,
                "total": 0
              }
            },
            {
              "batter": "GJ Maxwell",
              "bowler": "YK Pathan",
              "non_striker": "SE Marsh",
              "runs": {
                "batter": 1,
                "extras": 0,
                "total": 1
              }
            },
            {
              "batter": "SE Marsh",
              "bowler": "YK Pathan",
              "non_striker": "GJ Maxwell",
              "runs": {
                "batter": 1,
                "extras": 0,
                "total": 1
              }
            }
          ]
        },
        {
          "over": 13,
          "deliveries": [
            {
              "batter": "SE Marsh",
              "bowler": "Shakib Al Hasan",
              "non_striker": "GJ Maxwell",
              "runs": {
                "batter": 0,
                "extras": 0,
                "total": 0
              }
            },
            {
              "batter": "SE Marsh",
              "bowler": "Shakib Al Hasan",
              "non_striker": "GJ Maxwell",
              "runs": {
                "batter": 4,
                "extras": 0,
                "total": 4
              }
            },
            {
              "batter": "SE Marsh",
              "bowler": "Shakib Al Hasan",
              "extras": {
                "legbyes": 1
              },
              "non_striker": "GJ Maxwell",
              "runs": {
                "batter": 0,
                "extras": 1,
                "total": 1
              }
            },
            {
              "batter": "GJ Maxwell",
              "bowler": "Shakib Al Hasan",
              "non_striker": "SE Marsh",
              "runs": {
                "batter": 0,
                "extras": 0,
                "total": 0
              }
            },
            {
              "batter": "GJ Maxwell",
              "bowler": "Shakib Al Hasan",
              "non_striker": "SE Marsh",
              "runs": {
                "batter": 1,
                "extras": 0,
                "total": 1
              }
            },
            {
              "batter": "SE Marsh",
              "bowler": "Shakib Al Hasan",
              "non_striker": "GJ Maxwell",
              "runs": {
                "batter": 1,
                "extras": 0,
                "total": 1
              }
            }
          ]
        },
        {
          "over": 14,
          "deliveries": [
            {
              "batter": "SE Marsh",
              "bowler": "SP Narine",
              "non_striker": "GJ Maxwell",
              "runs": {
                "batter": 1,
                "extras": 0,
                "total": 1
              }
            },
            {
              "batter": "GJ Maxwell",
              "bowler": "SP Narine",
              "non_striker": "SE Marsh",
              "runs": {
                "batter": 1,
                "extras": 0,
                "total": 1
              }
            },
            {
              "batter": "SE Marsh",
              "bowler": "SP Narine",
              "non_striker": "GJ Maxwell",
              "runs": {
                "batter": 4,
                "extras": 0,
                "total": 4
              }
            },
            {
              "batter": "SE Marsh",
              "bowler": "SP Narine",
              "non_striker": "GJ Maxwell",
              "runs": {
                "batter": 3,
                "extras": 0,
                "total": 3
              }
            },
            {
              "batter": "GJ Maxwell",
              "bowler": "SP Narine",
              "non_striker": "SE Marsh",
              "runs": {
                "batter": 0,
                "extras": 0,
                "total": 0
              },
              "wickets": [
                {
                  "kind": "caught",
                  "player_out": "GJ Maxwell",
                  "fielders": [
                    {
                      "name": "PP Chawla"
                    }
                  ]
                }
              ]
            },
            {
              "batter": "AR Patel",
              "bowler": "SP Narine",
              "non_striker": "SE Marsh",
              "runs": {
                "batter": 1,
                "extras": 0,
                "total": 1
              }
            }
          ]
        },
        {
          "over": 15,
          "deliveries": [
            {
              "batter": "AR Patel",
              "bowler": "Shakib Al Hasan",
              "non_striker": "SE Marsh",
              "runs": {
                "batter": 2,
                "extras": 0,
                "total": 2
              }
            },
            {
              "batter": "AR Patel",
              "bowler": "Shakib Al Hasan",
              "non_striker": "SE Marsh",
              "runs": {
                "batter": 1,
                "extras": 0,
                "total": 1
              }
            },
            {
              "batter": "SE Marsh",
              "bowler": "Shakib Al Hasan",
              "non_striker": "AR Patel",
              "runs": {
                "batter": 1,
                "extras": 0,
                "total": 1
              }
            },
            {
              "batter": "AR Patel",
              "bowler": "Shakib Al Hasan",
              "non_striker": "SE Marsh",
              "runs": {
                "batter": 1,
                "extras": 0,
                "total": 1
              }
            },
            {
              "batter": "SE Marsh",
              "bowler": "Shakib Al Hasan",
              "non_striker": "AR Patel",
              "runs": {
                "batter": 0,
                "extras": 0,
                "total": 0
              }
            },
            {
              "batter": "SE Marsh",
              "bowler": "Shakib Al Hasan",
              "non_striker": "AR Patel",
              "runs": {
                "batter": 2,
                "extras": 0,
                "total": 2
              }
            }
          ]
        },
        {
          "over": 16,
          "deliveries": [
            {
              "batter": "AR Patel",
              "bowler": "UT Yadav",
              "non_striker": "SE Marsh",
              "runs": {
                "batter": 1,
                "extras": 0,
                "total": 1
              }
            },
            {
              "batter": "SE Marsh",
              "bowler": "UT Yadav",
              "non_striker": "AR Patel",
              "runs": {
                "batter": 1,
                "extras": 0,
                "total": 1
              }
            },
            {
              "batter": "AR Patel",
              "bowler": "UT Yadav",
              "non_striker": "SE Marsh",
              "runs": {
                "batter": 2,
                "extras": 0,
                "total": 2
              }
            },
            {
              "batter": "AR Patel",
              "bowler": "UT Yadav",
              "non_striker": "SE Marsh",
              "runs": {
                "batter": 1,
                "extras": 0,
                "total": 1
              }
            },
            {
              "batter": "SE Marsh",
              "bowler": "UT Yadav",
              "non_striker": "AR Patel",
              "runs": {
                "batter": 1,
                "extras": 0,
                "total": 1
              }
            },
            {
              "batter": "AR Patel",
              "bowler": "UT Yadav",
              "non_striker": "SE Marsh",
              "runs": {
                "batter": 0,
                "extras": 0,
                "total": 0
              },
              "wickets": [
                {
                  "kind": "caught",
                  "player_out": "AR Patel",
                  "fielders": [
                    {
                      "name": "SA Yadav"
                    }
                  ]
                }
              ]
            }
          ]
        },
        {
          "over": 17,
          "deliveries": [
            {
              "batter": "SE Marsh",
              "bowler": "M Morkel",
              "non_striker": "MM Sharma",
              "runs": {
                "batter": 4,
                "extras": 0,
                "total": 4
              }
            },
            {
              "batter": "SE Marsh",
              "bowler": "M Morkel",
              "non_striker": "MM Sharma",
              "runs": {
                "batter": 1,
                "extras": 0,
                "total": 1
              }
            },
            {
              "batter": "MM Sharma",
              "bowler": "M Morkel",
              "non_striker": "SE Marsh",
              "runs": {
                "batter": 0,
                "extras": 0,
                "total": 0
              }
            },
            {
              "batter": "MM Sharma",
              "bowler": "M Morkel",
              "non_striker": "SE Marsh",
              "runs": {
                "batter": 1,
                "extras": 0,
                "total": 1
              }
            },
            {
              "batter": "SE Marsh",
              "bowler": "M Morkel",
              "non_striker": "MM Sharma",
              "runs": {
                "batter": 1,
                "extras": 0,
                "total": 1
              }
            },
            {
              "batter": "MM Sharma",
              "bowler": "M Morkel",
              "non_striker": "SE Marsh",
              "runs": {
                "batter": 0,
                "extras": 0,
                "total": 0
              },
              "wickets": [
                {
                  "kind": "caught",
                  "player_out": "MM Sharma",
                  "fielders": [
                    {
                      "name": "RV Uthappa"
                    }
                  ]
                }
              ]
            }
          ]
        },
        {
          "over": 18,
          "deliveries": [
            {
              "batter": "SE Marsh",
              "bowler": "UT Yadav",
              "non_striker": "P Sahu",
              "runs": {
                "batter": 1,
                "extras": 0,
                "total": 1
              }
            },
            {
              "batter": "P Sahu",
              "bowler": "UT Yadav",
              "non_striker": "SE Marsh",
              "runs": {
                "batter": 1,
                "extras": 0,
                "total": 1
              }
            },
            {
              "batter": "SE Marsh",
              "bowler": "UT Yadav",
              "non_striker": "P Sahu",
              "runs": {
                "batter": 1,
                "extras": 0,
                "total": 1
              },
              "wickets": [
                {
                  "kind": "run out",
                  "player_out": "P Sahu",
                  "fielders": [
                    {
                      "name": "AD Russell"
                    },
                    {
                      "name": "RV Uthappa"
                    }
                  ]
                }
              ]
            },
            {
              "batter": "KJ Abbott",
              "bowler": "UT Yadav",
              "non_striker": "SE Marsh",
              "runs": {
                "batter": 2,
                "extras": 0,
                "total": 2
              }
            },
            {
              "batter": "KJ Abbott",
              "bowler": "UT Yadav",
              "non_striker": "SE Marsh",
              "runs": {
                "batter": 0,
                "extras": 0,
                "total": 0
              }
            },
            {
              "batter": "KJ Abbott",
              "bowler": "UT Yadav",
              "non_striker": "SE Marsh",
              "runs": {
                "batter": 0,
                "extras": 0,
                "total": 0
              }
            }
          ]
        },
        {
          "over": 19,
          "deliveries": [
            {
              "batter": "SE Marsh",
              "bowler": "AD Russell",
              "non_striker": "KJ Abbott",
              "runs": {
                "batter": 1,
                "extras": 0,
                "total": 1
              }
            },
            {
              "batter": "KJ Abbott",
              "bowler": "AD Russell",
              "non_striker": "SE Marsh",
              "runs": {
                "batter": 1,
                "extras": 0,
                "total": 1
              }
            },
            {
              "batter": "SE Marsh",
              "bowler": "AD Russell",
              "non_striker": "KJ Abbott",
              "runs": {
                "batter": 6,
                "extras": 0,
                "total": 6
              }
            },
            {
              "batter": "SE Marsh",
              "bowler": "AD Russell",
              "non_striker": "KJ Abbott",
              "runs": {
                "batter": 1,
                "extras": 0,
                "total": 1
              }
            },
            {
              "batter": "KJ Abbott",
              "bowler": "AD Russell",
              "non_striker": "SE Marsh",
              "runs": {
                "batter": 6,
                "extras": 0,
                "total": 6
              }
            },
            {
              "batter": "KJ Abbott",
              "bowler": "AD Russell",
              "non_striker": "SE Marsh",
              "runs": {
                "batter": 3,
                "extras": 0,
                "total": 3
              }
            }
          ]
        }
      ],
      "powerplays": [
        {
          "from": 0.1,
          "to": 5.6,
          "type": "mandatory"
        }
      ]
    },
    {
      "team": "Kolkata Knight Riders",
      "overs": [
        {
          "over": 0,
          "deliveries": [
            {
              "batter": "RV Uthappa",
              "bowler": "Sandeep Sharma",
              "non_striker": "G Gambhir",
              "runs": {
                "batter": 4,
                "extras": 0,
                "total": 4
              }
            },
            {
              "batter": "RV Uthappa",
              "bowler": "Sandeep Sharma",
              "extras": {
                "legbyes": 4
              },
              "non_striker": "G Gambhir",
              "runs": {
                "batter": 0,
                "extras": 4,
                "total": 4
              }
            },
            {
              "batter": "RV Uthappa",
              "bowler": "Sandeep Sharma",
              "non_striker": "G Gambhir",
              "runs": {
                "batter": 1,
                "extras": 0,
                "total": 1
              }
            },
            {
              "batter": "G Gambhir",
              "bowler": "Sandeep Sharma",
              "non_striker": "RV Uthappa",
              "runs": {
                "batter": 1,
                "extras": 0,
                "total": 1
              }
            },
            {
              "batter": "RV Uthappa",
              "bowler": "Sandeep Sharma",
              "non_striker": "G Gambhir",
              "runs": {
                "batter": 1,
                "extras": 0,
                "total": 1
              }
            },
            {
              "batter": "G Gambhir",
              "bowler": "Sandeep Sharma",
              "non_striker": "RV Uthappa",
              "runs": {
                "batter": 1,
                "extras": 0,
                "total": 1
              }
            }
          ]
        },
        {
          "over": 1,
          "deliveries": [
            {
              "batter": "G Gambhir",
              "bowler": "KJ Abbott",
              "non_striker": "RV Uthappa",
              "runs": {
                "batter": 0,
                "extras": 0,
                "total": 0
              }
            },
            {
              "batter": "G Gambhir",
              "bowler": "KJ Abbott",
              "non_striker": "RV Uthappa",
              "runs": {
                "batter": 1,
                "extras": 0,
                "total": 1
              }
            },
            {
              "batter": "RV Uthappa",
              "bowler": "KJ Abbott",
              "non_striker": "G Gambhir",
              "runs": {
                "batter": 1,
                "extras": 0,
                "total": 1
              }
            },
            {
              "batter": "G Gambhir",
              "bowler": "KJ Abbott",
              "extras": {
                "wides": 1
              },
              "non_striker": "RV Uthappa",
              "runs": {
                "batter": 0,
                "extras": 1,
                "total": 1
              }
            },
            {
              "batter": "G Gambhir",
              "bowler": "KJ Abbott",
              "non_striker": "RV Uthappa",
              "runs": {
                "batter": 1,
                "extras": 0,
                "total": 1
              }
            },
            {
              "batter": "RV Uthappa",
              "bowler": "KJ Abbott",
              "non_striker": "G Gambhir",
              "runs": {
                "batter": 0,
                "extras": 0,
                "total": 0
              }
            },
            {
              "batter": "RV Uthappa",
              "bowler": "KJ Abbott",
              "non_striker": "G Gambhir",
              "runs": {
                "batter": 4,
                "extras": 0,
                "total": 4
              }
            }
          ]
        },
        {
          "over": 2,
          "deliveries": [
            {
              "batter": "G Gambhir",
              "bowler": "Sandeep Sharma",
              "non_striker": "RV Uthappa",
              "runs": {
                "batter": 1,
                "extras": 0,
                "total": 1
              }
            },
            {
              "batter": "RV Uthappa",
              "bowler": "Sandeep Sharma",
              "non_striker": "G Gambhir",
              "runs": {
                "batter": 4,
                "extras": 0,
                "total": 4
              }
            },
            {
              "batter": "RV Uthappa",
              "bowler": "Sandeep Sharma",
              "non_striker": "G Gambhir",
              "runs": {
                "batter": 0,
                "extras": 0,
                "total": 0
              }
            },
            {
              "batter": "RV Uthappa",
              "bowler": "Sandeep Sharma",
              "non_striker": "G Gambhir",
              "runs": {
                "batter": 2,
                "extras": 0,
                "total": 2
              }
            },
            {
              "batter": "RV Uthappa",
              "bowler": "Sandeep Sharma",
              "non_striker": "G Gambhir",
              "runs": {
                "batter": 2,
                "extras": 0,
                "total": 2
              }
            },
            {
              "batter": "RV Uthappa",
              "bowler": "Sandeep Sharma",
              "non_striker": "G Gambhir",
              "runs": {
                "batter": 4,
                "extras": 0,
                "total": 4
              }
            }
          ]
        },
        {
          "over": 3,
          "deliveries": [
            {
              "batter": "G Gambhir",
              "bowler": "KJ Abbott",
              "non_striker": "RV Uthappa",
              "runs": {
                "batter": 1,
                "extras": 0,
                "total": 1
              }
            },
            {
              "batter": "RV Uthappa",
              "bowler": "KJ Abbott",
              "non_striker": "G Gambhir",
              "runs": {
                "batter": 4,
                "extras": 0,
                "total": 4
              }
            },
            {
              "batter": "RV Uthappa",
              "bowler": "KJ Abbott",
              "non_striker": "G Gambhir",
              "runs": {
                "batter": 1,
                "extras": 0,
                "total": 1
              }
            },
            {
              "batter": "G Gambhir",
              "bowler": "KJ Abbott",
              "non_striker": "RV Uthappa",
              "runs": {
                "batter": 0,
                "extras": 0,
                "total": 0
              }
            },
            {
              "batter": "G Gambhir",
              "bowler": "KJ Abbott",
              "non_striker": "RV Uthappa",
              "runs": {
                "batter": 4,
                "extras": 0,
                "total": 4
              }
            },
            {
              "batter": "G Gambhir",
              "bowler": "KJ Abbott",
              "non_striker": "RV Uthappa",
              "runs": {
                "batter": 1,
                "extras": 0,
                "total": 1
              }
            }
          ]
        },
        {
          "over": 4,
          "deliveries": [
            {
              "batter": "G Gambhir",
              "bowler": "MM Sharma",
              "non_striker": "RV Uthappa",
              "runs": {
                "batter": 0,
                "extras": 0,
                "total": 0
              }
            },
            {
              "batter": "G Gambhir",
              "bowler": "MM Sharma",
              "non_striker": "RV Uthappa",
              "runs": {
                "batter": 1,
                "extras": 0,
                "total": 1
              }
            },
            {
              "batter": "RV Uthappa",
              "bowler": "MM Sharma",
              "non_striker": "G Gambhir",
              "runs": {
                "batter": 0,
                "extras": 0,
                "total": 0
              }
            },
            {
              "batter": "RV Uthappa",
              "bowler": "MM Sharma",
              "extras": {
                "wides": 1
              },
              "non_striker": "G Gambhir",
              "runs": {
                "batter": 0,
                "extras": 1,
                "total": 1
              }
            },
            {
              "batter": "RV Uthappa",
              "bowler": "MM Sharma",
              "non_striker": "G Gambhir",
              "runs": {
                "batter": 4,
                "extras": 0,
                "total": 4
              }
            },
            {
              "batter": "RV Uthappa",
              "bowler": "MM Sharma",
              "non_striker": "G Gambhir",
              "runs": {
                "batter": 4,
                "extras": 0,
                "total": 4
              }
            },
            {
              "batter": "RV Uthappa",
              "bowler": "MM Sharma",
              "non_striker": "G Gambhir",
              "runs": {
                "batter": 1,
                "extras": 0,
                "total": 1
              }
            }
          ]
        },
        {
          "over": 5,
          "deliveries": [
            {
              "batter": "RV Uthappa",
              "bowler": "AR Patel",
              "non_striker": "G Gambhir",
              "runs": {
                "batter": 4,
                "extras": 0,
                "total": 4
              }
            },
            {
              "batter": "RV Uthappa",
              "bowler": "AR Patel",
              "non_striker": "G Gambhir",
              "runs": {
                "batter": 1,
                "extras": 0,
                "total": 1
              }
            },
            {
              "batter": "G Gambhir",
              "bowler": "AR Patel",
              "non_striker": "RV Uthappa",
              "runs": {
                "batter": 1,
                "extras": 0,
                "total": 1
              }
            },
            {
              "batter": "RV Uthappa",
              "bowler": "AR Patel",
              "non_striker": "G Gambhir",
              "runs": {
                "batter": 1,
                "extras": 0,
                "total": 1
              }
            },
            {
              "batter": "G Gambhir",
              "bowler": "AR Patel",
              "non_striker": "RV Uthappa",
              "runs": {
                "batter": 1,
                "extras": 0,
                "total": 1
              }
            },
            {
              "batter": "RV Uthappa",
              "bowler": "AR Patel",
              "non_striker": "G Gambhir",
              "runs": {
                "batter": 2,
                "extras": 0,
                "total": 2
              }
            }
          ]
        },
        {
          "over": 6,
          "deliveries": [
            {
              "batter": "G Gambhir",
              "bowler": "P Sahu",
              "non_striker": "RV Uthappa",
              "runs": {
                "batter": 1,
                "extras": 0,
                "total": 1
              }
            },
            {
              "batter": "RV Uthappa",
              "bowler": "P Sahu",
              "non_striker": "G Gambhir",
              "runs": {
                "batter": 4,
                "extras": 0,
                "total": 4
              }
            },
            {
              "batter": "RV Uthappa",
              "bowler": "P Sahu",
              "non_striker": "G Gambhir",
              "runs": {
                "batter": 1,
                "extras": 0,
                "total": 1
              }
            },
            {
              "batter": "G Gambhir",
              "bowler": "P Sahu",
              "non_striker": "RV Uthappa",
              "runs": {
                "batter": 0,
                "extras": 0,
                "total": 0
              }
            },
            {
              "batter": "G Gambhir",
              "bowler": "P Sahu",
              "non_striker": "RV Uthappa",
              "runs": {
                "batter": 0,
                "extras": 0,
                "total": 0
              }
            },
            {
              "batter": "G Gambhir",
              "bowler": "P Sahu",
              "non_striker": "RV Uthappa",
              "runs": {
                "batter": 1,
                "extras": 0,
                "total": 1
              }
            }
          ]
        },
        {
          "over": 7,
          "deliveries": [
            {
              "batter": "G Gambhir",
              "bowler": "GJ Maxwell",
              "non_striker": "RV Uthappa",
              "runs": {
                "batter": 0,
                "extras": 0,
                "total": 0
              }
            },
            {
              "batter": "G Gambhir",
              "bowler": "GJ Maxwell",
              "non_striker": "RV Uthappa",
              "runs": {
                "batter": 1,
                "extras": 0,
                "total": 1
              }
            },
            {
              "batter": "RV Uthappa",
              "bowler": "GJ Maxwell",
              "non_striker": "G Gambhir",
              "runs": {
                "batter": 1,
                "extras": 0,
                "total": 1
              }
            },
            {
              "batter": "G Gambhir",
              "bowler": "GJ Maxwell",
              "non_striker": "RV Uthappa",
              "runs": {
                "batter": 4,
                "extras": 0,
                "total": 4
              }
            },
            {
              "batter": "G Gambhir",
              "bowler": "GJ Maxwell",
              "extras": {
                "legbyes": 1
              },
              "non_striker": "RV Uthappa",
              "runs": {
                "batter": 0,
                "extras": 1,
                "total": 1
              }
            },
            {
              "batter": "RV Uthappa",
              "bowler": "GJ Maxwell",
              "non_striker": "G Gambhir",
              "runs": {
                "batter": 1,
                "extras": 0,
                "total": 1
              }
            }
          ]
        },
        {
          "over": 8,
          "deliveries": [
            {
              "batter": "RV Uthappa",
              "bowler": "P Sahu",
              "non_striker": "G Gambhir",
              "runs": {
                "batter": 1,
                "extras": 0,
                "total": 1
              }
            },
            {
              "batter": "G Gambhir",
              "bowler": "P Sahu",
              "non_striker": "RV Uthappa",
              "runs": {
                "batter": 1,
                "extras": 0,
                "total": 1
              }
            },
            {
              "batter": "RV Uthappa",
              "bowler": "P Sahu",
              "non_striker": "G Gambhir",
              "runs": {
                "batter": 0,
                "extras": 0,
                "total": 0
              },
              "wickets": [
                {
                  "kind": "lbw",
                  "player_out": "RV Uthappa"
                }
              ]
            },
            {
              "batter": "MK Pandey",
              "bowler": "P Sahu",
              "non_striker": "G Gambhir",
              "runs": {
                "batter": 1,
                "extras": 0,
                "total": 1
              }
            },
            {
              "batter": "G Gambhir",
              "bowler": "P Sahu",
              "non_striker": "MK Pandey",
              "runs": {
                "batter": 0,
                "extras": 0,
                "total": 0
              }
            },
            {
              "batter": "G Gambhir",
              "bowler": "P Sahu",
              "non_striker": "MK Pandey",
              "runs": {
                "batter": 0,
                "extras": 0,
                "total": 0
              }
            }
          ]
        },
        {
          "over": 9,
          "deliveries": [
            {
              "batter": "MK Pandey",
              "bowler": "GJ Maxwell",
              "non_striker": "G Gambhir",
              "runs": {
                "batter": 1,
                "extras": 0,
                "total": 1
              }
            },
            {
              "batter": "G Gambhir",
              "bowler": "GJ Maxwell",
              "non_striker": "MK Pandey",
              "runs": {
                "batter": 2,
                "extras": 0,
                "total": 2
              }
            },
            {
              "batter": "G Gambhir",
              "bowler": "GJ Maxwell",
              "non_striker": "MK Pandey",
              "runs": {
                "batter": 2,
                "extras": 0,
                "total": 2
              }
            },
            {
              "batter": "G Gambhir",
              "bowler": "GJ Maxwell",
              "non_striker": "MK Pandey",
              "runs": {
                "batter": 0,
                "extras": 0,
                "total": 0
              }
            },
            {
              "batter": "G Gambhir",
              "bowler": "GJ Maxwell",
              "non_striker": "MK Pandey",
              "runs": {
                "batter": 4,
                "extras": 0,
                "total": 4
              }
            },
            {
              "batter": "G Gambhir",
              "bowler": "GJ Maxwell",
              "non_striker": "MK Pandey",
              "runs": {
                "batter": 1,
                "extras": 0,
                "total": 1
              }
            }
          ]
        },
        {
          "over": 10,
          "deliveries": [
            {
              "batter": "G Gambhir",
              "bowler": "P Sahu",
              "non_striker": "MK Pandey",
              "runs": {
                "batter": 1,
                "extras": 0,
                "total": 1
              }
            },
            {
              "batter": "MK Pandey",
              "bowler": "P Sahu",
              "non_striker": "G Gambhir",
              "runs": {
                "batter": 1,
                "extras": 0,
                "total": 1
              }
            },
            {
              "batter": "G Gambhir",
              "bowler": "P Sahu",
              "non_striker": "MK Pandey",
              "runs": {
                "batter": 2,
                "extras": 0,
                "total": 2
              }
            },
            {
              "batter": "G Gambhir",
              "bowler": "P Sahu",
              "non_striker": "MK Pandey",
              "runs": {
                "batter": 0,
                "extras": 0,
                "total": 0
              }
            },
            {
              "batter": "G Gambhir",
              "bowler": "P Sahu",
              "non_striker": "MK Pandey",
              "runs": {
                "batter": 0,
                "extras": 0,
                "total": 0
              },
              "wickets": [
                {
                  "kind": "caught",
                  "player_out": "G Gambhir",
                  "fielders": [
                    {
                      "name": "GJ Maxwell"
                    }
                  ]
                }
              ]
            },
            {
              "batter": "MK Pandey",
              "bowler": "P Sahu",
              "non_striker": "Shakib Al Hasan",
              "runs": {
                "batter": 1,
                "extras": 0,
                "total": 1
              }
            }
          ]
        },
        {
          "over": 11,
          "deliveries": [
            {
              "batter": "MK Pandey",
              "bowler": "MM Sharma",
              "non_striker": "Shakib Al Hasan",
              "runs": {
                "batter": 4,
                "extras": 0,
                "total": 4
              }
            },
            {
              "batter": "MK Pandey",
              "bowler": "MM Sharma",
              "non_striker": "Shakib Al Hasan",
              "runs": {
                "batter": 1,
                "extras": 0,
                "total": 1
              }
            },
            {
              "batter": "Shakib Al Hasan",
              "bowler": "MM Sharma",
              "non_striker": "MK Pandey",
              "runs": {
                "batter": 0,
                "extras": 0,
                "total": 0
              }
            },
            {
              "batter": "Shakib Al Hasan",
              "bowler": "MM Sharma",
              "non_striker": "MK Pandey",
              "runs": {
                "batter": 1,
                "extras": 0,
                "total": 1
              }
            },
            {
              "batter": "MK Pandey",
              "bowler": "MM Sharma",
              "non_striker": "Shakib Al Hasan",
              "runs": {
                "batter": 1,
                "extras": 0,
                "total": 1
              }
            },
            {
              "batter": "Shakib Al Hasan",
              "bowler": "MM Sharma",
              "non_striker": "MK Pandey",
              "runs": {
                "batter": 2,
                "extras": 0,
                "total": 2
              }
            }
          ]
        },
        {
          "over": 12,
          "deliveries": [
            {
              "batter": "MK Pandey",
              "bowler": "P Sahu",
              "non_striker": "Shakib Al Hasan",
              "runs": {
                "batter": 0,
                "extras": 0,
                "total": 0
              }
            },
            {
              "batter": "MK Pandey",
              "bowler": "P Sahu",
              "non_striker": "Shakib Al Hasan",
              "runs": {
                "batter": 1,
                "extras": 0,
                "total": 1
              }
            },
            {
              "batter": "Shakib Al Hasan",
              "bowler": "P Sahu",
              "non_striker": "MK Pandey",
              "runs": {
                "batter": 0,
                "extras": 0,
                "total": 0
              }
            },
            {
              "batter": "Shakib Al Hasan",
              "bowler": "P Sahu",
              "non_striker": "MK Pandey",
              "runs": {
                "batter": 0,
                "extras": 0,
                "total": 0
              }
            },
            {
              "batter": "Shakib Al Hasan",
              "bowler": "P Sahu",
              "non_striker": "MK Pandey",
              "runs": {
                "batter": 1,
                "extras": 0,
                "total": 1
              }
            },
            {
              "batter": "MK Pandey",
              "bowler": "P Sahu",
              "non_striker": "Shakib Al Hasan",
              "runs": {
                "batter": 1,
                "extras": 0,
                "total": 1
              }
            }
          ]
        },
        {
          "over": 13,
          "deliveries": [
            {
              "batter": "MK Pandey",
              "bowler": "AR Patel",
              "non_striker": "Shakib Al Hasan",
              "runs": {
                "batter": 0,
                "extras": 0,
                "total": 0
              },
              "wickets": [
                {
                  "kind": "bowled",
                  "player_out": "MK Pandey"
                }
              ]
            },
            {
              "batter": "SA Yadav",
              "bowler": "AR Patel",
              "non_striker": "Shakib Al Hasan",
              "runs": {
                "batter": 0,
                "extras": 0,
                "total": 0
              }
            },
            {
              "batter": "SA Yadav",
              "bowler": "AR Patel",
              "non_striker": "Shakib Al Hasan",
              "runs": {
                "batter": 1,
                "extras": 0,
                "total": 1
              }
            },
            {
              "batter": "Shakib Al Hasan",
              "bowler": "AR Patel",
              "non_striker": "SA Yadav",
              "runs": {
                "batter": 0,
                "extras": 0,
                "total": 0
              }
            },
            {
              "batter": "Shakib Al Hasan",
              "bowler": "AR Patel",
              "non_striker": "SA Yadav",
              "runs": {
                "batter": 1,
                "extras": 0,
                "total": 1
              }
            },
            {
              "batter": "SA Yadav",
              "bowler": "AR Patel",
              "non_striker": "Shakib Al Hasan",
              "runs": {
                "batter": 0,
                "extras": 0,
                "total": 0
              }
            }
          ]
        },
        {
          "over": 14,
          "deliveries": [
            {
              "batter": "Shakib Al Hasan",
              "bowler": "MM Sharma",
              "non_striker": "SA Yadav",
              "runs": {
                "batter": 0,
                "extras": 0,
                "total": 0
              }
            },
            {
              "batter": "Shakib Al Hasan",
              "bowler": "MM Sharma",
              "non_striker": "SA Yadav",
              "runs": {
                "batter": 0,
                "extras": 0,
                "total": 0
              }
            },
            {
              "batter": "Shakib Al Hasan",
              "bowler": "MM Sharma",
              "non_striker": "SA Yadav",
              "runs": {
                "batter": 1,
                "extras": 0,
                "total": 1
              }
            },
            {
              "batter": "SA Yadav",
              "bowler": "MM Sharma",
              "non_striker": "Shakib Al Hasan",
              "runs": {
                "batter": 4,
                "extras": 0,
                "total": 4
              }
            },
            {
              "batter": "SA Yadav",
              "bowler": "MM Sharma",
              "non_striker": "Shakib Al Hasan",
              "runs": {
                "batter": 0,
                "extras": 0,
                "total": 0
              }
            },
            {
              "batter": "SA Yadav",
              "bowler": "MM Sharma",
              "non_striker": "Shakib Al Hasan",
              "runs": {
                "batter": 0,
                "extras": 0,
                "total": 0
              }
            }
          ]
        },
        {
          "over": 15,
          "deliveries": [
            {
              "batter": "Shakib Al Hasan",
              "bowler": "AR Patel",
              "non_striker": "SA Yadav",
              "runs": {
                "batter": 0,
                "extras": 0,
                "total": 0
              }
            },
            {
              "batter": "Shakib Al Hasan",
              "bowler": "AR Patel",
              "non_striker": "SA Yadav",
              "runs": {
                "batter": 1,
                "extras": 0,
                "total": 1
              }
            },
            {
              "batter": "SA Yadav",
              "bowler": "AR Patel",
              "non_striker": "Shakib Al Hasan",
              "runs": {
                "batter": 1,
                "extras": 0,
                "total": 1
              }
            },
            {
              "batter": "Shakib Al Hasan",
              "bowler": "AR Patel",
              "non_striker": "SA Yadav",
              "runs": {
                "batter": 4,
                "extras": 0,
                "total": 4
              }
            },
            {
              "batter": "Shakib Al Hasan",
              "bowler": "AR Patel",
              "non_striker": "SA Yadav",
              "runs": {
                "batter": 0,
                "extras": 0,
                "total": 0
              },
              "wickets": [
                {
                  "kind": "caught",
                  "player_out": "Shakib Al Hasan",
                  "fielders": [
                    {
                      "name": "Sandeep Sharma"
                    }
                  ]
                }
              ]
            },
            {
              "batter": "YK Pathan",
              "bowler": "AR Patel",
              "non_striker": "SA Yadav",
              "runs": {
                "batter": 1,
                "extras": 0,
                "total": 1
              }
            }
          ]
        },
        {
          "over": 16,
          "deliveries": [
            {
              "batter": "YK Pathan",
              "bowler": "KJ Abbott",
              "non_striker": "SA Yadav",
              "runs": {
                "batter": 2,
                "extras": 0,
                "total": 2
              }
            },
            {
              "batter": "YK Pathan",
              "bowler": "KJ Abbott",
              "non_striker": "SA Yadav",
              "runs": {
                "batter": 4,
                "extras": 0,
                "total": 4
              }
            },
            {
              "batter": "YK Pathan",
              "bowler": "KJ Abbott",
              "non_striker": "SA Yadav",
              "runs": {
                "batter": 4,
                "extras": 0,
                "total": 4
              }
            },
            {
              "batter": "YK Pathan",
              "bowler": "KJ Abbott",
              "non_striker": "SA Yadav",
              "runs": {
                "batter": 1,
                "extras": 0,
                "total": 1
              }
            },
            {
              "batter": "SA Yadav",
              "bowler": "KJ Abbott",
              "non_striker": "YK Pathan",
              "runs": {
                "batter": 1,
                "extras": 0,
                "total": 1
              }
            },
            {
              "batter": "YK Pathan",
              "bowler": "KJ Abbott",
              "extras": {
                "wides": 1
              },
              "non_striker": "SA Yadav",
              "runs": {
                "batter": 0,
                "extras": 1,
                "total": 1
              }
            },
            {
              "batter": "YK Pathan",
              "bowler": "KJ Abbott",
              "non_striker": "SA Yadav",
              "runs": {
                "batter": 0,
                "extras": 0,
                "total": 0
              }
            }
          ]
        },
        {
          "over": 17,
          "deliveries": [
            {
              "batter": "SA Yadav",
              "bowler": "MM Sharma",
              "non_striker": "YK Pathan",
              "runs": {
                "batter": 4,
                "extras": 0,
                "total": 4
              }
            }
          ]
        }
      ],
      "powerplays": [
        {
          "from": 0.1,
          "to": 5.6,
          "type": "mandatory"
        }
      ],
      "target": {
        "overs": 20,
        "runs": 139
      }
    }
  ]
}