{
  "meta": {
    "data_version": "1.0.0",
    "created": "2016-05-05",
    "revision": 2
  },
  "info": {
    "balls_per_over": 6,
    "city": "Kolkata",
    "dates": [
      "2016-05-04"
    ],
    "event": {
      "name": "Indian Premier League",
      "match_number": 32
    },
    "gender": "male",
    "match_type": "T20",
    "officials": {
      "match_referees": [
        "Amit Sharma"
      ],
      "reserve_umpires": [
        "R Pandit"
      ],
      "tv_umpires": [
        "CK Nandan"
      ],
      "umpires": [
        "AK Chaudhary",
        "HDPK Dharmasena"
      ]
    },
    "outcome": {
      "winner": "Kolkata Knight Riders",
      "by": {
        "runs": 7
      }
    },
    "overs": 20,
    "player_of_match": [
      "AD Russell"
    ],
    "players": {
      "Kolkata Knight Riders": [
        "RV Uthappa",
        "G Gambhir",
        "YK Pathan",
        "AD Russell",
        "MK Pandey",
        "SA Yadav",
        "Shakib Al Hasan",
        "GB Hogg",
        "PP Chawla",
        "M Morkel",
        "UT Yadav"
      ],
      "Kings XI Punjab": [
        "M Vijay",
        "MP Stoinis",
        "M Vohra",
        "WP Saha",
        "GJ Maxwell",
        "DA Miller",
        "Gurkeerat Singh",
        "AR Patel",
        "Swapnil Singh",
        "MM Sharma",
        "Sandeep Sharma"
      ]
    },
    "registry": {
      "people": {
        "AD Russell": "bbd41817",
        "AK Chaudhary": "fdcc6236",
        "AR Patel": "2e171977",
        "Amit Sharma": "7ea3e0cc",
        "CK Nandan": "012de9c4",
        "DA Miller": "d67d5f00",
        "G Gambhir": "bb345e0b",
        "GB Hogg": "f708a0bc",
        "GJ Maxwell": "b681e71e",
        "Gurkeerat Singh": "6eb146d2",
        "HDPK Dharmasena": "323e4c16",
        "M Morkel": "5bb5a915",
        "M Vijay": "4b57e452",
        "M Vohra": "c03e2850",
        "MK Pandey": "93b4fc78",
        "MM Sharma": "759ac88f",
        "MP Stoinis": "d9273ee7",
        "PP Chawla": "98ae73b1",
        "R Pandit": "8a604384",
        "R Sathish": "626c5379",
        "RV Uthappa": "1c17e270",
        "SA Yadav": "271f83cd",
        "Sandeep Sharma": "ce820073",
        "Shakib Al Hasan": "7dc35884",
        "Swapnil Singh": "983f2f61",
        "UT Yadav": "cc1e8c68",
        "WP Saha": "fe11caa6",
        "YK Pathan": "3c6ffae8"
      }
    },
    "season": "2016",
    "team_type": "club",
    "teams": [
      "Kolkata Knight Riders",
      "Kings XI Punjab"
    ],
    "toss": {
      "decision": "field",
      "winner": "Kings XI Punjab"
    },
    "venue": "Eden Gardens"
  },
  "innings": [
    {
      "team": "Kolkata Knight Riders",
      "overs": [
        {
          "over": 0,
          "deliveries": [
            {
              "batter": "RV Uthappa",
              "bowler": "Sandeep Sharma",
              "non_striker": "G Gambhir",
              "runs": {
                "batter": 0,
                "extras": 0,
                "total": 0
              }
            },
            {
              "batter": "RV Uthappa",
              "bowler": "Sandeep Sharma",
              "non_striker": "G Gambhir",
              "runs": {
                "batter": 1,
                "extras": 0,
                "total": 1
              }
            },
            {
              "batter": "G Gambhir",
              "bowler": "Sandeep Sharma",
              "non_striker": "RV Uthappa",
              "runs": {
                "batter": 0,
                "extras": 0,
                "total": 0
              }
            },
            {
              "batter": "G Gambhir",
              "bowler": "Sandeep Sharma",
              "non_striker": "RV Uthappa",
              "runs": {
                "batter": 0,
                "extras": 0,
                "total": 0
              }
            },
            {
              "batter": "G Gambhir",
              "bowler": "Sandeep Sharma",
              "non_striker": "RV Uthappa",
              "runs": {
                "batter": 0,
                "extras": 0,
                "total": 0
              }
            },
            {
              "batter": "G Gambhir",
              "bowler": "Sandeep Sharma",
              "non_striker": "RV Uthappa",
              "runs": {
                "batter": 1,
                "extras": 0,
                "total": 1
              }
            }
          ]
        },
        {
          "over": 1,
          "deliveries": [
            {
              "batter": "G Gambhir",
              "bowler": "MM Sharma",
              "non_striker": "RV Uthappa",
              "runs": {
                "batter": 0,
                "extras": 0,
                "total": 0
              }
            },
            {
              "batter": "G Gambhir",
              "bowler": "MM Sharma",
              "non_striker": "RV Uthappa",
              "runs": {
                "batter": 4,
                "extras": 0,
                "total": 4
              }
            },
            {
              "batter": "G Gambhir",
              "bowler": "MM Sharma",
              "non_striker": "RV Uthappa",
              "runs": {
                "batter": 0,
                "extras": 0,
                "total": 0
              }
            },
            {
              "batter": "G Gambhir",
              "bowler": "MM Sharma",
              "non_striker": "RV Uthappa",
              "runs": {
                "batter": 1,
                "extras": 0,
                "total": 1
              }
            },
            {
              "batter": "RV Uthappa",
              "bowler": "MM Sharma",
              "non_striker": "G Gambhir",
              "runs": {
                "batter": 1,
                "extras": 0,
                "total": 1
              }
            },
            {
              "batter": "G Gambhir",
              "bowler": "MM Sharma",
              "non_striker": "RV Uthappa",
              "runs": {
                "batter": 4,
                "extras": 0,
                "total": 4
              }
            }
          ]
        },
        {
          "over": 2,
          "deliveries": [
            {
              "batter": "RV Uthappa",
              "bowler": "MP Stoinis",
              "non_striker": "G Gambhir",
              "runs": {
                "batter": 1,
                "extras": 0,
                "total": 1
              }
            },
            {
              "batter": "G Gambhir",
              "bowler": "MP Stoinis",
              "non_striker": "RV Uthappa",
              "runs": {
                "batter": 0,
                "extras": 0,
                "total": 0
              }
            },
            {
              "batter": "G Gambhir",
              "bowler": "MP Stoinis",
              "non_striker": "RV Uthappa",
              "runs": {
                "batter": 0,
                "extras": 0,
                "total": 0
              }
            },
            {
              "batter": "G Gambhir",
              "bowler": "MP Stoinis",
              "non_striker": "RV Uthappa",
              "runs": {
                "batter": 4,
                "extras": 0,
                "total": 4
              }
            },
            {
              "batter": "G Gambhir",
              "bowler": "MP Stoinis",
              "non_striker": "RV Uthappa",
              "runs": {
                "batter": 0,
                "extras": 0,
                "total": 0
              }
            },
            {
              "batter": "G Gambhir",
              "bowler": "MP Stoinis",
              "non_striker": "RV Uthappa",
              "runs": {
                "batter": 4,
                "extras": 0,
                "total": 4
              }
            }
          ]
        },
        {
          "over": 3,
          "deliveries": [
            {
              "batter": "RV Uthappa",
              "bowler": "MM Sharma",
              "non_striker": "G Gambhir",
              "runs": {
                "batter": 4,
                "extras": 0,
                "total": 4
              }
            },
            {
              "batter": "RV Uthappa",
              "bowler": "MM Sharma",
              "non_striker": "G Gambhir",
              "runs": {
                "batter": 1,
                "extras": 0,
                "total": 1
              }
            },
            {
              "batter": "G Gambhir",
              "bowler": "MM Sharma",
              "non_striker": "RV Uthappa",
              "runs": {
                "batter": 1,
                "extras": 0,
                "total": 1
              }
            },
            {
              "batter": "RV Uthappa",
              "bowler": "MM Sharma",
              "non_striker": "G Gambhir",
              "runs": {
                "batter": 1,
                "extras": 0,
                "total": 1
              }
            },
            {
              "batter": "G Gambhir",
              "bowler": "MM Sharma",
              "non_striker": "RV Uthappa",
              "runs": {
                "batter": 1,
                "extras": 0,
                "total": 1
              }
            },
            {
              "batter": "RV Uthappa",
              "bowler": "MM Sharma",
              "non_striker": "G Gambhir",
              "runs": {
                "batter": 1,
                "extras": 0,
                "total": 1
              }
            }
          ]
        },
        {
          "over": 4,
          "deliveries": [
            {
              "batter": "RV Uthappa",
              "bowler": "AR Patel",
              "non_striker": "G Gambhir",
              "runs": {
                "batter": 1,
                "extras": 0,
                "total": 1
              }
            },
            {
              "batter": "G Gambhir",
              "bowler": "AR Patel",
              "non_striker": "RV Uthappa",
              "runs": {
                "batter": 0,
                "extras": 0,
                "total": 0
              }
            },
            {
              "batter": "G Gambhir",
              "bowler": "AR Patel",
              "non_striker": "RV Uthappa",
              "runs": {
                "batter": 0,
                "extras": 0,
                "total": 0
              }
            },
            {
              "batter": "G Gambhir",
              "bowler": "AR Patel",
              "non_striker": "RV Uthappa",
              "runs": {
                "batter": 0,
                "extras": 0,
                "total": 0
              }
            },
            {
              "batter": "G Gambhir",
              "bowler": "AR Patel",
              "non_striker": "RV Uthappa",
              "runs": {
                "batter": 1,
                "extras": 0,
                "total": 1
              }
            },
            {
              "batter": "RV Uthappa",
              "bowler": "AR Patel",
              "non_striker": "G Gambhir",
              "runs": {
                "batter": 0,
                "extras": 0,
                "total": 0
              }
            }
          ]
        },
        {
          "over": 5,
          "deliveries": [
            {
              "batter": "G Gambhir",
              "bowler": "MP Stoinis",
              "non_striker": "RV Uthappa",
              "runs": {
                "batter": 0,
                "extras": 0,
                "total": 0
              }
            },
            {
              "batter": "G Gambhir",
              "bowler": "MP Stoinis",
              "non_striker": "RV Uthappa",
              "runs": {
                "batter": 1,
                "extras": 0,
                "total": 1
              }
            },
            {
              "batter": "RV Uthappa",
              "bowler": "MP Stoinis",
              "non_striker": "G Gambhir",
              "runs": {
                "batter": 1,
                "extras": 0,
                "total": 1
              }
            },
            {
              "batter": "G Gambhir",
              "bowler": "MP Stoinis",
              "non_striker": "RV Uthappa",
              "runs": {
                "batter": 1,
                "extras": 0,
                "total": 1
              }
            },
            {
              "batter": "RV Uthappa",
              "bowler": "MP Stoinis",
              "non_striker": "G Gambhir",
              "runs": {
                "batter": 1,
                "extras": 0,
                "total": 1
              }
            },
            {
              "batter": "G Gambhir",
              "bowler": "MP Stoinis",
              "non_striker": "RV Uthappa",
              "runs": {
                "batter": 4,
                "extras": 0,
                "total": 4
              }
            }
          ]
        },
        {
          "over": 6,
          "deliveries": [
            {
              "batter": "RV Uthappa",
              "bowler": "Swapnil Singh",
              "non_striker": "G Gambhir",
              "runs": {
                "batter": 0,
                "extras": 0,
                "total": 0
              }
            },
            {
              "batter": "RV Uthappa",
              "bowler": "Swapnil Singh",
              "non_striker": "G Gambhir",
              "runs": {
                "batter": 1,
                "extras": 0,
                "total": 1
              }
            },
            {
              "batter": "G Gambhir",
              "bowler": "Swapnil Singh",
              "non_striker": "RV Uthappa",
              "runs": {
                "batter": 0,
                "extras": 0,
                "total": 0
              }
            },
            {
              "batter": "G Gambhir",
              "bowler": "Swapnil Singh",
              "non_striker": "RV Uthappa",
              "runs": {
                "batter": 0,
                "extras": 0,
                "total": 0
              }
            },
            {
              "batter": "G Gambhir",
              "bowler": "Swapnil Singh",
              "non_striker": "RV Uthappa",
              "runs": {
                "batter": 1,
                "extras": 0,
                "total": 1
              }
            },
            {
              "batter": "RV Uthappa",
              "bowler": "Swapnil Singh",
              "non_striker": "G Gambhir",
              "runs": {
                "batter": 1,
                "extras": 0,
                "total": 1
              }
            }
          ]
        },
        {
          "over": 7,
          "deliveries": [
            {
              "batter": "RV Uthappa",
              "bowler": "Gurkeerat Singh",
              "non_striker": "G Gambhir",
              "runs": {
                "batter": 1,
                "extras": 0,
                "total": 1
              }
            },
            {
              "batter": "G Gambhir",
              "bowler": "Gurkeerat Singh",
              "non_striker": "RV Uthappa",
              "runs": {
                "batter": 1,
                "extras": 0,
                "total": 1
              }
            },
            {
              "batter": "RV Uthappa",
              "bowler": "Gurkeerat Singh",
              "non_striker": "G Gambhir",
              "runs": {
                "batter": 0,
                "extras": 0,
                "total": 0
              }
            },
            {
              "batter": "RV Uthappa",
              "bowler": "Gurkeerat Singh",
              "non_striker": "G Gambhir",
              "runs": {
                "batter": 1,
                "extras": 0,
                "total": 1
              }
            },
            {
              "batter": "G Gambhir",
              "bowler": "Gurkeerat Singh",
              "non_striker": "RV Uthappa",
              "runs": {
                "batter": 1,
                "extras": 0,
                "total": 1
              }
            },
            {
              "batter": "RV Uthappa",
              "bowler": "Gurkeerat Singh",
              "non_striker": "G Gambhir",
              "runs": {
                "batter": 4,
                "extras": 0,
                "total": 4
              }
            }
          ]
        },
        {
          "over": 8,
          "deliveries": [
            {
              "batter": "G Gambhir",
              "bowler": "AR Patel",
              "non_striker": "RV Uthappa",
              "runs": {
                "batter": 1,
                "extras": 0,
                "total": 1
              }
            },
            {
              "batter": "RV Uthappa",
              "bowler": "AR Patel",
              "non_striker": "G Gambhir",
              "runs": {
                "batter": 0,
                "extras": 0,
                "total": 0
              }
            },
            {
              "batter": "RV Uthappa",
              "bowler": "AR Patel",
              "non_striker": "G Gambhir",
              "runs": {
                "batter": 2,
                "extras": 0,
                "total": 2
              }
            },
            {
              "batter": "RV Uthappa",
              "bowler": "AR Patel",
              "non_striker": "G Gambhir",
              "runs": {
                "batter": 0,
                "extras": 0,
                "total": 0
              }
            },
            {
              "batter": "RV Uthappa",
              "bowler": "AR Patel",
              "non_striker": "G Gambhir",
              "runs": {
                "batter": 2,
                "extras": 0,
                "total": 2
              }
            },
            {
              "batter": "RV Uthappa",
              "bowler": "AR Patel",
              "non_striker": "G Gambhir",
              "runs": {
                "batter": 6,
                "extras": 0,
                "total": 6
              }
            }
          ]
        },
        {
          "over": 9,
          "deliveries": [
            {
              "batter": "G Gambhir",
              "bowler": "Swapnil Singh",
              "non_striker": "RV Uthappa",
              "runs": {
                "batter": 1,
                "extras": 0,
                "total": 1
              }
            },
            {
              "batter": "RV Uthappa",
              "bowler": "Swapnil Singh",
              "non_striker": "G Gambhir",
              "runs": {
                "batter": 1,
                "extras": 0,
                "total": 1
              }
            },
            {
              "batter": "G Gambhir",
              "bowler": "Swapnil Singh",
              "non_striker": "RV Uthappa",
              "runs": {
                "batter": 1,
                "extras": 0,
                "total": 1
              }
            },
            {
              "batter": "RV Uthappa",
              "bowler": "Swapnil Singh",
              "non_striker": "G Gambhir",
              "runs": {
                "batter": 1,
                "extras": 0,
                "total": 1
              }
            },
            {
              "batter": "G Gambhir",
              "bowler": "Swapnil Singh",
              "non_striker": "RV Uthappa",
              "runs": {
                "batter": 2,
                "extras": 0,
                "total": 2
              }
            },
            {
              "batter": "G Gambhir",
              "bowler": "Swapnil Singh",
              "non_striker": "RV Uthappa",
              "runs": {
                "batter": 6,
                "extras": 0,
                "total": 6
              }
            }
          ]
        },
        {
          "over": 10,
          "deliveries": [
            {
              "batter": "RV Uthappa",
              "bowler": "MP Stoinis",
              "non_striker": "G Gambhir",
              "runs": {
                "batter": 4,
                "extras": 0,
                "total": 4
              }
            },
            {
              "batter": "RV Uthappa",
              "bowler": "MP Stoinis",
              "non_striker": "G Gambhir",
              "runs": {
                "batter": 1,
                "extras": 0,
                "total": 1
              }
            },
            {
              "batter": "G Gambhir",
              "bowler": "MP Stoinis",
              "non_striker": "RV Uthappa",
              "runs": {
                "batter": 1,
                "extras": 0,
                "total": 1
              }
            },
            {
              "batter": "RV Uthappa",
              "bowler": "MP Stoinis",
              "non_striker": "G Gambhir",
              "runs": {
                "batter": 1,
                "extras": 0,
                "total": 1
              }
            },
            {
              "batter": "G Gambhir",
              "bowler": "MP Stoinis",
              "non_striker": "RV Uthappa",
              "runs": {
                "batter": 1,
                "extras": 0,
                "total": 1
              }
            },
            {
              "batter": "RV Uthappa",
              "bowler": "MP Stoinis",
              "non_striker": "G Gambhir",
              "runs": {
                "batter": 1,
                "extras": 0,
                "total": 1
              }
            }
          ]
        },
        {
          "over": 11,
          "deliveries": [
            {
              "batter": "RV Uthappa",
              "bowler": "AR Patel",
              "non_striker": "G Gambhir",
              "runs": {
                "batter": 1,
                "extras": 0,
                "total": 1
              }
            },
            {
              "batter": "G Gambhir",
              "bowler": "AR Patel",
              "non_striker": "RV Uthappa",
              "runs": {
                "batter": 2,
                "extras": 0,
                "total": 2
              }
            },
            {
              "batter": "G Gambhir",
              "bowler": "AR Patel",
              "non_striker": "RV Uthappa",
              "runs": {
                "batter": 0,
                "extras": 0,
                "total": 0
              }
            },
            {
              "batter": "G Gambhir",
              "bowler": "AR Patel",
              "non_striker": "RV Uthappa",
              "runs": {
                "batter": 1,
                "extras": 0,
                "total": 1
              }
            },
            {
              "batter": "RV Uthappa",
              "bowler": "AR Patel",
              "extras": {
                "legbyes": 1
              },
              "non_striker": "G Gambhir",
              "runs": {
                "batter": 0,
                "extras": 1,
                "total": 1
              }
            },
            {
              "batter": "G Gambhir",
              "bowler": "AR Patel",
              "non_striker": "RV Uthappa",
              "runs": {
                "batter": 1,
                "extras": 0,
                "total": 1
              }
            }
          ]
        },
        {
          "over": 12,
          "deliveries": [
            {
              "batter": "G Gambhir",
              "bowler": "GJ Maxwell",
              "non_striker": "RV Uthappa",
              "runs": {
                "batter": 1,
                "extras": 0,
                "total": 1
              }
            },
            {
              "batter": "RV Uthappa",
              "bowler": "GJ Maxwell",
              "non_striker": "G Gambhir",
              "runs": {
                "batter": 0,
                "extras": 0,
                "total": 0
              }
            },
            {
              "batter": "RV Uthappa",
              "bowler": "GJ Maxwell",
              "non_striker": "G Gambhir",
              "runs": {
                "batter": 4,
                "extras": 0,
                "total": 4
              }
            },
            {
              "batter": "RV Uthappa",
              "bowler": "GJ Maxwell",
              "non_striker": "G Gambhir",
              "runs": {
                "batter": 1,
                "extras": 0,
                "total": 1
              }
            },
            {
              "batter": "G Gambhir",
              "bowler": "GJ Maxwell",
              "non_striker": "RV Uthappa",
              "runs": {
                "batter": 4,
                "extras": 0,
                "total": 4
              }
            },
            {
              "batter": "G Gambhir",
              "bowler": "GJ Maxwell",
              "non_striker": "RV Uthappa",
              "runs": {
                "batter": 1,
                "extras": 0,
                "total": 1
              }
            }
          ]
        },
        {
          "over": 13,
          "deliveries": [
            {
              "batter": "G Gambhir",
              "bowler": "Sandeep Sharma",
              "non_striker": "RV Uthappa",
              "runs": {
                "batter": 0,
                "extras": 0,
                "total": 0
              }
            },
            {
              "batter": "G Gambhir",
              "bowler": "Sandeep Sharma",
              "non_striker": "RV Uthappa",
              "runs": {
                "batter": 1,
                "extras": 0,
                "total": 1
              }
            },
            {
              "batter": "RV Uthappa",
              "bowler": "Sandeep Sharma",
              "non_striker": "G Gambhir",
              "runs": {
                "batter": 0,
                "extras": 0,
                "total": 0
              },
              "wickets": [
                {
                  "player_out": "G Gambhir",
                  "kind": "run out"
                }
              ]
            },
            {
              "batter": "RV Uthappa",
              "bowler": "Sandeep Sharma",
              "non_striker": "YK Pathan",
              "runs": {
                "batter": 0,
                "extras": 0,
                "total": 0
              }
            },
            {
              "batter": "RV Uthappa",
              "bowler": "Sandeep Sharma",
              "non_striker": "YK Pathan",
              "runs": {
                "batter": 4,
                "extras": 0,
                "total": 4
              }
            },
            {
              "batter": "RV Uthappa",
              "bowler": "Sandeep Sharma",
              "non_striker": "YK Pathan",
              "runs": {
                "batter": 2,
                "extras": 0,
                "total": 2
              }
            }
          ]
        },
        {
          "over": 14,
          "deliveries": [
            {
              "batter": "YK Pathan",
              "bowler": "Swapnil Singh",
              "non_striker": "RV Uthappa",
              "runs": {
                "batter": 1,
                "extras": 0,
                "total": 1
              }
            },
            {
              "batter": "RV Uthappa",
              "bowler": "Swapnil Singh",
              "non_striker": "YK Pathan",
              "runs": {
                "batter": 1,
                "extras": 0,
                "total": 1
              }
            },
            {
              "batter": "YK Pathan",
              "bowler": "Swapnil Singh",
              "non_striker": "RV Uthappa",
              "runs": {
                "batter": 1,
                "extras": 0,
                "total": 1
              }
            },
            {
              "batter": "RV Uthappa",
              "bowler": "Swapnil Singh",
              "non_striker": "YK Pathan",
              "runs": {
                "batter": 6,
                "extras": 0,
                "total": 6
              }
            },
            {
              "batter": "RV Uthappa",
              "bowler": "Swapnil Singh",
              "non_striker": "YK Pathan",
              "runs": {
                "batter": 4,
                "extras": 0,
                "total": 4
              }
            },
            {
              "batter": "RV Uthappa",
              "bowler": "Swapnil Singh",
              "non_striker": "YK Pathan",
              "runs": {
                "batter": 1,
                "extras": 0,
                "total": 1
              }
            }
          ]
        },
        {
          "over": 15,
          "deliveries": [
            {
              "batter": "RV Uthappa",
              "bowler": "AR Patel",
              "non_striker": "YK Pathan",
              "runs": {
                "batter": 1,
                "extras": 0,
                "total": 1
              }
            },
            {
              "batter": "YK Pathan",
              "bowler": "AR Patel",
              "non_striker": "RV Uthappa",
              "runs": {
                "batter": 1,
                "extras": 0,
                "total": 1
              }
            },
            {
              "batter": "RV Uthappa",
              "bowler": "AR Patel",
              "non_striker": "YK Pathan",
              "runs": {
                "batter": 2,
                "extras": 0,
                "total": 2
              }
            },
            {
              "batter": "RV Uthappa",
              "bowler": "AR Patel",
              "non_striker": "YK Pathan",
              "runs": {
                "batter": 1,
                "extras": 0,
                "total": 1
              }
            },
            {
              "batter": "YK Pathan",
              "bowler": "AR Patel",
              "non_striker": "RV Uthappa",
              "runs": {
                "batter": 1,
                "extras": 0,
                "total": 1
              }
            },
            {
              "batter": "RV Uthappa",
              "bowler": "AR Patel",
              "extras": {
                "legbyes": 1
              },
              "non_striker": "YK Pathan",
              "runs": {
                "batter": 0,
                "extras": 1,
                "total": 1
              }
            }
          ]
        },
        {
          "over": 16,
          "deliveries": [
            {
              "batter": "RV Uthappa",
              "bowler": "MM Sharma",
              "non_striker": "YK Pathan",
              "runs": {
                "batter": 1,
                "extras": 0,
                "total": 1
              }
            },
            {
              "batter": "YK Pathan",
              "bowler": "MM Sharma",
              "non_striker": "RV Uthappa",
              "runs": {
                "batter": 6,
                "extras": 0,
                "total": 6
              }
            },
            {
              "batter": "YK Pathan",
              "bowler": "MM Sharma",
              "non_striker": "RV Uthappa",
              "runs": {
                "batter": 1,
                "extras": 0,
                "total": 1
              }
            },
            {
              "batter": "RV Uthappa",
              "bowler": "MM Sharma",
              "non_striker": "YK Pathan",
              "runs": {
                "batter": 1,
                "extras": 0,
                "total": 1
              }
            },
            {
              "batter": "YK Pathan",
              "bowler": "MM Sharma",
              "non_striker": "RV Uthappa",
              "runs": {
                "batter": 0,
                "extras": 0,
                "total": 0
              },
              "wickets": [
                {
                  "player_out": "RV Uthappa",
                  "kind": "run out"
                }
              ]
            },
            {
              "batter": "YK Pathan",
              "bowler": "MM Sharma",
              "non_striker": "AD Russell",
              "runs": {
                "batter": 1,
                "extras": 0,
                "total": 1
              }
            }
          ]
        },
        {
          "over": 17,
          "deliveries": [
            {
              "batter": "YK Pathan",
              "bowler": "Sandeep Sharma",
              "non_striker": "AD Russell",
              "runs": {
                "batter": 1,
                "extras": 0,
                "total": 1
              }
            },
            {
              "batter": "AD Russell",
              "bowler": "Sandeep Sharma",
              "extras": {
                "wides": 1
              },
              "non_striker": "YK Pathan",
              "runs": {
                "batter": 0,
                "extras": 1,
                "total": 1
              }
            },
            {
              "batter": "AD Russell",
              "bowler": "Sandeep Sharma",
              "extras": {
                "wides": 1
              },
              "non_striker": "YK Pathan",
              "runs": {
                "batter": 0,
                "extras": 1,
                "total": 1
              }
            },
            {
              "batter": "AD Russell",
              "bowler": "Sandeep Sharma",
              "extras": {
                "wides": 1
              },
              "non_striker": "YK Pathan",
              "runs": {
                "batter": 0,
                "extras": 1,
                "total": 1
              }
            },
            {
              "batter": "AD Russell",
              "bowler": "Sandeep Sharma",
              "non_striker": "YK Pathan",
              "runs": {
                "batter": 4,
                "extras": 0,
                "total": 4
              }
            },
            {
              "batter": "AD Russell",
              "bowler": "Sandeep Sharma",
              "non_striker": "YK Pathan",
              "runs": {
                "batter": 1,
                "extras": 0,
                "total": 1
              }
            },
            {
              "batter": "YK Pathan",
              "bowler": "Sandeep Sharma",
              "non_striker": "AD Russell",
              "runs": {
                "batter": 1,
                "extras": 0,
                "total": 1
              }
            },
            {
              "batter": "AD Russell",
              "bowler": "Sandeep Sharma",
              "non_striker": "YK Pathan",
              "runs": {
                "batter": 1,
                "extras": 0,
                "total": 1
              }
            },
            {
              "batter": "YK Pathan",
              "bowler": "Sandeep Sharma",
              "non_striker": "AD Russell",
              "runs": {
                "batter": 1,
                "extras": 0,
                "total": 1
              }
            }
          ]
        },
        {
          "over": 18,
          "deliveries": [
            {
              "batter": "YK Pathan",
              "bowler": "MM Sharma",
              "non_striker": "AD Russell",
              "runs": {
                "batter": 1,
                "extras": 0,
                "total": 1
              }
            },
            {
              "batter": "AD Russell",
              "bowler": "MM Sharma",
              "non_striker": "YK Pathan",
              "runs": {
                "batter": 1,
                "extras": 0,
                "total": 1
              }
            },
            {
              "batter": "YK Pathan",
              "bowler": "MM Sharma",
              "non_striker": "AD Russell",
              "runs": {
                "batter": 1,
                "extras": 0,
                "total": 1
              }
            },
            {
              "batter": "AD Russell",
              "bowler": "MM Sharma",
              "non_striker": "YK Pathan",
              "runs": {
                "batter": 0,
                "extras": 0,
                "total": 0
              }
            },
            {
              "batter": "AD Russell",
              "bowler": "MM Sharma",
              "non_striker": "YK Pathan",
              "runs": {
                "batter": 6,
                "extras": 0,
                "total": 6
              }
            },
            {
              "batter": "AD Russell",
              "bowler": "MM Sharma",
              "non_striker": "YK Pathan",
              "runs": {
                "batter": 1,
                "extras": 0,
                "total": 1
              }
            }
          ]
        },
        {
          "over": 19,
          "deliveries": [
            {
              "batter": "AD Russell",
              "bowler": "Sandeep Sharma",
              "non_striker": "YK Pathan",
              "runs": {
                "batter": 1,
                "extras": 0,
                "total": 1
              }
            },
            {
              "batter": "YK Pathan",
              "bowler": "Sandeep Sharma",
              "non_striker": "AD Russell",
              "runs": {
                "batter": 1,
                "extras": 0,
                "total": 1
              }
            },
            {
              "batter": "AD Russell",
              "bowler": "Sandeep Sharma",
              "non_striker": "YK Pathan",
              "runs": {
                "batter": 1,
                "extras": 0,
                "total": 1
              }
            },
            {
              "batter": "YK Pathan",
              "bowler": "Sandeep Sharma",
              "non_striker": "AD Russell",
              "runs": {
                "batter": 0,
                "extras": 0,
                "total": 0
              }
            },
            {
              "batter": "YK Pathan",
              "bowler": "Sandeep Sharma",
              "non_striker": "AD Russell",
              "runs": {
                "batter": 1,
                "extras": 0,
                "total": 1
              }
            },
            {
              "batter": "AD Russell",
              "bowler": "Sandeep Sharma",
              "non_striker": "YK Pathan",
              "runs": {
                "batter": 0,
                "extras": 0,
                "total": 0
              },
              "wickets": [
                {
                  "player_out": "AD Russell",
                  "kind": "run out"
                }
              ]
            }
          ]
        }
      ],
      "powerplays": [
        {
          "from": 0.1,
          "to": 5.6,
          "type": "mandatory"
        }
      ]
    },
    {
      "team": "Kings XI Punjab",
      "overs": [
        {
          "over": 0,
          "deliveries": [
            {
              "batter": "M Vijay",
              "bowler": "AD Russell",
              "non_striker": "MP Stoinis",
              "runs": {
                "batter": 1,
                "extras": 0,
                "total": 1
              }
            },
            {
              "batter": "MP Stoinis",
              "bowler": "AD Russell",
              "non_striker": "M Vijay",
              "runs": {
                "batter": 0,
                "extras": 0,
                "total": 0
              }
            },
            {
              "batter": "MP Stoinis",
              "bowler": "AD Russell",
              "non_striker": "M Vijay",
              "runs": {
                "batter": 0,
                "extras": 0,
                "total": 0
              }
            },
            {
              "batter": "MP Stoinis",
              "bowler": "AD Russell",
              "non_striker": "M Vijay",
              "runs": {
                "batter": 0,
                "extras": 0,
                "total": 0
              },
              "wickets": [
                {
                  "player_out": "MP Stoinis",
                  "fielders": [
                    {
                      "name": "PP Chawla"
                    }
                  ],
                  "kind": "caught"
                }
              ]
            },
            {
              "batter": "M Vohra",
              "bowler": "AD Russell",
              "extras": {
                "wides": 1
              },
              "non_striker": "M Vijay",
              "runs": {
                "batter": 0,
                "extras": 1,
                "total": 1
              }
            },
            {
              "batter": "M Vohra",
              "bowler": "AD Russell",
              "non_striker": "M Vijay",
              "runs": {
                "batter": 0,
                "extras": 0,
                "total": 0
              }
            },
            {
              "batter": "M Vohra",
              "bowler": "AD Russell",
              "non_striker": "M Vijay",
              "runs": {
                "batter": 0,
                "extras": 0,
                "total": 0
              }
            }
          ]
        },
        {
          "over": 1,
          "deliveries": [
            {
              "batter": "M Vijay",
              "bowler": "M Morkel",
              "non_striker": "M Vohra",
              "runs": {
                "batter": 0,
                "extras": 0,
                "total": 0
              }
            },
            {
              "batter": "M Vijay",
              "bowler": "M Morkel",
              "non_striker": "M Vohra",
              "runs": {
                "batter": 0,
                "extras": 0,
                "total": 0
              }
            },
            {
              "batter": "M Vijay",
              "bowler": "M Morkel",
              "extras": {
                "wides": 1
              },
              "non_striker": "M Vohra",
              "runs": {
                "batter": 0,
                "extras": 1,
                "total": 1
              }
            },
            {
              "batter": "M Vijay",
              "bowler": "M Morkel",
              "non_striker": "M Vohra",
              "runs": {
                "batter": 0,
                "extras": 0,
                "total": 0
              }
            },
            {
              "batter": "M Vijay",
              "bowler": "M Morkel",
              "non_striker": "M Vohra",
              "runs": {
                "batter": 0,
                "extras": 0,
                "total": 0
              }
            },
            {
              "batter": "M Vijay",
              "bowler": "M Morkel",
              "non_striker": "M Vohra",
              "runs": {
                "batter": 0,
                "extras": 0,
                "total": 0
              }
            },
            {
              "batter": "M Vijay",
              "bowler": "M Morkel",
              "non_striker": "M Vohra",
              "runs": {
                "batter": 4,
                "extras": 0,
                "total": 4
              }
            }
          ]
        },
        {
          "over": 2,
          "deliveries": [
            {
              "batter": "M Vohra",
              "bowler": "AD Russell",
              "non_striker": "M Vijay",
              "runs": {
                "batter": 0,
                "extras": 0,
                "total": 0
              }
            },
            {
              "batter": "M Vohra",
              "bowler": "AD Russell",
              "extras": {
                "legbyes": 1
              },
              "non_striker": "M Vijay",
              "runs": {
                "batter": 0,
                "extras": 1,
                "total": 1
              }
            },
            {
              "batter": "M Vijay",
              "bowler": "AD Russell",
              "extras": {
                "byes": 4
              },
              "non_striker": "M Vohra",
              "runs": {
                "batter": 0,
                "extras": 4,
                "total": 4
              }
            },
            {
              "batter": "M Vijay",
              "bowler": "AD Russell",
              "non_striker": "M Vohra",
              "runs": {
                "batter": 0,
                "extras": 0,
                "total": 0
              }
            },
            {
              "batter": "M Vijay",
              "bowler": "AD Russell",
              "non_striker": "M Vohra",
              "runs": {
                "batter": 1,
                "extras": 0,
                "total": 1
              }
            },
            {
              "batter": "M Vohra",
              "bowler": "AD Russell",
              "non_striker": "M Vijay",
              "runs": {
                "batter": 0,
                "extras": 0,
                "total": 0
              },
              "wickets": [
                {
                  "player_out": "M Vohra",
                  "fielders": [
                    {
                      "name": "Shakib Al Hasan"
                    }
                  ],
                  "kind": "caught"
                }
              ]
            }
          ]
        },
        {
          "over": 3,
          "deliveries": [
            {
              "batter": "M Vijay",
              "bowler": "M Morkel",
              "non_striker": "WP Saha",
              "runs": {
                "batter": 0,
                "extras": 0,
                "total": 0
              },
              "wickets": [
                {
                  "player_out": "M Vijay",
                  "fielders": [
                    {
                      "name": "Shakib Al Hasan"
                    }
                  ],
                  "kind": "caught"
                }
              ]
            },
            {
              "batter": "GJ Maxwell",
              "bowler": "M Morkel",
              "non_striker": "WP Saha",
              "runs": {
                "batter": 0,
                "extras": 0,
                "total": 0
              }
            },
            {
              "batter": "GJ Maxwell",
              "bowler": "M Morkel",
              "non_striker": "WP Saha",
              "runs": {
                "batter": 1,
                "extras": 0,
                "total": 1
              }
            },
            {
              "batter": "WP Saha",
              "bowler": "M Morkel",
              "non_striker": "GJ Maxwell",
              "runs": {
                "batter": 0,
                "extras": 0,
                "total": 0
              }
            },
            {
              "batter": "WP Saha",
              "bowler": "M Morkel",
              "non_striker": "GJ Maxwell",
              "runs": {
                "batter": 0,
                "extras": 0,
                "total": 0
              }
            },
            {
              "batter": "WP Saha",
              "bowler": "M Morkel",
              "non_striker": "GJ Maxwell",
              "runs": {
                "batter": 2,
                "extras": 0,
                "total": 2
              }
            }
          ]
        },
        {
          "over": 4,
          "deliveries": [
            {
              "batter": "GJ Maxwell",
              "bowler": "UT Yadav",
              "non_striker": "WP Saha",
              "runs": {
                "batter": 0,
                "extras": 0,
                "total": 0
              }
            },
            {
              "batter": "GJ Maxwell",
              "bowler": "UT Yadav",
              "non_striker": "WP Saha",
              "runs": {
                "batter": 1,
                "extras": 0,
                "total": 1
              }
            },
            {
              "batter": "WP Saha",
              "bowler": "UT Yadav",
              "non_striker": "GJ Maxwell",
              "runs": {
                "batter": 0,
                "extras": 0,
                "total": 0
              }
            },
            {
              "batter": "WP Saha",
              "bowler": "UT Yadav",
              "non_striker": "GJ Maxwell",
              "runs": {
                "batter": 4,
                "extras": 0,
                "total": 4
              }
            },
            {
              "batter": "WP Saha",
              "bowler": "UT Yadav",
              "non_striker": "GJ Maxwell",
              "runs": {
                "batter": 2,
                "extras": 0,
                "total": 2
              }
            },
            {
              "batter": "WP Saha",
              "bowler": "UT Yadav",
              "non_striker": "GJ Maxwell",
              "runs": {
                "batter": 4,
                "extras": 0,
                "total": 4
              }
            }
          ]
        },
        {
          "over": 5,
          "deliveries": [
            {
              "batter": "GJ Maxwell",
              "bowler": "M Morkel",
              "non_striker": "WP Saha",
              "runs": {
                "batter": 4,
                "extras": 0,
                "total": 4
              }
            },
            {
              "batter": "GJ Maxwell",
              "bowler": "M Morkel",
              "non_striker": "WP Saha",
              "runs": {
                "batter": 0,
                "extras": 0,
                "total": 0
              }
            },
            {
              "batter": "GJ Maxwell",
              "bowler": "M Morkel",
              "non_striker": "WP Saha",
              "runs": {
                "batter": 0,
                "extras": 0,
                "total": 0
              }
            },
            {
              "batter": "GJ Maxwell",
              "bowler": "M Morkel",
              "extras": {
                "legbyes": 1
              },
              "non_striker": "WP Saha",
              "runs": {
                "batter": 0,
                "extras": 1,
                "total": 1
              }
            },
            {
              "batter": "WP Saha",
              "bowler": "M Morkel",
              "non_striker": "GJ Maxwell",
              "runs": {
                "batter": 1,
                "extras": 0,
                "total": 1
              }
            },
            {
              "batter": "GJ Maxwell",
              "bowler": "M Morkel",
              "non_striker": "WP Saha",
              "runs": {
                "batter": 4,
                "extras": 0,
                "total": 4
              }
            }
          ]
        },
        {
          "over": 6,
          "deliveries": [
            {
              "batter": "WP Saha",
              "bowler": "UT Yadav",
              "non_striker": "GJ Maxwell",
              "runs": {
                "batter": 0,
                "extras": 0,
                "total": 0
              }
            },
            {
              "batter": "WP Saha",
              "bowler": "UT Yadav",
              "non_striker": "GJ Maxwell",
              "runs": {
                "batter": 1,
                "extras": 0,
                "total": 1
              }
            },
            {
              "batter": "GJ Maxwell",
              "bowler": "UT Yadav",
              "extras": {
                "legbyes": 1
              },
              "non_striker": "WP Saha",
              "runs": {
                "batter": 0,
                "extras": 1,
                "total": 1
              }
            },
            {
              "batter": "WP Saha",
              "bowler": "UT Yadav",
              "non_striker": "GJ Maxwell",
              "runs": {
                "batter": 1,
                "extras": 0,
                "total": 1
              }
            },
            {
              "batter": "GJ Maxwell",
              "bowler": "UT Yadav",
              "extras": {
                "legbyes": 1
              },
              "non_striker": "WP Saha",
              "runs": {
                "batter": 0,
                "extras": 1,
                "total": 1
              }
            },
            {
              "batter": "WP Saha",
              "bowler": "UT Yadav",
              "non_striker": "GJ Maxwell",
              "runs": {
                "batter": 2,
                "extras": 0,
                "total": 2
              }
            }
          ]
        },
        {
          "over": 7,
          "deliveries": [
            {
              "batter": "GJ Maxwell",
              "bowler": "Shakib Al Hasan",
              "non_striker": "WP Saha",
              "runs": {
                "batter": 1,
                "extras": 0,
                "total": 1
              }
            },
            {
              "batter": "WP Saha",
              "bowler": "Shakib Al Hasan",
              "non_striker": "GJ Maxwell",
              "runs": {
                "batter": 2,
                "extras": 0,
                "total": 2
              }
            },
            {
              "batter": "WP Saha",
              "bowler": "Shakib Al Hasan",
              "non_striker": "GJ Maxwell",
              "runs": {
                "batter": 0,
                "extras": 0,
                "total": 0
              }
            },
            {
              "batter": "WP Saha",
              "bowler": "Shakib Al Hasan",
              "non_striker": "GJ Maxwell",
              "runs": {
                "batter": 1,
                "extras": 0,
                "total": 1
              }
            },
            {
              "batter": "GJ Maxwell",
              "bowler": "Shakib Al Hasan",
              "non_striker": "WP Saha",
              "runs": {
                "batter": 1,
                "extras": 0,
                "total": 1
              }
            },
            {
              "batter": "WP Saha",
              "bowler": "Shakib Al Hasan",
              "non_striker": "GJ Maxwell",
              "runs": {
                "batter": 0,
                "extras": 0,
                "total": 0
              }
            }
          ]
        },
        {
          "over": 8,
          "deliveries": [
            {
              "batter": "GJ Maxwell",
              "bowler": "PP Chawla",
              "non_striker": "WP Saha",
              "runs": {
                "batter": 0,
                "extras": 0,
                "total": 0
              }
            },
            {
              "batter": "GJ Maxwell",
              "bowler": "PP Chawla",
              "non_striker": "WP Saha",
              "runs": {
                "batter": 1,
                "extras": 0,
                "total": 1
              }
            },
            {
              "batter": "WP Saha",
              "bowler": "PP Chawla",
              "non_striker": "GJ Maxwell",
              "runs": {
                "batter": 4,
                "extras": 0,
                "total": 4
              }
            },
            {
              "batter": "WP Saha",
              "bowler": "PP Chawla",
              "non_striker": "GJ Maxwell",
              "runs": {
                "batter": 0,
                "extras": 0,
                "total": 0
              }
            },
            {
              "batter": "WP Saha",
              "bowler": "PP Chawla",
              "non_striker": "GJ Maxwell",
              "runs": {
                "batter": 0,
                "extras": 0,
                "total": 0
              }
            },
            {
              "batter": "WP Saha",
              "bowler": "PP Chawla",
              "non_striker": "GJ Maxwell",
              "runs": {
                "batter": 0,
                "extras": 0,
                "total": 0
              },
              "wickets": [
                {
                  "player_out": "WP Saha",
                  "kind": "bowled"
                }
              ]
            }
          ]
        },
        {
          "over": 9,
          "deliveries": [
            {
              "batter": "GJ Maxwell",
              "bowler": "GB Hogg",
              "non_striker": "DA Miller",
              "runs": {
                "batter": 1,
                "extras": 0,
                "total": 1
              }
            },
            {
              "batter": "DA Miller",
              "bowler": "GB Hogg",
              "non_striker": "GJ Maxwell",
              "runs": {
                "batter": 0,
                "extras": 0,
                "total": 0
              }
            },
            {
              "batter": "DA Miller",
              "bowler": "GB Hogg",
              "non_striker": "GJ Maxwell",
              "runs": {
                "batter": 1,
                "extras": 0,
                "total": 1
              }
            },
            {
              "batter": "GJ Maxwell",
              "bowler": "GB Hogg",
              "non_striker": "DA Miller",
              "runs": {
                "batter": 2,
                "extras": 0,
                "total": 2
              }
            },
            {
              "batter": "GJ Maxwell",
              "bowler": "GB Hogg",
              "non_striker": "DA Miller",
              "runs": {
                "batter": 6,
                "extras": 0,
                "total": 6
              }
            },
            {
              "batter": "GJ Maxwell",
              "bowler": "GB Hogg",
              "non_striker": "DA Miller",
              "runs": {
                "batter": 1,
                "extras": 0,
                "total": 1
              }
            }
          ]
        },
        {
          "over": 10,
          "deliveries": [
            {
              "batter": "GJ Maxwell",
              "bowler": "PP Chawla",
              "non_striker": "DA Miller",
              "runs": {
                "batter": 2,
                "extras": 0,
                "total": 2
              }
            },
            {
              "batter": "GJ Maxwell",
              "bowler": "PP Chawla",
              "non_striker": "DA Miller",
              "runs": {
                "batter": 6,
                "extras": 0,
                "total": 6
              }
            },
            {
              "batter": "GJ Maxwell",
              "bowler": "PP Chawla",
              "non_striker": "DA Miller",
              "runs": {
                "batter": 0,
                "extras": 0,
                "total": 0
              }
            },
            {
              "batter": "GJ Maxwell",
              "bowler": "PP Chawla",
              "non_striker": "DA Miller",
              "runs": {
                "batter": 4,
                "extras": 0,
                "total": 4
              }
            },
            {
              "batter": "GJ Maxwell",
              "bowler": "PP Chawla",
              "non_striker": "DA Miller",
              "runs": {
                "batter": 0,
                "extras": 0,
                "total": 0
              }
            },
            {
              "batter": "GJ Maxwell",
              "bowler": "PP Chawla",
              "non_striker": "DA Miller",
              "runs": {
                "batter": 0,
                "extras": 0,
                "total": 0
              }
            }
          ]
        },
        {
          "over": 11,
          "deliveries": [
            {
              "batter": "DA Miller",
              "bowler": "GB Hogg",
              "non_striker": "GJ Maxwell",
              "runs": {
                "batter": 1,
                "extras": 0,
                "total": 1
              }
            },
            {
              "batter": "GJ Maxwell",
              "bowler": "GB Hogg",
              "non_striker": "DA Miller",
              "runs": {
                "batter": 6,
                "extras": 0,
                "total": 6
              }
            },
            {
              "batter": "GJ Maxwell",
              "bowler": "GB Hogg",
              "non_striker": "DA Miller",
              "runs": {
                "batter": 4,
                "extras": 0,
                "total": 4
              }
            },
            {
              "batter": "GJ Maxwell",
              "bowler": "GB Hogg",
              "non_striker": "DA Miller",
              "runs": {
                "batter": 4,
                "extras": 0,
                "total": 4
              }
            },
            {
              "batter": "GJ Maxwell",
              "bowler": "GB Hogg",
              "non_striker": "DA Miller",
              "runs": {
                "batter": 1,
                "extras": 0,
                "total": 1
              }
            },
            {
              "batter": "DA Miller",
              "bowler": "GB Hogg",
              "non_striker": "GJ Maxwell",
              "runs": {
                "batter": 1,
                "extras": 0,
                "total": 1
              }
            }
          ]
        },
        {
          "over": 12,
          "deliveries": [
            {
              "batter": "DA Miller",
              "bowler": "PP Chawla",
              "non_striker": "GJ Maxwell",
              "runs": {
                "batter": 2,
                "extras": 0,
                "total": 2
              }
            },
            {
              "batter": "DA Miller",
              "bowler": "PP Chawla",
              "non_striker": "GJ Maxwell",
              "runs": {
                "batter": 1,
                "extras": 0,
                "total": 1
              }
            },
            {
              "batter": "GJ Maxwell",
              "bowler": "PP Chawla",
              "non_striker": "DA Miller",
              "runs": {
                "batter": 0,
                "extras": 0,
                "total": 0
              }
            },
            {
              "batter": "GJ Maxwell",
              "bowler": "PP Chawla",
              "non_striker": "DA Miller",
              "runs": {
                "batter": 1,
                "extras": 0,
                "total": 1
              }
            },
            {
              "batter": "DA Miller",
              "bowler": "PP Chawla",
              "non_striker": "GJ Maxwell",
              "runs": {
                "batter": 1,
                "extras": 0,
                "total": 1
              }
            },
            {
              "batter": "GJ Maxwell",
              "bowler": "PP Chawla",
              "non_striker": "DA Miller",
              "runs": {
                "batter": 0,
                "extras": 0,
                "total": 0
              }
            }
          ]
        },
        {
          "over": 13,
          "deliveries": [
            {
              "batter": "DA Miller",
              "bowler": "UT Yadav",
              "non_striker": "GJ Maxwell",
              "runs": {
                "batter": 0,
                "extras": 0,
                "total": 0
              }
            },
            {
              "batter": "DA Miller",
              "bowler": "UT Yadav",
              "non_striker": "GJ Maxwell",
              "runs": {
                "batter": 1,
                "extras": 0,
                "total": 1
              }
            },
            {
              "batter": "GJ Maxwell",
              "bowler": "UT Yadav",
              "non_striker": "DA Miller",
              "runs": {
                "batter": 2,
                "extras": 0,
                "total": 2
              }
            },
            {
              "batter": "GJ Maxwell",
              "bowler": "UT Yadav",
              "extras": {
                "wides": 1
              },
              "non_striker": "DA Miller",
              "runs": {
                "batter": 0,
                "extras": 1,
                "total": 1
              }
            },
            {
              "batter": "GJ Maxwell",
              "bowler": "UT Yadav",
              "non_striker": "DA Miller",
              "runs": {
                "batter": 2,
                "extras": 0,
                "total": 2
              }
            },
            {
              "batter": "GJ Maxwell",
              "bowler": "UT Yadav",
              "non_striker": "DA Miller",
              "runs": {
                "batter": 4,
                "extras": 0,
                "total": 4
              }
            },
            {
              "batter": "GJ Maxwell",
              "bowler": "UT Yadav",
              "non_striker": "DA Miller",
              "runs": {
                "batter": 1,
                "extras": 0,
                "total": 1
              }
            }
          ]
        },
        {
          "over": 14,
          "deliveries": [
            {
              "batter": "GJ Maxwell",
              "bowler": "Shakib Al Hasan",
              "non_striker": "DA Miller",
              "runs": {
                "batter": 0,
                "extras": 0,
                "total": 0
              }
            },
            {
              "batter": "GJ Maxwell",
              "bowler": "Shakib Al Hasan",
              "non_striker": "DA Miller",
              "runs": {
                "batter": 6,
                "extras": 0,
                "total": 6
              }
            },
            {
              "batter": "GJ Maxwell",
              "bowler": "Shakib Al Hasan",
              "non_striker": "DA Miller",
              "runs": {
                "batter": 1,
                "extras": 0,
                "total": 1
              }
            },
            {
              "batter": "DA Miller",
              "bowler": "Shakib Al Hasan",
              "non_striker": "GJ Maxwell",
              "runs": {
                "batter": 0,
                "extras": 0,
                "total": 0
              }
            },
            {
              "batter": "DA Miller",
              "bowler": "Shakib Al Hasan",
              "non_striker": "GJ Maxwell",
              "runs": {
                "batter": 1,
                "extras": 0,
                "total": 1
              }
            },
            {
              "batter": "GJ Maxwell",
              "bowler": "Shakib Al Hasan",
              "non_striker": "DA Miller",
              "runs": {
                "batter": 0,
                "extras": 0,
                "total": 0
              }
            }
          ]
        },
        {
          "over": 15,
          "deliveries": [
            {
              "batter": "DA Miller",
              "bowler": "PP Chawla",
              "non_striker": "GJ Maxwell",
              "runs": {
                "batter": 1,
                "extras": 0,
                "total": 1
              }
            },
            {
              "batter": "GJ Maxwell",
              "bowler": "PP Chawla",
              "non_striker": "DA Miller",
              "runs": {
                "batter": 1,
                "extras": 0,
                "total": 1
              }
            },
            {
              "batter": "DA Miller",
              "bowler": "PP Chawla",
              "non_striker": "GJ Maxwell",
              "runs": {
                "batter": 1,
                "extras": 0,
                "total": 1
              }
            },
            {
              "batter": "GJ Maxwell",
              "bowler": "PP Chawla",
              "non_striker": "DA Miller",
              "runs": {
                "batter": 0,
                "extras": 0,
                "total": 0
              },
              "wickets": [
                {
                  "player_out": "GJ Maxwell",
                  "kind": "lbw"
                }
              ]
            },
            {
              "batter": "Gurkeerat Singh",
              "bowler": "PP Chawla",
              "non_striker": "DA Miller",
              "runs": {
                "batter": 0,
                "extras": 0,
                "total": 0
              }
            },
            {
              "batter": "Gurkeerat Singh",
              "bowler": "PP Chawla",
              "extras": {
                "wides": 1
              },
              "non_striker": "DA Miller",
              "runs": {
                "batter": 0,
                "extras": 1,
                "total": 1
              }
            },
            {
              "batter": "Gurkeerat Singh",
              "bowler": "PP Chawla",
              "non_striker": "DA Miller",
              "runs": {
                "batter": 1,
                "extras": 0,
                "total": 1
              }
            }
          ]
        },
        {
          "over": 16,
          "deliveries": [
            {
              "batter": "Gurkeerat Singh",
              "bowler": "Shakib Al Hasan",
              "non_striker": "DA Miller",
              "runs": {
                "batter": 1,
                "extras": 0,
                "total": 1
              }
            },
            {
              "batter": "DA Miller",
              "bowler": "Shakib Al Hasan",
              "non_striker": "Gurkeerat Singh",
              "runs": {
                "batter": 1,
                "extras": 0,
                "total": 1
              }
            },
            {
              "batter": "Gurkeerat Singh",
              "bowler": "Shakib Al Hasan",
              "non_striker": "DA Miller",
              "runs": {
                "batter": 1,
                "extras": 0,
                "total": 1
              }
            },
            {
              "batter": "DA Miller",
              "bowler": "Shakib Al Hasan",
              "non_striker": "Gurkeerat Singh",
              "runs": {
                "batter": 1,
                "extras": 0,
                "total": 1
              }
            },
            {
              "batter": "Gurkeerat Singh",
              "bowler": "Shakib Al Hasan",
              "non_striker": "DA Miller",
              "runs": {
                "batter": 0,
                "extras": 0,
                "total": 0
              }
            },
            {
              "batter": "Gurkeerat Singh",
              "bowler": "Shakib Al Hasan",
              "non_striker": "DA Miller",
              "runs": {
                "batter": 4,
                "extras": 0,
                "total": 4
              }
            }
          ]
        },
        {
          "over": 17,
          "deliveries": [
            {
              "batter": "DA Miller",
              "bowler": "AD Russell",
              "non_striker": "Gurkeerat Singh",
              "runs": {
                "batter": 0,
                "extras": 0,
                "total": 0
              }
            },
            {
              "batter": "DA Miller",
              "bowler": "AD Russell",
              "non_striker": "Gurkeerat Singh",
              "runs": {
                "batter": 0,
                "extras": 0,
                "total": 0
              }
            },
            {
              "batter": "DA Miller",
              "bowler": "AD Russell",
              "non_striker": "Gurkeerat Singh",
              "runs": {
                "batter": 0,
                "extras": 0,
                "total": 0
              },
              "wickets": [
                {
                  "player_out": "DA Miller",
                  "fielders": [
                    {
                      "name": "R Sathish",
                      "substitute": true
                    }
                  ],
                  "kind": "caught"
                }
              ]
            },
            {
              "batter": "Gurkeerat Singh",
              "bowler": "AD Russell",
              "non_striker": "AR Patel",
              "runs": {
                "batter": 1,
                "extras": 0,
                "total": 1
              }
            },
            {
              "batter": "AR Patel",
              "bowler": "AD Russell",
              "non_striker": "Gurkeerat Singh",
              "runs": {
                "batter": 6,
                "extras": 0,
                "total": 6
              }
            },
            {
              "batter": "AR Patel",
              "bowler": "AD Russell",
              "non_striker": "Gurkeerat Singh",
              "runs": {
                "batter": 6,
                "extras": 0,
                "total": 6
              }
            }
          ]
        },
        {
          "over": 18,
          "deliveries": [
            {
              "batter": "Gurkeerat Singh",
              "bowler": "M Morkel",
              "non_striker": "AR Patel",
              "runs": {
                "batter": 1,
                "extras": 0,
                "total": 1
              }
            },
            {
              "batter": "AR Patel",
              "bowler": "M Morkel",
              "non_striker": "Gurkeerat Singh",
              "runs": {
                "batter": 4,
                "extras": 0,
                "total": 4
              }
            },
            {
              "batter": "AR Patel",
              "bowler": "M Morkel",
              "non_striker": "Gurkeerat Singh",
              "runs": {
                "batter": 1,
                "extras": 0,
                "total": 1
              }
            },
            {
              "batter": "Gurkeerat Singh",
              "bowler": "M Morkel",
              "non_striker": "AR Patel",
              "runs": {
                "batter": 1,
                "extras": 0,
                "total": 1
              }
            },
            {
              "batter": "AR Patel",
              "bowler": "M Morkel",
              "non_striker": "Gurkeerat Singh",
              "runs": {
                "batter": 2,
                "extras": 0,
                "total": 2
              }
            },
            {
              "batter": "AR Patel",
              "bowler": "M Morkel",
              "non_striker": "Gurkeerat Singh",
              "runs": {
                "batter": 1,
                "extras": 0,
                "total": 1
              }
            }
          ]
        },
        {
          "over": 19,
          "deliveries": [
            {
              "batter": "AR Patel",
              "bowler": "AD Russell",
              "non_striker": "Gurkeerat Singh",
              "runs": {
                "batter": 1,
                "extras": 0,
                "total": 1
              }
            },
            {
              "batter": "Gurkeerat Singh",
              "bowler": "AD Russell",
              "non_striker": "AR Patel",
              "runs": {
                "batter": 0,
                "extras": 0,
                "total": 0
              },
              "wickets": [
                {
                  "player_out": "AR Patel",
                  "kind": "run out"
                }
              ]
            },
            {
              "batter": "Gurkeerat Singh",
              "bowler": "AD Russell",
              "non_striker": "Swapnil Singh",
              "runs": {
                "batter": 1,
                "extras": 0,
                "total": 1
              },
              "wickets": [
                {
                  "player_out": "Gurkeerat Singh",
                  "fielders": [
                    {
                      "name": "R Sathish",
                      "substitute": true
                    },
                    {
                      "name": "RV Uthappa"
                    }
                  ],
                  "kind": "run out"
                }
              ]
            },
            {
              "batter": "MM Sharma",
              "bowler": "AD Russell",
              "non_striker": "Swapnil Singh",
              "runs": {
                "batter": 1,
                "extras": 0,
                "total": 1
              }
            },
            {
              "batter": "Swapnil Singh",
              "bowler": "AD Russell",
              "non_striker": "MM Sharma",
              "runs": {
                "batter": 0,
                "extras": 0,
                "total": 0
              },
              "wickets": [
                {
                  "player_out": "Swapnil Singh",
                  "kind": "lbw"
                }
              ]
            },
            {
              "batter": "Sandeep Sharma",
              "bowler": "AD Russell",
              "non_striker": "MM Sharma",
              "runs": {
                "batter": 1,
                "extras": 0,
                "total": 1
              }
            }
          ]
        }
      ],
      "powerplays": [
        {
          "from": 0.1,
          "to": 5.6,
          "type": "mandatory"
        }
      ],
      "target": {
        "overs": 20,
        "runs": 165
      }
    }
  ]
}