innings_no,team,player_id,player_name,bat_runs,bat_balls,bat_strike_rate,bowl_balls,bowl_overs,bowl_runs_conceded,bowl_wickets,bowl_economy
1,Chennai Super Kings,dd09ff8e,B Lee,0,0,0.0,24,4.0,35,1,8.75
1,Chennai Super Kings,5fa06777,IK Pathan,0,0,0.0,24,4.0,47,2,11.75
1,Chennai Super Kings,3eac9d95,JDP Oram,13,10,130.0,0,0.0,0,0,0.0
1,Chennai Super Kings,2498e163,JR Hopes,0,0,0.0,24,4.0,53,1,13.25
1,Chennai Super Kings,a1f1829d,K Goel,0,0,0.0,12,2.0,25,0,12.5
1,Chennai Super Kings,48fd7349,MEK Hussey,116,54,214.81,0,0.0,0,0,0.0
1,Chennai Super Kings,d8699ab7,ML Hayden,25,16,156.25,0,0.0,0,0,0.0
1,Chennai Super Kings,4a8a2e3b,MS Dhoni,2,3,66.67,0,0.0,0,0,0.0
1,Chennai Super Kings,b5da6c24,PA Patel,15,10,150.0,0,0.0,0,0,0.0
1,Chennai Super Kings,98ae73b1,PP Chawla,0,0,0.0,6,1.0,19,0,19.0
1,Chennai Super Kings,3576e47e,S Badrinath,31,14,221.43,0,0.0,0,0,0.0
1,Chennai Super Kings,6b8eb6e5,S Sreesanth,0,0,0.0,18,3.0,35,0,11.67
1,Chennai Super Kings,1dc12ab9,SK Raina,32,13,246.15,0,0.0,0,0,0.0
1,Chennai Super Kings,3dba85c2,WA Mota,0,0,0.0,12,2.0,24,1,12.0
2,Kings XI Punjab,5fa06777,IK Pathan,3,5,60.0,0,0.0,0,0,0.0
2,Kings XI Punjab,3eac9d95,JDP Oram,0,0,0.0,24,4.0,37,0,9.25
2,Kings XI Punjab,2498e163,JR Hopes,71,33,215.15,0,0.0,0,0,0.0
2,Kings XI Punjab,9f961c14,Joginder Sharma,0,0,0.0,24,4.0,47,1,11.75
2,Kings XI Punjab,a1f1829d,K Goel,24,19,126.32,0,0.0,0,0,0.0
2,Kings XI Punjab,6b71e6cf,KC Sangakkara,54,33,163.64,0,0.0,0,0,0.0
2,Kings XI Punjab,4ba44e19,M Muralitharan,0,0,0.0,24,4.0,33,1,8.25
2,Kings XI Punjab,ae78bc32,MS Gony,0,0,0.0,24,4.0,42,1,10.5
2,Kings XI Punjab,6ad3a659,P Amarnath,0,0,0.0,24,4.0,42,1,10.5
2,Kings XI Punjab,fdedb37c,SM Katich,21,17,123.53,0,0.0,0,0,0.0
2,Kings XI Punjab,1c914163,Yuvraj Singh,23,13,176.92,0,0.0,0,0,0.0
